datetime_local,G_Wm2,T_cell_C,V_mpp_string_V,I_mpp_string_A,P_mpp_string_W,P_mpp_total_W
2025-01-01 08:00:00+00:00,0.0,27.36,0.0,0.0,0.0,0.0
2025-01-01 09:00:00+00:00,0.0,27.26,0.0,0.0,0.0,0.0
2025-01-01 10:00:00+00:00,0.0,27.19,0.0,0.0,0.0,0.0
2025-01-01 11:00:00+00:00,0.0,27.14,0.0,0.0,0.0,0.0
2025-01-01 12:00:00+00:00,0.0,27.13,0.0,0.0,0.0,0.0
2025-01-01 13:00:00+00:00,3.67,27.12,0.1402,30.1757,4.2318,12.6953
2025-01-01 14:00:00+00:00,73.8,27.36,2.8534,36.3685,103.7751,311.3253
2025-01-01 15:00:00+00:00,226.57,27.58,8.7878,38.5541,338.8065,1016.4196
2025-01-01 16:00:00+00:00,301.73,27.71,11.7107,39.064,457.466,1372.3979
2025-01-01 17:00:00+00:00,391.4,27.82,15.199,39.5096,600.5041,1801.5123
2025-01-01 18:00:00+00:00,470.1,27.9,18.261,39.8086,726.9447,2180.834
2025-01-01 19:00:00+00:00,400.27,27.97,15.5441,39.5164,614.246,1842.738
2025-01-01 20:00:00+00:00,286.35,28.01,11.1125,38.9014,432.2914,1296.8741
2025-01-01 21:00:00+00:00,195.52,27.97,7.5807,38.1837,289.4592,868.3777
2025-01-01 22:00:00+00:00,115.12,27.92,4.4569,37.1452,165.5541,496.6623
2025-01-01 23:00:00+00:00,78.32,27.84,3.0287,36.3809,110.186,330.5581
2025-01-02 00:00:00+00:00,47.38,27.73,1.8292,35.3709,64.7008,194.1023
2025-01-02 01:00:00+00:00,16.12,27.56,0.6199,33.1643,20.5583,61.6748
2025-01-02 02:00:00+00:00,0.0,27.32,0.0,0.0,0.0,0.0
2025-01-02 03:00:00+00:00,0.0,27.24,0.0,0.0,0.0,0.0
2025-01-02 04:00:00+00:00,0.0,27.2,0.0,0.0,0.0,0.0
2025-01-02 05:00:00+00:00,0.0,27.16,0.0,0.0,0.0,0.0
2025-01-02 06:00:00+00:00,0.0,27.11,0.0,0.0,0.0,0.0
2025-01-02 07:00:00+00:00,0.0,27.0,0.0,0.0,0.0,0.0
2025-01-02 08:00:00+00:00,0.0,26.88,0.0,0.0,0.0,0.0
2025-01-02 09:00:00+00:00,0.0,26.81,0.0,0.0,0.0,0.0
2025-01-02 10:00:00+00:00,0.0,26.76,0.0,0.0,0.0,0.0
2025-01-02 11:00:00+00:00,0.0,26.77,0.0,0.0,0.0,0.0
2025-01-02 12:00:00+00:00,0.0,26.81,0.0,0.0,0.0,0.0
2025-01-02 13:00:00+00:00,2.75,26.88,0.1049,29.6326,3.1097,9.3292
2025-01-02 14:00:00+00:00,56.7,27.17,2.1904,35.8706,78.5724,235.7173
2025-01-02 15:00:00+00:00,166.57,27.46,6.4556,37.9839,245.2088,735.6265
2025-01-02 16:00:00+00:00,280.8,27.59,10.8966,38.9571,424.5007,1273.502
2025-01-02 17:00:00+00:00,341.4,27.78,13.2538,39.2743,520.5327,1561.5982
2025-01-02 18:00:00+00:00,393.33,27.89,15.2741,39.503,603.3714,1810.1143
2025-01-02 19:00:00+00:00,577.0,27.98,22.4205,40.1278,899.6835,2699.0506
2025-01-02 20:00:00+00:00,486.17,28.05,18.8863,39.8328,752.2946,2256.8837
2025-01-02 21:00:00+00:00,452.38,28.08,17.5716,39.7044,697.6701,2093.0103
2025-01-02 22:00:00+00:00,427.88,28.08,16.6183,39.6088,658.2315,1974.6944
2025-01-02 23:00:00+00:00,348.15,28.03,13.5164,39.2551,530.5877,1591.7632
2025-01-03 00:00:00+00:00,191.05,27.84,7.407,38.1676,282.7058,848.1175
2025-01-03 01:00:00+00:00,50.25,27.6,1.9404,35.5225,68.9286,206.7859
2025-01-03 02:00:00+00:00,0.0,27.4,0.0,0.0,0.0,0.0
2025-01-03 03:00:00+00:00,0.0,27.3,0.0,0.0,0.0,0.0
2025-01-03 04:00:00+00:00,0.0,27.24,0.0,0.0,0.0,0.0
2025-01-03 05:00:00+00:00,0.0,27.19,0.0,0.0,0.0,0.0
2025-01-03 06:00:00+00:00,0.0,27.09,0.0,0.0,0.0,0.0
2025-01-03 07:00:00+00:00,0.0,26.96,0.0,0.0,0.0,0.0
2025-01-03 08:00:00+00:00,0.0,26.86,0.0,0.0,0.0,0.0
2025-01-03 09:00:00+00:00,0.0,26.79,0.0,0.0,0.0,0.0
2025-01-03 10:00:00+00:00,0.0,26.75,0.0,0.0,0.0,0.0
2025-01-03 11:00:00+00:00,0.0,26.76,0.0,0.0,0.0,0.0
2025-01-03 12:00:00+00:00,0.0,26.76,0.0,0.0,0.0,0.0
2025-01-03 13:00:00+00:00,2.5,26.77,0.0954,29.4611,2.8095,8.4284
2025-01-03 14:00:00+00:00,76.0,26.92,2.9388,36.5287,107.3521,322.0564
2025-01-03 15:00:00+00:00,207.98,27.1,8.0651,38.496,310.4742,931.4227
2025-01-03 16:00:00+00:00,343.7,27.23,13.3432,39.4064,525.8059,1577.4177
2025-01-03 17:00:00+00:00,439.35,27.5,17.0644,39.78,678.8218,2036.4655
2025-01-03 18:00:00+00:00,623.22,27.79,24.2187,40.2895,975.7578,2927.2733
2025-01-03 19:00:00+00:00,709.45,27.99,27.5737,40.4421,1115.1414,3345.4242
2025-01-03 20:00:00+00:00,720.97,28.09,28.022,40.4444,1133.333,3399.9989
2025-01-03 21:00:00+00:00,692.9,28.06,26.9299,40.3924,1087.7634,3263.2903
2025-01-03 22:00:00+00:00,503.0,27.91,19.5411,39.9197,780.0757,2340.227
2025-01-03 23:00:00+00:00,313.73,27.68,12.1774,39.1423,476.6523,1429.9568
2025-01-04 00:00:00+00:00,168.0,27.38,6.5112,38.0185,247.5453,742.6358
2025-01-04 01:00:00+00:00,44.22,27.09,1.7069,35.3756,60.3828,181.1485
2025-01-04 02:00:00+00:00,0.0,26.84,0.0,0.0,0.0,0.0
2025-01-04 03:00:00+00:00,0.0,26.7,0.0,0.0,0.0,0.0
2025-01-04 04:00:00+00:00,0.0,26.64,0.0,0.0,0.0,0.0
2025-01-04 05:00:00+00:00,0.0,26.6,0.0,0.0,0.0,0.0
2025-01-04 06:00:00+00:00,0.0,26.54,0.0,0.0,0.0,0.0
2025-01-04 07:00:00+00:00,0.0,26.47,0.0,0.0,0.0,0.0
2025-01-04 08:00:00+00:00,0.0,26.33,0.0,0.0,0.0,0.0
2025-01-04 09:00:00+00:00,0.0,26.21,0.0,0.0,0.0,0.0
2025-01-04 10:00:00+00:00,0.0,26.14,0.0,0.0,0.0,0.0
2025-01-04 11:00:00+00:00,0.0,26.09,0.0,0.0,0.0,0.0
2025-01-04 12:00:00+00:00,0.0,26.1,0.0,0.0,0.0,0.0
2025-01-04 13:00:00+00:00,2.92,26.11,0.1115,29.9475,3.3389,10.0166
2025-01-04 14:00:00+00:00,50.47,26.29,1.9491,35.833,69.8438,209.5314
2025-01-04 15:00:00+00:00,171.98,26.52,6.6659,38.2558,255.0105,765.0316
2025-01-04 16:00:00+00:00,338.2,26.68,13.1291,39.4973,518.5649,1555.6947
2025-01-04 17:00:00+00:00,582.55,26.86,22.6356,40.3835,914.1062,2742.3187
2025-01-04 18:00:00+00:00,731.35,27.01,28.4248,40.6954,1156.7572,3470.2715
2025-01-04 19:00:00+00:00,686.97,27.07,26.6983,40.5911,1083.7137,3251.141
2025-01-04 20:00:00+00:00,687.7,27.1,26.7268,40.5862,1084.7384,3254.2151
2025-01-04 21:00:00+00:00,635.7,27.11,24.7037,40.4656,999.6512,2998.9537
2025-01-04 22:00:00+00:00,483.75,27.1,18.7917,40.0295,752.2245,2256.6736
2025-01-04 23:00:00+00:00,311.17,27.19,12.0778,39.2344,473.8659,1421.5976
2025-01-05 00:00:00+00:00,172.45,27.33,6.6841,38.0809,254.5371,763.6114
2025-01-05 01:00:00+00:00,47.95,27.43,1.8513,35.4648,65.6573,196.9719
2025-01-05 02:00:00+00:00,0.0,27.32,0.0,0.0,0.0,0.0
2025-01-05 03:00:00+00:00,0.0,27.29,0.0,0.0,0.0,0.0
2025-01-05 04:00:00+00:00,0.0,27.26,0.0,0.0,0.0,0.0
2025-01-05 05:00:00+00:00,0.0,27.16,0.0,0.0,0.0,0.0
2025-01-05 06:00:00+00:00,0.0,27.01,0.0,0.0,0.0,0.0
2025-01-05 07:00:00+00:00,0.0,26.83,0.0,0.0,0.0,0.0
2025-01-05 08:00:00+00:00,0.0,26.64,0.0,0.0,0.0,0.0
2025-01-05 09:00:00+00:00,0.0,26.49,0.0,0.0,0.0,0.0
2025-01-05 10:00:00+00:00,0.0,26.43,0.0,0.0,0.0,0.0
2025-01-05 11:00:00+00:00,0.0,26.42,0.0,0.0,0.0,0.0
2025-01-05 12:00:00+00:00,0.0,26.45,0.0,0.0,0.0,0.0
2025-01-05 13:00:00+00:00,3.28,26.51,0.1253,30.0911,3.7701,11.3104
2025-01-05 14:00:00+00:00,100.93,26.71,3.9063,37.1526,145.1275,435.3824
2025-01-05 15:00:00+00:00,301.45,26.98,11.6997,39.2222,458.8882,1376.6646
2025-01-05 16:00:00+00:00,519.05,27.17,20.1652,40.1311,809.2514,2427.7542
2025-01-05 17:00:00+00:00,689.42,27.35,26.7939,40.5365,1086.132,3258.396
2025-01-05 18:00:00+00:00,797.72,27.55,31.0072,40.7031,1262.0877,3786.263
2025-01-05 19:00:00+00:00,859.6,27.81,33.4144,40.7492,1361.6084,4084.8252
2025-01-05 20:00:00+00:00,845.2,28.0,32.8545,40.6863,1336.7294,4010.1883
2025-01-05 21:00:00+00:00,745.45,28.08,28.9744,40.4948,1173.3115,3519.9345
2025-01-05 22:00:00+00:00,609.78,28.07,23.696,40.1956,952.4725,2857.4175
2025-01-05 23:00:00+00:00,434.7,27.98,16.8837,39.6577,669.5672,2008.7016
2025-01-06 00:00:00+00:00,239.9,27.83,9.3061,38.608,359.2898,1077.8694
2025-01-06 01:00:00+00:00,66.47,27.59,2.5691,36.1015,92.7495,278.2484
2025-01-06 02:00:00+00:00,0.0,27.28,0.0,0.0,0.0,0.0
2025-01-06 03:00:00+00:00,0.0,27.12,0.0,0.0,0.0,0.0
2025-01-06 04:00:00+00:00,0.0,27.04,0.0,0.0,0.0,0.0
2025-01-06 05:00:00+00:00,0.0,26.96,0.0,0.0,0.0,0.0
2025-01-06 06:00:00+00:00,0.0,26.88,0.0,0.0,0.0,0.0
2025-01-06 07:00:00+00:00,0.0,26.78,0.0,0.0,0.0,0.0
2025-01-06 08:00:00+00:00,0.0,26.7,0.0,0.0,0.0,0.0
2025-01-06 09:00:00+00:00,0.0,26.62,0.0,0.0,0.0,0.0
2025-01-06 10:00:00+00:00,0.0,26.55,0.0,0.0,0.0,0.0
2025-01-06 11:00:00+00:00,0.0,26.52,0.0,0.0,0.0,0.0
2025-01-06 12:00:00+00:00,0.0,26.54,0.0,0.0,0.0,0.0
2025-01-06 13:00:00+00:00,3.45,26.59,0.1318,30.1768,3.9777,11.933
2025-01-06 14:00:00+00:00,110.97,27.02,4.296,37.2739,160.1272,480.3816
2025-01-06 15:00:00+00:00,338.75,27.47,13.1507,39.3278,517.1865,1551.5596
2025-01-06 16:00:00+00:00,580.97,27.86,22.5749,40.1645,906.7067,2720.12
2025-01-06 17:00:00+00:00,770.6,28.27,29.9529,40.5016,1213.1426,3639.4277
2025-01-06 18:00:00+00:00,913.25,28.68,35.5021,40.6439,1442.9432,4328.8295
2025-01-06 19:00:00+00:00,1000.35,28.98,38.8897,40.6939,1582.5715,4747.7145
2025-01-06 20:00:00+00:00,984.67,29.15,38.2801,40.6389,1555.6618,4666.9854
2025-01-06 21:00:00+00:00,913.85,29.22,35.526,40.5305,1439.8881,4319.6644
2025-01-06 22:00:00+00:00,772.45,29.23,30.0258,40.3008,1210.0627,3630.188
2025-01-06 23:00:00+00:00,588.1,29.17,22.853,39.9027,911.8967,2735.69
2025-01-07 00:00:00+00:00,333.2,29.03,12.9349,38.9574,503.9102,1511.7307
2025-01-07 01:00:00+00:00,106.15,28.76,4.1085,36.7921,151.1612,453.4836
2025-01-07 02:00:00+00:00,0.0,28.34,0.0,0.0,0.0,0.0
2025-01-07 03:00:00+00:00,0.0,28.1,0.0,0.0,0.0,0.0
2025-01-07 04:00:00+00:00,0.0,27.92,0.0,0.0,0.0,0.0
2025-01-07 05:00:00+00:00,0.0,27.76,0.0,0.0,0.0,0.0
2025-01-07 06:00:00+00:00,0.0,27.62,0.0,0.0,0.0,0.0
2025-01-07 07:00:00+00:00,0.0,27.5,0.0,0.0,0.0,0.0
2025-01-07 08:00:00+00:00,0.0,27.39,0.0,0.0,0.0,0.0
2025-01-07 09:00:00+00:00,0.0,27.29,0.0,0.0,0.0,0.0
2025-01-07 10:00:00+00:00,0.0,27.22,0.0,0.0,0.0,0.0
2025-01-07 11:00:00+00:00,0.0,27.17,0.0,0.0,0.0,0.0
2025-01-07 12:00:00+00:00,0.0,27.15,0.0,0.0,0.0,0.0
2025-01-07 13:00:00+00:00,3.42,27.19,0.1306,30.0112,3.9206,11.7618
2025-01-07 14:00:00+00:00,113.93,27.59,4.4108,37.1985,164.0751,492.2254
2025-01-07 15:00:00+00:00,337.6,28.03,13.106,39.1995,513.7479,1541.2436
2025-01-07 16:00:00+00:00,570.12,28.46,22.153,40.0056,886.2447,2658.734
2025-01-07 17:00:00+00:00,767.22,28.93,29.8221,40.355,1203.4681,3610.4043
2025-01-07 18:00:00+00:00,898.45,29.32,34.9272,40.4874,1414.109,4242.3271
2025-01-07 19:00:00+00:00,969.53,29.62,37.6919,40.5206,1527.3011,4581.9032
2025-01-07 20:00:00+00:00,991.2,29.79,38.5348,40.5119,1561.1196,4683.3587
2025-01-07 21:00:00+00:00,916.33,29.88,35.6232,40.3944,1438.9772,4316.9315
2025-01-07 22:00:00+00:00,746.7,29.96,29.0245,40.0969,1163.7939,3491.3818
2025-01-07 23:00:00+00:00,574.0,29.96,22.3047,39.6944,885.3717,2656.115
2025-01-08 00:00:00+00:00,328.2,29.87,12.7404,38.7464,493.6452,1480.9356
2025-01-08 01:00:00+00:00,105.28,29.65,4.0746,36.5748,149.0262,447.0787
2025-01-08 02:00:00+00:00,0.0,29.23,0.0,0.0,0.0,0.0
2025-01-08 03:00:00+00:00,0.0,29.04,0.0,0.0,0.0,0.0
2025-01-08 04:00:00+00:00,0.0,28.93,0.0,0.0,0.0,0.0
2025-01-08 05:00:00+00:00,0.0,28.83,0.0,0.0,0.0,0.0
2025-01-08 06:00:00+00:00,0.0,28.72,0.0,0.0,0.0,0.0
2025-01-08 07:00:00+00:00,0.0,28.55,0.0,0.0,0.0,0.0
2025-01-08 08:00:00+00:00,0.0,28.36,0.0,0.0,0.0,0.0
2025-01-08 09:00:00+00:00,0.0,28.19,0.0,0.0,0.0,0.0
2025-01-08 10:00:00+00:00,0.0,28.05,0.0,0.0,0.0,0.0
2025-01-08 11:00:00+00:00,0.0,27.98,0.0,0.0,0.0,0.0
2025-01-08 12:00:00+00:00,0.0,27.94,0.0,0.0,0.0,0.0
2025-01-08 13:00:00+00:00,3.22,28.0,0.1229,29.6863,3.6494,10.9481
2025-01-08 14:00:00+00:00,115.3,28.4,4.4639,37.0403,165.3426,496.0277
2025-01-08 15:00:00+00:00,338.08,28.81,13.1247,39.0319,512.2829,1536.8487
2025-01-08 16:00:00+00:00,587.53,29.04,22.8308,39.929,911.6106,2734.8317
2025-01-08 17:00:00+00:00,782.3,29.22,30.409,40.3208,1226.1147,3678.344
2025-01-08 18:00:00+00:00,917.97,29.41,35.6865,40.4961,1445.1633,4335.4898
2025-01-08 19:00:00+00:00,940.33,29.5,36.5562,40.5077,1480.8091,4442.4272
2025-01-08 20:00:00+00:00,834.1,29.58,32.4244,40.3332,1307.7803,3923.3409
2025-01-08 21:00:00+00:00,658.6,29.62,25.5965,39.9827,1023.4167,3070.25
2025-01-08 22:00:00+00:00,491.12,29.59,19.0795,39.5175,753.9723,2261.917
2025-01-08 23:00:00+00:00,254.3,29.53,9.866,38.3445,378.305,1134.915
2025-01-09 00:00:00+00:00,158.23,29.45,6.1312,37.439,229.5467,688.6402
2025-01-09 01:00:00+00:00,50.47,29.27,1.9486,35.1476,68.4903,205.4709
2025-01-09 02:00:00+00:00,0.0,29.01,0.0,0.0,0.0,0.0
2025-01-09 03:00:00+00:00,0.0,28.92,0.0,0.0,0.0,0.0
2025-01-09 04:00:00+00:00,0.0,28.82,0.0,0.0,0.0,0.0
2025-01-09 05:00:00+00:00,0.0,28.69,0.0,0.0,0.0,0.0
2025-01-09 06:00:00+00:00,0.0,28.53,0.0,0.0,0.0,0.0
2025-01-09 07:00:00+00:00,0.0,28.35,0.0,0.0,0.0,0.0
2025-01-09 08:00:00+00:00,0.0,28.16,0.0,0.0,0.0,0.0
2025-01-09 09:00:00+00:00,0.0,27.98,0.0,0.0,0.0,0.0
2025-01-09 10:00:00+00:00,0.0,27.84,0.0,0.0,0.0,0.0
2025-01-09 11:00:00+00:00,0.0,27.75,0.0,0.0,0.0,0.0
2025-01-09 12:00:00+00:00,0.0,27.72,0.0,0.0,0.0,0.0
2025-01-09 13:00:00+00:00,0.0,27.74,0.0,0.0,0.0,0.0
2025-01-09 14:00:00+00:00,104.1,28.07,4.0291,36.9081,148.7057,446.1172
2025-01-09 15:00:00+00:00,282.95,28.35,10.9803,38.8046,426.0844,1278.2531
2025-01-09 16:00:00+00:00,491.75,28.58,19.1036,39.7375,759.1314,2277.3941
2025-01-09 17:00:00+00:00,696.08,28.81,27.0542,40.2391,1088.6375,3265.9125
2025-01-09 18:00:00+00:00,781.78,28.94,30.3885,40.3794,1227.0697,3681.2091
2025-01-09 19:00:00+00:00,750.4,29.01,29.1678,40.3063,1175.6436,3526.9309
2025-01-09 20:00:00+00:00,642.35,29.03,24.9638,40.0706,1000.3163,3000.949
2025-01-09 21:00:00+00:00,572.55,28.97,22.2478,39.9029,887.7527,2663.2581
2025-01-09 22:00:00+00:00,522.38,28.87,20.2956,39.7754,807.2651,2421.7953
2025-01-09 23:00:00+00:00,404.83,28.7,15.7217,39.3778,619.0844,1857.2533
2025-01-10 00:00:00+00:00,218.15,28.45,8.4604,38.2893,323.9425,971.8275
2025-01-10 01:00:00+00:00,76.9,28.15,2.9735,36.2729,107.859,323.5769
2025-01-10 02:00:00+00:00,0.0,27.84,0.0,0.0,0.0,0.0
2025-01-10 03:00:00+00:00,0.0,27.72,0.0,0.0,0.0,0.0
2025-01-10 04:00:00+00:00,0.0,27.65,0.0,0.0,0.0,0.0
2025-01-10 05:00:00+00:00,0.0,27.55,0.0,0.0,0.0,0.0
2025-01-10 06:00:00+00:00,0.0,27.45,0.0,0.0,0.0,0.0
2025-01-10 07:00:00+00:00,0.0,27.35,0.0,0.0,0.0,0.0
2025-01-10 08:00:00+00:00,0.0,27.27,0.0,0.0,0.0,0.0
2025-01-10 09:00:00+00:00,0.0,27.23,0.0,0.0,0.0,0.0
2025-01-10 10:00:00+00:00,0.0,27.22,0.0,0.0,0.0,0.0
2025-01-10 11:00:00+00:00,0.0,27.25,0.0,0.0,0.0,0.0
2025-01-10 12:00:00+00:00,0.0,27.3,0.0,0.0,0.0,0.0
2025-01-10 13:00:00+00:00,0.0,27.35,0.0,0.0,0.0,0.0
2025-01-10 14:00:00+00:00,90.3,27.67,3.4935,36.7099,128.247,384.7409
2025-01-10 15:00:00+00:00,251.7,27.97,9.7649,38.6682,377.5928,1132.7785
2025-01-10 16:00:00+00:00,453.08,28.11,17.5988,39.7006,698.6841,2096.0524
2025-01-10 17:00:00+00:00,594.97,28.17,23.1198,40.1356,927.9254,2783.7761
2025-01-10 18:00:00+00:00,619.75,28.19,24.084,40.1951,968.0571,2904.1714
2025-01-10 19:00:00+00:00,541.97,28.16,21.0575,39.9884,842.0577,2526.1732
2025-01-10 20:00:00+00:00,306.73,28.11,11.9052,39.0067,464.3824,1393.1473
2025-01-10 21:00:00+00:00,164.45,28.05,6.3731,37.8272,241.0786,723.2357
2025-01-10 22:00:00+00:00,183.95,27.95,7.131,38.0694,271.472,814.416
2025-01-10 23:00:00+00:00,169.7,27.84,6.5772,37.9358,249.5112,748.5337
2025-01-11 00:00:00+00:00,94.5,27.71,3.6565,36.7932,134.5351,403.6052
2025-01-11 01:00:00+00:00,37.55,27.57,1.4486,34.9256,50.5915,151.7746
2025-01-11 02:00:00+00:00,0.0,27.42,0.0,0.0,0.0,0.0
2025-01-11 03:00:00+00:00,0.0,27.38,0.0,0.0,0.0,0.0
2025-01-11 04:00:00+00:00,0.0,27.35,0.0,0.0,0.0,0.0
2025-01-11 05:00:00+00:00,0.0,27.34,0.0,0.0,0.0,0.0
2025-01-11 06:00:00+00:00,0.0,27.31,0.0,0.0,0.0,0.0
2025-01-11 07:00:00+00:00,0.0,27.29,0.0,0.0,0.0,0.0
2025-01-11 08:00:00+00:00,0.0,27.22,0.0,0.0,0.0,0.0
2025-01-11 09:00:00+00:00,0.0,27.17,0.0,0.0,0.0,0.0
2025-01-11 10:00:00+00:00,0.0,27.14,0.0,0.0,0.0,0.0
2025-01-11 11:00:00+00:00,0.0,27.1,0.0,0.0,0.0,0.0
2025-01-11 12:00:00+00:00,0.0,27.07,0.0,0.0,0.0,0.0
2025-01-11 13:00:00+00:00,0.0,27.05,0.0,0.0,0.0,0.0
2025-01-11 14:00:00+00:00,71.38,27.44,2.7596,36.2819,100.1224,300.3671
2025-01-11 15:00:00+00:00,241.95,27.82,9.3858,38.6264,362.5398,1087.6193
2025-01-11 16:00:00+00:00,446.08,28.0,17.3264,39.6978,687.821,2063.4629
2025-01-11 17:00:00+00:00,597.45,28.14,23.2163,40.1486,932.0989,2796.2968
2025-01-11 18:00:00+00:00,667.08,28.2,25.9255,40.3056,1044.9427,3134.8282
2025-01-11 19:00:00+00:00,692.72,28.25,26.9231,40.3514,1086.3844,3259.1531
2025-01-11 20:00:00+00:00,674.97,28.3,26.2325,40.302,1057.2224,3171.6673
2025-01-11 21:00:00+00:00,593.9,28.31,23.0782,40.1027,925.4992,2776.4977
2025-01-11 22:00:00+00:00,452.35,28.25,17.5705,39.6676,696.9778,2090.9335
2025-01-11 23:00:00+00:00,234.55,28.15,9.0981,38.4945,350.225,1050.6751
2025-01-12 00:00:00+00:00,179.85,28.02,6.9716,38.0097,264.9897,794.969
2025-01-12 01:00:00+00:00,63.6,27.77,2.4578,35.9696,88.4069,265.2206
2025-01-12 02:00:00+00:00,0.0,27.48,0.0,0.0,0.0,0.0
2025-01-12 03:00:00+00:00,0.0,27.34,0.0,0.0,0.0,0.0
2025-01-12 04:00:00+00:00,0.0,27.26,0.0,0.0,0.0,0.0
2025-01-12 05:00:00+00:00,0.0,27.19,0.0,0.0,0.0,0.0
2025-01-12 06:00:00+00:00,0.0,27.13,0.0,0.0,0.0,0.0
2025-01-12 07:00:00+00:00,0.0,27.09,0.0,0.0,0.0,0.0
2025-01-12 08:00:00+00:00,0.0,27.04,0.0,0.0,0.0,0.0
2025-01-12 09:00:00+00:00,0.0,27.0,0.0,0.0,0.0,0.0
2025-01-12 10:00:00+00:00,0.0,26.99,0.0,0.0,0.0,0.0
2025-01-12 11:00:00+00:00,0.0,26.99,0.0,0.0,0.0,0.0
2025-01-12 12:00:00+00:00,0.0,27.0,0.0,0.0,0.0,0.0
2025-01-12 13:00:00+00:00,0.0,27.03,0.0,0.0,0.0,0.0
2025-01-12 14:00:00+00:00,101.9,27.37,3.9438,37.0229,146.0108,438.0325
2025-01-12 15:00:00+00:00,305.77,27.75,11.8678,39.0797,463.7914,1391.3743
2025-01-12 16:00:00+00:00,518.62,27.94,20.1489,39.9638,805.2258,2415.6773
2025-01-12 17:00:00+00:00,641.9,28.13,24.9457,40.2621,1004.3678,3013.1035
2025-01-12 18:00:00+00:00,741.65,28.31,28.8267,40.4385,1165.7095,3497.1285
2025-01-12 19:00:00+00:00,751.97,28.45,29.2284,40.4285,1181.6585,3544.9754
2025-01-12 20:00:00+00:00,809.9,28.48,31.482,40.5264,1275.8498,3827.5495
2025-01-12 21:00:00+00:00,819.03,28.43,31.8371,40.5524,1291.069,3873.207
2025-01-12 22:00:00+00:00,649.72,28.39,25.2502,40.225,1015.6883,3047.0648
2025-01-12 23:00:00+00:00,477.77,28.34,18.5596,39.7409,737.5743,2212.723
2025-01-13 00:00:00+00:00,294.33,28.23,11.4229,38.9042,444.398,1333.194
2025-01-13 01:00:00+00:00,92.8,28.06,3.5905,36.6771,131.6884,395.0652
2025-01-13 02:00:00+00:00,0.0,27.83,0.0,0.0,0.0,0.0
2025-01-13 03:00:00+00:00,0.0,27.78,0.0,0.0,0.0,0.0
2025-01-13 04:00:00+00:00,0.0,27.74,0.0,0.0,0.0,0.0
2025-01-13 05:00:00+00:00,0.0,27.7,0.0,0.0,0.0,0.0
2025-01-13 06:00:00+00:00,0.0,27.64,0.0,0.0,0.0,0.0
2025-01-13 07:00:00+00:00,0.0,27.57,0.0,0.0,0.0,0.0
2025-01-13 08:00:00+00:00,0.0,27.5,0.0,0.0,0.0,0.0
2025-01-13 09:00:00+00:00,0.0,27.43,0.0,0.0,0.0,0.0
2025-01-13 10:00:00+00:00,0.0,27.39,0.0,0.0,0.0,0.0
2025-01-13 11:00:00+00:00,0.0,27.37,0.0,0.0,0.0,0.0
2025-01-13 12:00:00+00:00,0.0,27.35,0.0,0.0,0.0,0.0
2025-01-13 13:00:00+00:00,0.0,27.37,0.0,0.0,0.0,0.0
2025-01-13 14:00:00+00:00,98.93,27.69,3.8285,36.8907,141.2346,423.7039
2025-01-13 15:00:00+00:00,295.65,28.07,11.4742,38.9475,446.8925,1340.6775
2025-01-13 16:00:00+00:00,509.52,28.27,19.795,39.8635,789.0955,2367.2866
2025-01-13 17:00:00+00:00,653.65,28.43,25.4031,40.2256,1021.8564,3065.5691
2025-01-13 18:00:00+00:00,751.6,28.57,29.2141,40.4022,1180.3139,3540.9416
2025-01-13 19:00:00+00:00,841.72,28.68,32.7199,40.5365,1326.3507,3979.0521
2025-01-13 20:00:00+00:00,853.65,28.71,33.184,40.549,1345.5795,4036.7384
2025-01-13 21:00:00+00:00,813.2,28.69,31.6105,40.4874,1279.8278,3839.4834
2025-01-13 22:00:00+00:00,635.2,28.64,24.6854,40.1368,990.7936,2972.3807
2025-01-13 23:00:00+00:00,479.17,28.55,18.6141,39.7005,738.9899,2216.9697
2025-01-14 00:00:00+00:00,285.55,28.43,11.0814,38.8041,430.003,1290.009
2025-01-14 01:00:00+00:00,91.5,28.24,3.54,36.6077,129.5909,388.7726
2025-01-14 02:00:00+00:00,0.0,27.98,0.0,0.0,0.0,0.0
2025-01-14 03:00:00+00:00,0.0,27.92,0.0,0.0,0.0,0.0
2025-01-14 04:00:00+00:00,0.0,27.91,0.0,0.0,0.0,0.0
2025-01-14 05:00:00+00:00,0.0,27.89,0.0,0.0,0.0,0.0
2025-01-14 06:00:00+00:00,0.0,27.85,0.0,0.0,0.0,0.0
2025-01-14 07:00:00+00:00,0.0,27.78,0.0,0.0,0.0,0.0
2025-01-14 08:00:00+00:00,0.0,27.68,0.0,0.0,0.0,0.0
2025-01-14 09:00:00+00:00,0.0,27.59,0.0,0.0,0.0,0.0
2025-01-14 10:00:00+00:00,0.0,27.49,0.0,0.0,0.0,0.0
2025-01-14 11:00:00+00:00,0.0,27.42,0.0,0.0,0.0,0.0
2025-01-14 12:00:00+00:00,0.0,27.34,0.0,0.0,0.0,0.0
2025-01-14 13:00:00+00:00,0.0,27.29,0.0,0.0,0.0,0.0
2025-01-14 14:00:00+00:00,80.25,27.57,3.1036,36.492,113.2566,339.7698
2025-01-14 15:00:00+00:00,251.02,27.93,9.7385,38.6719,376.6063,1129.8188
2025-01-14 16:00:00+00:00,457.0,28.1,17.7514,39.7174,705.0383,2115.115
2025-01-14 17:00:00+00:00,590.58,28.21,22.949,40.1153,920.6056,2761.8169
2025-01-14 18:00:00+00:00,731.78,28.26,28.4427,40.4298,1149.9326,3449.7978
2025-01-14 19:00:00+00:00,813.92,28.28,31.6381,40.5757,1283.7383,3851.2148
2025-01-14 20:00:00+00:00,798.65,28.3,31.0441,40.5453,1258.694,3776.0821
2025-01-14 21:00:00+00:00,780.28,28.23,30.3295,40.5277,1229.1838,3687.5515
2025-01-14 22:00:00+00:00,618.15,28.14,24.0217,40.2018,965.7144,2897.1431
2025-01-14 23:00:00+00:00,451.62,28.04,17.542,39.7102,696.5969,2089.7907
2025-01-15 00:00:00+00:00,246.6,27.95,9.5666,38.6338,369.5955,1108.7864
2025-01-15 01:00:00+00:00,71.93,27.8,2.7808,36.2156,100.7096,302.1287
2025-01-15 02:00:00+00:00,0.0,27.62,0.0,0.0,0.0,0.0
2025-01-15 03:00:00+00:00,0.0,27.58,0.0,0.0,0.0,0.0
2025-01-15 04:00:00+00:00,0.0,27.55,0.0,0.0,0.0,0.0
2025-01-15 05:00:00+00:00,0.0,27.52,0.0,0.0,0.0,0.0
2025-01-15 06:00:00+00:00,0.0,27.46,0.0,0.0,0.0,0.0
2025-01-15 07:00:00+00:00,0.0,27.37,0.0,0.0,0.0,0.0
2025-01-15 08:00:00+00:00,0.0,27.28,0.0,0.0,0.0,0.0
2025-01-15 09:00:00+00:00,0.0,27.21,0.0,0.0,0.0,0.0
2025-01-15 10:00:00+00:00,0.0,27.2,0.0,0.0,0.0,0.0
2025-01-15 11:00:00+00:00,0.0,27.24,0.0,0.0,0.0,0.0
2025-01-15 12:00:00+00:00,0.0,27.31,0.0,0.0,0.0,0.0
2025-01-15 13:00:00+00:00,0.0,27.39,0.0,0.0,0.0,0.0
2025-01-15 14:00:00+00:00,46.1,27.76,1.7796,35.3073,62.8335,188.5005
2025-01-15 15:00:00+00:00,154.52,28.17,5.9873,37.6774,225.5855,676.7565
2025-01-15 16:00:00+00:00,264.42,28.34,10.2596,38.6799,396.8397,1190.519
2025-01-15 17:00:00+00:00,422.23,28.46,16.3986,39.5034,647.7999,1943.3996
2025-01-15 18:00:00+00:00,490.92,28.54,19.0713,39.7433,757.9581,2273.8742
2025-01-15 19:00:00+00:00,523.78,28.58,20.35,39.8422,810.7875,2432.3624
2025-01-15 20:00:00+00:00,495.25,28.55,19.2398,39.7558,764.8954,2294.6861
2025-01-15 21:00:00+00:00,406.0,28.46,15.7671,39.435,621.776,1865.3281
2025-01-15 22:00:00+00:00,364.17,28.26,14.1397,39.2858,555.4881,1666.4642
2025-01-15 23:00:00+00:00,289.62,28.04,11.2397,38.9159,437.4023,1312.2068
2025-01-16 00:00:00+00:00,148.52,27.8,5.7542,37.6815,216.8281,650.4844
2025-01-16 01:00:00+00:00,46.9,27.54,1.8106,35.3936,64.0852,192.2557
2025-01-16 02:00:00+00:00,0.0,27.35,0.0,0.0,0.0,0.0
2025-01-16 03:00:00+00:00,0.0,27.31,0.0,0.0,0.0,0.0
2025-01-16 04:00:00+00:00,0.0,27.26,0.0,0.0,0.0,0.0
2025-01-16 05:00:00+00:00,0.0,27.21,0.0,0.0,0.0,0.0
2025-01-16 06:00:00+00:00,0.0,27.14,0.0,0.0,0.0,0.0
2025-01-16 07:00:00+00:00,0.0,27.06,0.0,0.0,0.0,0.0
2025-01-16 08:00:00+00:00,0.0,26.99,0.0,0.0,0.0,0.0
2025-01-16 09:00:00+00:00,0.0,26.92,0.0,0.0,0.0,0.0
2025-01-16 10:00:00+00:00,0.0,26.88,0.0,0.0,0.0,0.0
2025-01-16 11:00:00+00:00,0.0,26.87,0.0,0.0,0.0,0.0
2025-01-16 12:00:00+00:00,0.0,26.9,0.0,0.0,0.0,0.0
2025-01-16 13:00:00+00:00,0.0,26.96,0.0,0.0,0.0,0.0
2025-01-16 14:00:00+00:00,14.12,27.23,0.5427,32.9656,17.8913,53.6739
2025-01-16 15:00:00+00:00,44.78,27.53,1.7285,35.3001,61.0172,183.0517
2025-01-16 16:00:00+00:00,86.82,27.65,3.3585,36.6344,123.0363,369.1089
2025-01-16 17:00:00+00:00,255.02,27.72,9.8941,38.748,383.3745,1150.1235
2025-01-16 18:00:00+00:00,424.05,27.73,16.4692,39.669,653.3181,1959.9542
2025-01-16 19:00:00+00:00,575.5,27.74,22.3619,40.1752,898.3956,2695.1867
2025-01-16 20:00:00+00:00,566.58,27.75,22.0149,40.1481,883.8565,2651.5696
2025-01-16 21:00:00+00:00,589.6,27.74,22.9106,40.2135,921.3147,2763.9441
2025-01-16 22:00:00+00:00,446.73,27.73,17.3516,39.7587,689.8785,2069.6354
2025-01-16 23:00:00+00:00,338.48,27.73,13.1402,39.2696,516.0105,1548.0314
2025-01-17 00:00:00+00:00,153.15,27.71,5.9341,37.7624,224.0871,672.2614
2025-01-17 01:00:00+00:00,53.2,27.6,2.0547,35.6404,73.2314,219.6942
2025-01-17 02:00:00+00:00,0.0,27.45,0.0,0.0,0.0,0.0
2025-01-17 03:00:00+00:00,0.0,27.44,0.0,0.0,0.0,0.0
2025-01-17 04:00:00+00:00,0.0,27.43,0.0,0.0,0.0,0.0
2025-01-17 05:00:00+00:00,0.0,27.4,0.0,0.0,0.0,0.0
2025-01-17 06:00:00+00:00,0.0,27.36,0.0,0.0,0.0,0.0
2025-01-17 07:00:00+00:00,0.0,27.28,0.0,0.0,0.0,0.0
2025-01-17 08:00:00+00:00,0.0,27.19,0.0,0.0,0.0,0.0
2025-01-17 09:00:00+00:00,0.0,27.11,0.0,0.0,0.0,0.0
2025-01-17 10:00:00+00:00,0.0,27.09,0.0,0.0,0.0,0.0
2025-01-17 11:00:00+00:00,0.0,27.12,0.0,0.0,0.0,0.0
2025-01-17 12:00:00+00:00,0.0,27.14,0.0,0.0,0.0,0.0
2025-01-17 13:00:00+00:00,0.0,27.13,0.0,0.0,0.0,0.0
2025-01-17 14:00:00+00:00,84.15,27.36,3.2549,36.6365,119.2498,357.7495
2025-01-17 15:00:00+00:00,237.6,27.7,9.2167,38.6183,355.9324,1067.7973
2025-01-17 16:00:00+00:00,426.52,27.9,16.5654,39.6423,656.6884,1970.0653
2025-01-17 17:00:00+00:00,552.78,28.05,21.4781,40.044,860.0702,2580.2105
2025-01-17 18:00:00+00:00,540.42,28.17,20.9972,39.9816,839.5033,2518.5099
2025-01-17 19:00:00+00:00,522.62,28.23,20.3047,39.9139,810.4393,2431.3179
2025-01-17 20:00:00+00:00,460.95,28.23,17.9051,39.704,710.9032,2132.7097
2025-01-17 21:00:00+00:00,445.2,28.22,17.2923,39.6468,685.5827,2056.7481
2025-01-17 22:00:00+00:00,357.48,28.22,13.8794,39.2613,544.9227,1634.768
2025-01-17 23:00:00+00:00,246.12,28.2,9.5479,38.5751,368.3131,1104.9392
2025-01-18 00:00:00+00:00,158.1,28.15,6.1264,37.7272,231.1316,693.3948
2025-01-18 01:00:00+00:00,51.28,27.98,1.9803,35.4771,70.2541,210.7623
2025-01-18 02:00:00+00:00,0.0,27.79,0.0,0.0,0.0,0.0
2025-01-18 03:00:00+00:00,0.0,27.76,0.0,0.0,0.0,0.0
2025-01-18 04:00:00+00:00,0.0,27.75,0.0,0.0,0.0,0.0
2025-01-18 05:00:00+00:00,0.0,27.73,0.0,0.0,0.0,0.0
2025-01-18 06:00:00+00:00,0.0,27.69,0.0,0.0,0.0,0.0
2025-01-18 07:00:00+00:00,0.0,27.61,0.0,0.0,0.0,0.0
2025-01-18 08:00:00+00:00,0.0,27.54,0.0,0.0,0.0,0.0
2025-01-18 09:00:00+00:00,0.0,27.47,0.0,0.0,0.0,0.0
2025-01-18 10:00:00+00:00,0.0,27.42,0.0,0.0,0.0,0.0
2025-01-18 11:00:00+00:00,0.0,27.4,0.0,0.0,0.0,0.0
2025-01-18 12:00:00+00:00,0.0,27.41,0.0,0.0,0.0,0.0
2025-01-18 13:00:00+00:00,0.0,27.47,0.0,0.0,0.0,0.0
2025-01-18 14:00:00+00:00,74.95,27.75,2.898,36.3113,105.2292,315.6877
2025-01-18 15:00:00+00:00,233.4,28.1,9.0533,38.4961,348.5188,1045.5563
2025-01-18 16:00:00+00:00,421.42,28.35,16.3671,39.5239,646.8895,1940.6684
2025-01-18 17:00:00+00:00,628.85,28.57,24.4383,40.1363,980.8621,2942.5864
2025-01-18 18:00:00+00:00,704.1,28.72,27.3662,40.2752,1102.1807,3306.5422
2025-01-18 19:00:00+00:00,674.3,28.83,26.2069,40.1872,1053.1809,3159.5427
2025-01-18 20:00:00+00:00,691.42,28.86,26.873,40.2184,1080.7879,3242.3637
2025-01-18 21:00:00+00:00,546.28,28.85,21.2256,39.8529,845.9004,2537.7012
2025-01-18 22:00:00+00:00,473.38,28.77,18.3889,39.6324,728.7974,2186.3923
2025-01-18 23:00:00+00:00,295.3,28.65,11.4606,38.8183,444.8817,1334.645
2025-01-19 00:00:00+00:00,167.5,28.43,6.4916,37.7788,245.2456,735.7368
2025-01-19 01:00:00+00:00,62.3,28.16,2.4073,35.8379,86.2744,258.8232
2025-01-19 02:00:00+00:00,0.0,27.86,0.0,0.0,0.0,0.0
2025-01-19 03:00:00+00:00,0.0,27.74,0.0,0.0,0.0,0.0
2025-01-19 04:00:00+00:00,0.0,27.63,0.0,0.0,0.0,0.0
2025-01-19 05:00:00+00:00,0.0,27.56,0.0,0.0,0.0,0.0
2025-01-19 06:00:00+00:00,0.0,27.49,0.0,0.0,0.0,0.0
2025-01-19 07:00:00+00:00,0.0,27.38,0.0,0.0,0.0,0.0
2025-01-19 08:00:00+00:00,0.0,27.32,0.0,0.0,0.0,0.0
2025-01-19 09:00:00+00:00,0.0,27.23,0.0,0.0,0.0,0.0
2025-01-19 10:00:00+00:00,0.0,27.15,0.0,0.0,0.0,0.0
2025-01-19 11:00:00+00:00,0.0,27.06,0.0,0.0,0.0,0.0
2025-01-19 12:00:00+00:00,0.0,27.04,0.0,0.0,0.0,0.0
2025-01-19 13:00:00+00:00,0.0,27.02,0.0,0.0,0.0,0.0
2025-01-19 14:00:00+00:00,51.97,27.22,2.0071,35.6795,71.6132,214.8396
2025-01-19 15:00:00+00:00,164.6,27.47,6.3791,37.9582,242.1376,726.4129
2025-01-19 16:00:00+00:00,272.5,27.58,10.5738,38.9033,411.3566,1234.0698
2025-01-19 17:00:00+00:00,478.35,27.73,18.5819,39.8747,740.9476,2222.8429
2025-01-19 18:00:00+00:00,545.35,27.88,21.1889,40.0587,848.8009,2546.4027
2025-01-19 19:00:00+00:00,500.6,27.98,19.4478,39.8967,775.9011,2327.7032
2025-01-19 20:00:00+00:00,538.92,28.01,20.9388,40.0115,837.7927,2513.3781
2025-01-19 21:00:00+00:00,534.78,27.95,20.7777,40.0119,831.3536,2494.0607
2025-01-19 22:00:00+00:00,407.17,27.8,15.8125,39.5832,625.9093,1877.7279
2025-01-19 23:00:00+00:00,316.7,27.58,12.2929,39.1814,481.6547,1444.964
2025-01-20 00:00:00+00:00,178.57,27.29,6.922,38.158,264.1283,792.3848
2025-01-20 01:00:00+00:00,62.3,27.01,2.4075,36.101,86.9148,260.7445
2025-01-20 02:00:00+00:00,0.0,26.78,0.0,0.0,0.0,0.0
2025-01-20 03:00:00+00:00,0.0,26.69,0.0,0.0,0.0,0.0
2025-01-20 04:00:00+00:00,0.0,26.65,0.0,0.0,0.0,0.0
2025-01-20 05:00:00+00:00,0.0,26.66,0.0,0.0,0.0,0.0
2025-01-20 06:00:00+00:00,0.0,26.67,0.0,0.0,0.0,0.0
2025-01-20 07:00:00+00:00,0.0,26.66,0.0,0.0,0.0,0.0
2025-01-20 08:00:00+00:00,0.0,26.64,0.0,0.0,0.0,0.0
2025-01-20 09:00:00+00:00,0.0,26.62,0.0,0.0,0.0,0.0
2025-01-20 10:00:00+00:00,0.0,26.61,0.0,0.0,0.0,0.0
2025-01-20 11:00:00+00:00,0.0,26.61,0.0,0.0,0.0,0.0
2025-01-20 12:00:00+00:00,0.0,26.63,0.0,0.0,0.0,0.0
2025-01-20 13:00:00+00:00,0.0,26.62,0.0,0.0,0.0,0.0
2025-01-20 14:00:00+00:00,69.7,26.78,2.6945,36.3837,98.0366,294.1098
2025-01-20 15:00:00+00:00,196.4,27.07,7.615,38.392,292.354,877.062
2025-01-20 16:00:00+00:00,328.3,27.19,12.7441,39.3322,501.2538,1503.7613
2025-01-20 17:00:00+00:00,462.67,27.29,17.9717,39.9135,717.3122,2151.9365
2025-01-20 18:00:00+00:00,543.1,27.44,21.1011,40.1467,847.1402,2541.4207
2025-01-20 19:00:00+00:00,643.88,27.56,25.0223,40.3888,1010.6225,3031.8675
2025-01-20 20:00:00+00:00,660.92,27.57,25.6853,40.4263,1038.3627,3115.0881
2025-01-20 21:00:00+00:00,681.88,27.51,26.5007,40.486,1072.9079,3218.7236
2025-01-20 22:00:00+00:00,507.3,27.41,19.7082,40.0416,789.1476,2367.4427
2025-01-20 23:00:00+00:00,338.0,27.25,13.1214,39.3718,516.6152,1549.8456
2025-01-21 00:00:00+00:00,185.75,27.09,7.201,38.2793,275.6505,826.9515
2025-01-21 01:00:00+00:00,61.2,26.93,2.3649,36.0827,85.3325,255.9976
2025-01-21 02:00:00+00:00,0.0,26.8,0.0,0.0,0.0,0.0
2025-01-21 03:00:00+00:00,0.0,26.77,0.0,0.0,0.0,0.0
2025-01-21 04:00:00+00:00,0.0,26.75,0.0,0.0,0.0,0.0
2025-01-21 05:00:00+00:00,0.0,26.73,0.0,0.0,0.0,0.0
2025-01-21 06:00:00+00:00,0.0,26.74,0.0,0.0,0.0,0.0
2025-01-21 07:00:00+00:00,0.0,26.72,0.0,0.0,0.0,0.0
2025-01-21 08:00:00+00:00,0.0,26.68,0.0,0.0,0.0,0.0
2025-01-21 09:00:00+00:00,0.0,26.64,0.0,0.0,0.0,0.0
2025-01-21 10:00:00+00:00,0.0,26.6,0.0,0.0,0.0,0.0
2025-01-21 11:00:00+00:00,0.0,26.55,0.0,0.0,0.0,0.0
2025-01-21 12:00:00+00:00,0.0,26.49,0.0,0.0,0.0,0.0
2025-01-21 13:00:00+00:00,0.0,26.46,0.0,0.0,0.0,0.0
2025-01-21 14:00:00+00:00,43.83,26.55,1.6919,35.482,60.0313,180.094
2025-01-21 15:00:00+00:00,122.62,26.84,4.7484,37.5147,178.1331,534.3994
2025-01-21 16:00:00+00:00,224.02,26.96,8.6887,38.6694,335.9867,1007.9601
2025-01-21 17:00:00+00:00,430.55,27.09,16.7219,39.834,666.1001,1998.3002
2025-01-21 18:00:00+00:00,665.6,27.17,25.867,40.5225,1048.1972,3144.5917
2025-01-21 19:00:00+00:00,707.85,27.2,27.5108,40.6074,1117.141,3351.423
2025-01-21 20:00:00+00:00,650.67,27.25,25.2863,40.4711,1023.3631,3070.0894
2025-01-21 21:00:00+00:00,493.67,27.32,19.1778,40.0159,767.4173,2302.2518
2025-01-21 22:00:00+00:00,460.65,27.35,17.8931,39.8932,713.8115,2141.4345
2025-01-21 23:00:00+00:00,342.38,27.29,13.2918,39.3864,523.5167,1570.55
2025-01-22 00:00:00+00:00,178.62,27.21,6.9239,38.1764,264.3296,792.9889
2025-01-22 01:00:00+00:00,51.58,27.08,1.992,35.6961,71.108,213.3239
2025-01-22 02:00:00+00:00,0.0,26.95,0.0,0.0,0.0,0.0
2025-01-22 03:00:00+00:00,0.0,26.93,0.0,0.0,0.0,0.0
2025-01-22 04:00:00+00:00,0.0,26.96,0.0,0.0,0.0,0.0
2025-01-22 05:00:00+00:00,0.0,27.02,0.0,0.0,0.0,0.0
2025-01-22 06:00:00+00:00,0.0,27.04,0.0,0.0,0.0,0.0
2025-01-22 07:00:00+00:00,0.0,26.99,0.0,0.0,0.0,0.0
2025-01-22 08:00:00+00:00,0.0,26.9,0.0,0.0,0.0,0.0
2025-01-22 09:00:00+00:00,0.0,26.83,0.0,0.0,0.0,0.0
2025-01-22 10:00:00+00:00,0.0,26.8,0.0,0.0,0.0,0.0
2025-01-22 11:00:00+00:00,0.0,26.79,0.0,0.0,0.0,0.0
2025-01-22 12:00:00+00:00,0.0,26.78,0.0,0.0,0.0,0.0
2025-01-22 13:00:00+00:00,0.0,26.77,0.0,0.0,0.0,0.0
2025-01-22 14:00:00+00:00,56.6,26.99,2.1866,35.9082,78.5168,235.5503
2025-01-22 15:00:00+00:00,190.18,27.37,7.3732,38.263,282.1203,846.3609
2025-01-22 16:00:00+00:00,343.77,27.6,13.346,39.326,524.8434,1574.5301
2025-01-22 17:00:00+00:00,522.35,27.82,20.294,40.0014,811.787,2435.3609
2025-01-22 18:00:00+00:00,672.5,28.08,26.1363,40.3435,1054.4272,3163.2816
2025-01-22 19:00:00+00:00,806.45,28.32,31.3476,40.5545,1271.2854,3813.8561
2025-01-22 20:00:00+00:00,806.0,28.45,31.3302,40.5261,1269.6914,3809.0742
2025-01-22 21:00:00+00:00,690.83,28.53,26.8498,40.2876,1081.712,3245.1361
2025-01-22 22:00:00+00:00,573.65,28.48,22.2904,40.0111,891.8643,2675.5928
2025-01-22 23:00:00+00:00,416.52,28.35,16.1764,39.5035,639.0251,1917.0754
2025-01-23 00:00:00+00:00,233.8,28.18,9.0689,38.4817,348.9869,1046.9608
2025-01-23 01:00:00+00:00,74.57,27.99,2.8832,36.2463,104.5049,313.5148
2025-01-23 02:00:00+00:00,0.0,27.77,0.0,0.0,0.0,0.0
2025-01-23 03:00:00+00:00,0.0,27.67,0.0,0.0,0.0,0.0
2025-01-23 04:00:00+00:00,0.0,27.61,0.0,0.0,0.0,0.0
2025-01-23 05:00:00+00:00,0.0,27.46,0.0,0.0,0.0,0.0
2025-01-23 06:00:00+00:00,0.0,27.37,0.0,0.0,0.0,0.0
2025-01-23 07:00:00+00:00,0.0,27.24,0.0,0.0,0.0,0.0
2025-01-23 08:00:00+00:00,0.0,27.1,0.0,0.0,0.0,0.0
2025-01-23 09:00:00+00:00,0.0,26.97,0.0,0.0,0.0,0.0
2025-01-23 10:00:00+00:00,0.0,26.86,0.0,0.0,0.0,0.0
2025-01-23 11:00:00+00:00,0.0,26.79,0.0,0.0,0.0,0.0
2025-01-23 12:00:00+00:00,0.0,26.78,0.0,0.0,0.0,0.0
2025-01-23 13:00:00+00:00,0.0,26.86,0.0,0.0,0.0,0.0
2025-01-23 14:00:00+00:00,97.2,27.19,3.7614,36.968,139.0512,417.1537
2025-01-23 15:00:00+00:00,324.77,27.62,12.6069,39.2186,494.4231,1483.2692
2025-01-23 16:00:00+00:00,561.4,27.93,21.8134,40.0947,874.6042,2623.8127
2025-01-23 17:00:00+00:00,713.1,28.21,27.7159,40.4027,1119.7999,3359.3998
2025-01-23 18:00:00+00:00,880.05,28.42,34.2105,40.6509,1390.688,4172.0639
2025-01-23 19:00:00+00:00,865.9,28.59,33.6603,40.5935,1366.3905,4099.1715
2025-01-23 20:00:00+00:00,878.42,28.71,34.1475,40.587,1385.9431,4157.8294
2025-01-23 21:00:00+00:00,755.7,28.78,29.3738,40.3653,1185.6812,3557.0436
2025-01-23 22:00:00+00:00,693.4,28.8,26.95,40.2355,1084.3443,3253.033
2025-01-23 23:00:00+00:00,450.0,28.78,17.4792,39.544,691.1973,2073.5918
2025-01-24 00:00:00+00:00,251.98,28.72,9.7758,38.5053,376.4198,1129.2593
2025-01-24 01:00:00+00:00,79.95,28.48,3.0918,36.2776,112.1628,336.4885
2025-01-24 02:00:00+00:00,0.0,28.1,0.0,0.0,0.0,0.0
2025-01-24 03:00:00+00:00,0.0,27.88,0.0,0.0,0.0,0.0
2025-01-24 04:00:00+00:00,0.0,27.72,0.0,0.0,0.0,0.0
2025-01-24 05:00:00+00:00,0.0,27.56,0.0,0.0,0.0,0.0
2025-01-24 06:00:00+00:00,0.0,27.42,0.0,0.0,0.0,0.0
2025-01-24 07:00:00+00:00,0.0,27.3,0.0,0.0,0.0,0.0
2025-01-24 08:00:00+00:00,0.0,27.19,0.0,0.0,0.0,0.0
2025-01-24 09:00:00+00:00,0.0,27.14,0.0,0.0,0.0,0.0
2025-01-24 10:00:00+00:00,0.0,27.15,0.0,0.0,0.0,0.0
2025-01-24 11:00:00+00:00,0.0,27.23,0.0,0.0,0.0,0.0
2025-01-24 12:00:00+00:00,0.0,27.34,0.0,0.0,0.0,0.0
2025-01-24 13:00:00+00:00,0.0,27.42,0.0,0.0,0.0,0.0
2025-01-24 14:00:00+00:00,88.82,27.62,3.4361,36.6876,126.0623,378.187
2025-01-24 15:00:00+00:00,299.98,27.97,11.6426,38.9963,454.0198,1362.0595
2025-01-24 16:00:00+00:00,531.15,28.38,20.6366,39.9082,823.571,2470.7131
2025-01-24 17:00:00+00:00,711.58,28.97,27.6574,40.2375,1112.8657,3338.597
2025-01-24 18:00:00+00:00,842.75,29.58,32.7609,40.3472,1321.811,3965.4331
2025-01-24 19:00:00+00:00,902.8,29.9,35.097,40.3709,1416.896,4250.6881
2025-01-24 20:00:00+00:00,863.15,29.96,33.5548,40.2989,1352.2201,4056.6603
2025-01-24 21:00:00+00:00,815.58,29.88,31.7042,40.2388,1275.7374,3827.2121
2025-01-24 22:00:00+00:00,675.62,29.75,26.2588,39.9937,1050.1863,3150.559
2025-01-24 23:00:00+00:00,469.52,29.6,18.2389,39.4393,719.3309,2157.9928
2025-01-25 00:00:00+00:00,270.42,29.36,10.4929,38.4981,403.9562,1211.8686
2025-01-25 01:00:00+00:00,90.62,29.05,3.5057,36.4047,127.623,382.8689
2025-01-25 02:00:00+00:00,0.0,28.69,0.0,0.0,0.0,0.0
2025-01-25 03:00:00+00:00,0.0,28.48,0.0,0.0,0.0,0.0
2025-01-25 04:00:00+00:00,0.0,28.32,0.0,0.0,0.0,0.0
2025-01-25 05:00:00+00:00,0.0,28.17,0.0,0.0,0.0,0.0
2025-01-25 06:00:00+00:00,0.0,28.05,0.0,0.0,0.0,0.0
2025-01-25 07:00:00+00:00,0.0,27.92,0.0,0.0,0.0,0.0
2025-01-25 08:00:00+00:00,0.0,27.79,0.0,0.0,0.0,0.0
2025-01-25 09:00:00+00:00,0.0,27.71,0.0,0.0,0.0,0.0
2025-01-25 10:00:00+00:00,0.0,27.64,0.0,0.0,0.0,0.0
2025-01-25 11:00:00+00:00,0.0,27.64,0.0,0.0,0.0,0.0
2025-01-25 12:00:00+00:00,0.0,27.68,0.0,0.0,0.0,0.0
2025-01-25 13:00:00+00:00,0.0,27.7,0.0,0.0,0.0,0.0
2025-01-25 14:00:00+00:00,26.55,28.05,1.0229,34.0918,34.8713,104.6138
2025-01-25 15:00:00+00:00,149.82,28.43,5.8046,37.5581,218.0112,654.0335
2025-01-25 16:00:00+00:00,299.6,28.67,11.6279,38.8407,451.6349,1354.9048
2025-01-25 17:00:00+00:00,377.62,28.83,14.663,39.2265,575.1795,1725.5385
2025-01-25 18:00:00+00:00,462.3,28.93,17.9578,39.5576,710.3697,2131.109
2025-01-25 19:00:00+00:00,630.95,29.01,24.5203,40.0473,981.9693,2945.9079
2025-01-25 20:00:00+00:00,634.42,29.07,24.6553,40.0429,987.2703,2961.8109
2025-01-25 21:00:00+00:00,563.3,29.11,21.888,39.8466,872.1623,2616.4868
2025-01-25 22:00:00+00:00,444.92,29.11,17.2816,39.4531,681.8135,2045.4404
2025-01-25 23:00:00+00:00,289.55,29.08,11.237,38.6875,434.7302,1304.1907
2025-01-26 00:00:00+00:00,157.4,29.0,6.099,37.5289,228.8906,686.6718
2025-01-26 01:00:00+00:00,53.4,28.77,2.0623,35.3796,72.9622,218.8867
2025-01-26 02:00:00+00:00,0.0,28.49,0.0,0.0,0.0,0.0
2025-01-26 03:00:00+00:00,0.0,28.35,0.0,0.0,0.0,0.0
2025-01-26 04:00:00+00:00,0.0,28.24,0.0,0.0,0.0,0.0
2025-01-26 05:00:00+00:00,0.0,28.14,0.0,0.0,0.0,0.0
2025-01-26 06:00:00+00:00,0.0,28.0,0.0,0.0,0.0,0.0
2025-01-26 07:00:00+00:00,0.0,27.88,0.0,0.0,0.0,0.0
2025-01-26 08:00:00+00:00,0.0,27.77,0.0,0.0,0.0,0.0
2025-01-26 09:00:00+00:00,0.0,27.68,0.0,0.0,0.0,0.0
2025-01-26 10:00:00+00:00,0.0,27.64,0.0,0.0,0.0,0.0
2025-01-26 11:00:00+00:00,0.0,27.63,0.0,0.0,0.0,0.0
2025-01-26 12:00:00+00:00,0.0,27.63,0.0,0.0,0.0,0.0
2025-01-26 13:00:00+00:00,0.0,27.71,0.0,0.0,0.0,0.0
2025-01-26 14:00:00+00:00,60.15,27.9,2.324,35.825,83.259,249.7771
2025-01-26 15:00:00+00:00,207.6,28.1,8.0503,38.2711,308.0927,924.278
2025-01-26 16:00:00+00:00,393.15,28.17,15.2671,39.4414,602.1563,1806.4689
2025-01-26 17:00:00+00:00,601.92,28.31,23.3903,40.1238,938.5072,2815.5217
2025-01-26 18:00:00+00:00,726.58,28.43,28.2406,40.3832,1140.4439,3421.3316
2025-01-26 19:00:00+00:00,730.83,28.53,28.406,40.3703,1146.7598,3440.2795
2025-01-26 20:00:00+00:00,735.47,28.55,28.5865,40.3753,1154.1885,3462.5655
2025-01-26 21:00:00+00:00,719.03,28.49,27.9469,40.3551,1127.8008,3383.4023
2025-01-26 22:00:00+00:00,582.12,28.38,22.6199,40.056,906.0623,2718.1869
2025-01-26 23:00:00+00:00,438.17,28.25,17.0187,39.6129,674.1626,2022.4879
2025-01-27 00:00:00+00:00,241.52,28.1,9.3691,38.5613,361.2838,1083.8514
2025-01-27 01:00:00+00:00,78.1,27.87,3.0201,36.3683,109.8374,329.5121
2025-01-27 02:00:00+00:00,0.0,27.62,0.0,0.0,0.0,0.0
2025-01-27 03:00:00+00:00,0.0,27.49,0.0,0.0,0.0,0.0
2025-01-27 04:00:00+00:00,0.0,27.36,0.0,0.0,0.0,0.0
2025-01-27 05:00:00+00:00,0.0,27.24,0.0,0.0,0.0,0.0
2025-01-27 06:00:00+00:00,0.0,27.12,0.0,0.0,0.0,0.0
2025-01-27 07:00:00+00:00,0.0,27.02,0.0,0.0,0.0,0.0
2025-01-27 08:00:00+00:00,0.0,26.96,0.0,0.0,0.0,0.0
2025-01-27 09:00:00+00:00,0.0,26.92,0.0,0.0,0.0,0.0
2025-01-27 10:00:00+00:00,0.0,26.91,0.0,0.0,0.0,0.0
2025-01-27 11:00:00+00:00,0.0,26.9,0.0,0.0,0.0,0.0
2025-01-27 12:00:00+00:00,0.0,26.9,0.0,0.0,0.0,0.0
2025-01-27 13:00:00+00:00,0.0,26.95,0.0,0.0,0.0,0.0
2025-01-27 14:00:00+00:00,74.38,27.3,2.8759,36.3981,104.679,314.037
2025-01-27 15:00:00+00:00,264.35,27.71,10.2569,38.8178,398.1496,1194.4488
2025-01-27 16:00:00+00:00,481.95,27.91,18.7221,39.8484,746.044,2238.1319
2025-01-27 17:00:00+00:00,663.53,28.05,25.7872,40.3296,1039.9902,3119.9706
2025-01-27 18:00:00+00:00,726.83,28.22,28.2501,40.4284,1142.108,3426.324
2025-01-27 19:00:00+00:00,794.17,28.44,30.87,40.5077,1250.4739,3751.4217
2025-01-27 20:00:00+00:00,790.12,28.52,30.7125,40.4836,1243.3539,3730.0617
2025-01-27 21:00:00+00:00,632.7,28.51,24.588,40.1586,987.4207,2962.262
2025-01-27 22:00:00+00:00,472.17,28.45,18.3417,39.6972,728.1156,2184.3469
2025-01-27 23:00:00+00:00,251.07,28.3,9.7404,38.5908,375.8915,1127.6744
2025-01-28 00:00:00+00:00,160.48,28.0,6.2189,37.7902,235.0129,705.0388
2025-01-28 01:00:00+00:00,59.25,27.65,2.2892,35.8512,82.0707,246.212
2025-01-28 02:00:00+00:00,0.0,27.34,0.0,0.0,0.0,0.0
2025-01-28 03:00:00+00:00,0.0,27.25,0.0,0.0,0.0,0.0
2025-01-28 04:00:00+00:00,0.0,27.2,0.0,0.0,0.0,0.0
2025-01-28 05:00:00+00:00,0.0,27.17,0.0,0.0,0.0,0.0
2025-01-28 06:00:00+00:00,0.0,27.13,0.0,0.0,0.0,0.0
2025-01-28 07:00:00+00:00,0.0,27.04,0.0,0.0,0.0,0.0
2025-01-28 08:00:00+00:00,0.0,26.94,0.0,0.0,0.0,0.0
2025-01-28 09:00:00+00:00,0.0,26.83,0.0,0.0,0.0,0.0
2025-01-28 10:00:00+00:00,0.0,26.76,0.0,0.0,0.0,0.0
2025-01-28 11:00:00+00:00,0.0,26.72,0.0,0.0,0.0,0.0
2025-01-28 12:00:00+00:00,0.0,26.68,0.0,0.0,0.0,0.0
2025-01-28 13:00:00+00:00,0.0,26.63,0.0,0.0,0.0,0.0
2025-01-28 14:00:00+00:00,52.75,26.76,2.0374,35.8159,72.9723,218.9168
2025-01-28 15:00:00+00:00,150.38,26.96,5.8266,37.8938,220.7924,662.3771
2025-01-28 16:00:00+00:00,290.65,27.09,11.2797,39.1308,441.3823,1324.1469
2025-01-28 17:00:00+00:00,373.77,27.27,14.5129,39.5477,573.9531,1721.8593
2025-01-28 18:00:00+00:00,400.77,27.42,15.5634,39.638,616.9018,1850.7053
2025-01-28 19:00:00+00:00,415.48,27.58,16.1357,39.6662,640.0428,1920.1284
2025-01-28 20:00:00+00:00,472.08,27.68,18.3379,39.8632,731.0098,2193.0295
2025-01-28 21:00:00+00:00,438.12,27.74,17.0166,39.7232,675.9551,2027.8653
2025-01-28 22:00:00+00:00,399.25,27.71,15.5043,39.5684,613.4812,1840.4436
2025-01-28 23:00:00+00:00,373.48,27.61,14.5017,39.4723,572.417,1717.2511
2025-01-29 00:00:00+00:00,198.12,27.48,7.6818,38.318,294.3512,883.0536
2025-01-29 01:00:00+00:00,78.12,27.31,3.021,36.4962,110.2554,330.7663
2025-01-29 02:00:00+00:00,0.0,27.14,0.0,0.0,0.0,0.0
2025-01-29 03:00:00+00:00,0.0,27.1,0.0,0.0,0.0,0.0
2025-01-29 04:00:00+00:00,0.0,27.06,0.0,0.0,0.0,0.0
2025-01-29 05:00:00+00:00,0.0,27.0,0.0,0.0,0.0,0.0
2025-01-29 06:00:00+00:00,0.0,26.89,0.0,0.0,0.0,0.0
2025-01-29 07:00:00+00:00,0.0,26.75,0.0,0.0,0.0,0.0
2025-01-29 08:00:00+00:00,0.0,26.6,0.0,0.0,0.0,0.0
2025-01-29 09:00:00+00:00,0.0,26.47,0.0,0.0,0.0,0.0
2025-01-29 10:00:00+00:00,0.0,26.4,0.0,0.0,0.0,0.0
2025-01-29 11:00:00+00:00,0.0,26.37,0.0,0.0,0.0,0.0
2025-01-29 12:00:00+00:00,0.0,26.36,0.0,0.0,0.0,0.0
2025-01-29 13:00:00+00:00,0.0,26.37,0.0,0.0,0.0,0.0
2025-01-29 14:00:00+00:00,63.62,26.54,2.4588,36.2515,89.1353,267.4058
2025-01-29 15:00:00+00:00,221.68,26.91,8.5977,38.6604,332.3913,997.1738
2025-01-29 16:00:00+00:00,394.15,27.08,15.3057,39.6827,607.3728,1822.1185
2025-01-29 17:00:00+00:00,535.65,27.21,20.8111,40.1738,836.0617,2508.185
2025-01-29 18:00:00+00:00,744.5,27.36,28.9367,40.6464,1176.1718,3528.5153
2025-01-29 19:00:00+00:00,783.53,27.52,30.4551,40.6845,1239.0539,3717.1618
2025-01-29 20:00:00+00:00,770.22,27.64,29.9375,40.635,1216.5107,3649.5321
2025-01-29 21:00:00+00:00,777.28,27.68,30.2122,40.6393,1227.8027,3683.408
2025-01-29 22:00:00+00:00,571.72,27.65,22.2148,40.184,892.6809,2678.0427
2025-01-29 23:00:00+00:00,402.77,27.59,15.6412,39.6098,619.5468,1858.6405
2025-01-30 00:00:00+00:00,218.93,27.51,8.4908,38.5039,326.9282,980.7847
2025-01-30 01:00:00+00:00,70.95,27.39,2.7429,36.281,99.5149,298.5447
2025-01-30 02:00:00+00:00,0.0,27.23,0.0,0.0,0.0,0.0
2025-01-30 03:00:00+00:00,0.0,27.22,0.0,0.0,0.0,0.0
2025-01-30 04:00:00+00:00,0.0,27.22,0.0,0.0,0.0,0.0
2025-01-30 05:00:00+00:00,0.0,27.21,0.0,0.0,0.0,0.0
2025-01-30 06:00:00+00:00,0.0,27.18,0.0,0.0,0.0,0.0
2025-01-30 07:00:00+00:00,0.0,27.11,0.0,0.0,0.0,0.0
2025-01-30 08:00:00+00:00,0.0,27.03,0.0,0.0,0.0,0.0
2025-01-30 09:00:00+00:00,0.0,26.98,0.0,0.0,0.0,0.0
2025-01-30 10:00:00+00:00,0.0,26.95,0.0,0.0,0.0,0.0
2025-01-30 11:00:00+00:00,0.0,26.94,0.0,0.0,0.0,0.0
2025-01-30 12:00:00+00:00,0.0,26.92,0.0,0.0,0.0,0.0
2025-01-30 13:00:00+00:00,0.0,26.92,0.0,0.0,0.0,0.0
2025-01-30 14:00:00+00:00,21.62,27.17,0.8324,33.8694,28.1925,84.5774
2025-01-30 15:00:00+00:00,69.72,27.52,2.6952,36.2155,97.6069,292.8207
2025-01-30 16:00:00+00:00,127.97,27.63,4.956,37.4228,185.4677,556.403
2025-01-30 17:00:00+00:00,279.23,27.64,10.8356,38.9357,421.8899,1265.6698
2025-01-30 18:00:00+00:00,368.3,27.62,14.3002,39.4453,564.0762,1692.2285
2025-01-30 19:00:00+00:00,461.17,27.6,17.9134,39.841,713.6885,2141.0655
2025-01-30 20:00:00+00:00,447.0,27.62,17.3621,39.7835,690.7259,2072.1776
2025-01-30 21:00:00+00:00,434.83,27.64,16.8886,39.7319,671.0159,2013.0477
2025-01-30 22:00:00+00:00,412.12,27.55,16.005,39.6585,634.7352,1904.2057
2025-01-30 23:00:00+00:00,349.5,27.34,13.5688,39.4125,534.7808,1604.3423
2025-01-31 00:00:00+00:00,180.77,27.13,7.0075,38.2175,267.8081,803.4243
2025-01-31 01:00:00+00:00,34.22,26.84,1.3198,34.9022,46.0625,138.1876
2025-01-31 02:00:00+00:00,0.0,26.54,0.0,0.0,0.0,0.0
2025-01-31 03:00:00+00:00,0.0,26.46,0.0,0.0,0.0,0.0
2025-01-31 04:00:00+00:00,0.0,26.54,0.0,0.0,0.0,0.0
2025-01-31 05:00:00+00:00,0.0,26.68,0.0,0.0,0.0,0.0
2025-01-31 06:00:00+00:00,0.0,26.81,0.0,0.0,0.0,0.0
2025-01-31 07:00:00+00:00,0.0,26.86,0.0,0.0,0.0,0.0
2025-01-31 08:00:00+00:00,0.0,26.89,0.0,0.0,0.0,0.0
2025-01-31 09:00:00+00:00,0.0,26.97,0.0,0.0,0.0,0.0
2025-01-31 10:00:00+00:00,0.0,27.08,0.0,0.0,0.0,0.0
2025-01-31 11:00:00+00:00,0.0,27.15,0.0,0.0,0.0,0.0
2025-01-31 12:00:00+00:00,0.0,27.17,0.0,0.0,0.0,0.0
2025-01-31 13:00:00+00:00,0.0,27.15,0.0,0.0,0.0,0.0
2025-01-31 14:00:00+00:00,27.9,27.25,1.0752,34.3822,36.967,110.901
2025-01-31 15:00:00+00:00,107.03,27.5,4.1429,37.0928,153.6727,461.018
2025-01-31 16:00:00+00:00,161.65,27.67,6.2644,37.8781,237.2832,711.8497
2025-01-31 17:00:00+00:00,324.67,27.83,12.603,39.1721,493.6861,1481.0583
2025-01-31 18:00:00+00:00,420.15,27.96,16.3175,39.6032,646.2264,1938.6793
2025-01-31 19:00:00+00:00,563.83,28.06,21.9081,40.0737,877.9379,2633.8138
2025-01-31 20:00:00+00:00,581.85,28.07,22.6092,40.1218,907.1221,2721.3662
2025-01-31 21:00:00+00:00,577.53,28.06,22.4411,40.1121,900.1602,2700.4807
2025-01-31 22:00:00+00:00,361.88,28.0,14.0505,39.3311,552.6233,1657.8699
2025-01-31 23:00:00+00:00,316.3,27.95,12.2774,39.0982,480.0248,1440.0743
2025-02-01 00:00:00+00:00,160.85,27.87,6.2333,37.8237,235.7659,707.2977
2025-02-01 01:00:00+00:00,59.78,27.68,2.3097,35.8627,82.8335,248.5006
2025-02-01 02:00:00+00:00,0.0,27.47,0.0,0.0,0.0,0.0
2025-02-01 03:00:00+00:00,0.0,27.41,0.0,0.0,0.0,0.0
2025-02-01 04:00:00+00:00,0.0,27.35,0.0,0.0,0.0,0.0
2025-02-01 05:00:00+00:00,0.0,27.28,0.0,0.0,0.0,0.0
2025-02-01 06:00:00+00:00,0.0,27.19,0.0,0.0,0.0,0.0
2025-02-01 07:00:00+00:00,0.0,27.11,0.0,0.0,0.0,0.0
2025-02-01 08:00:00+00:00,0.0,27.06,0.0,0.0,0.0,0.0
2025-02-01 09:00:00+00:00,0.0,27.04,0.0,0.0,0.0,0.0
2025-02-01 10:00:00+00:00,0.0,27.06,0.0,0.0,0.0,0.0
2025-02-01 11:00:00+00:00,0.0,27.1,0.0,0.0,0.0,0.0
2025-02-01 12:00:00+00:00,0.0,27.15,0.0,0.0,0.0,0.0
2025-02-01 13:00:00+00:00,0.0,27.2,0.0,0.0,0.0,0.0
2025-02-01 14:00:00+00:00,57.88,27.48,2.2361,35.8419,80.1471,240.4414
2025-02-01 15:00:00+00:00,187.07,27.92,7.2523,38.1088,276.375,829.1249
2025-02-01 16:00:00+00:00,456.25,28.1,17.7222,39.7146,703.8297,2111.4892
2025-02-01 17:00:00+00:00,651.0,28.2,25.2998,40.2686,1018.7903,3056.3708
2025-02-01 18:00:00+00:00,776.7,28.21,30.1902,40.5255,1223.4722,3670.4166
2025-02-01 19:00:00+00:00,804.05,28.28,31.2542,40.5589,1267.6345,3802.9036
2025-02-01 20:00:00+00:00,779.88,28.35,30.314,40.5015,1227.7625,3683.2874
2025-02-01 21:00:00+00:00,667.1,28.34,25.9264,40.2758,1044.2037,3132.6111
2025-02-01 22:00:00+00:00,550.7,28.34,21.3973,39.9756,855.3709,2566.1126
2025-02-01 23:00:00+00:00,336.67,28.36,13.0699,39.1224,511.3245,1533.9735
2025-02-02 00:00:00+00:00,196.82,28.31,7.6312,38.1213,290.9105,872.7316
2025-02-02 01:00:00+00:00,59.85,28.1,2.3124,35.7689,82.7114,248.1342
2025-02-02 02:00:00+00:00,0.0,27.78,0.0,0.0,0.0,0.0
2025-02-02 03:00:00+00:00,0.0,27.64,0.0,0.0,0.0,0.0
2025-02-02 04:00:00+00:00,0.0,27.57,0.0,0.0,0.0,0.0
2025-02-02 05:00:00+00:00,0.0,27.54,0.0,0.0,0.0,0.0
2025-02-02 06:00:00+00:00,0.0,27.51,0.0,0.0,0.0,0.0
2025-02-02 07:00:00+00:00,0.0,27.47,0.0,0.0,0.0,0.0
2025-02-02 08:00:00+00:00,0.0,27.46,0.0,0.0,0.0,0.0
2025-02-02 09:00:00+00:00,0.0,27.47,0.0,0.0,0.0,0.0
2025-02-02 10:00:00+00:00,0.0,27.42,0.0,0.0,0.0,0.0
2025-02-02 11:00:00+00:00,0.0,27.31,0.0,0.0,0.0,0.0
2025-02-02 12:00:00+00:00,0.0,27.24,0.0,0.0,0.0,0.0
2025-02-02 13:00:00+00:00,0.0,27.23,0.0,0.0,0.0,0.0
2025-02-02 14:00:00+00:00,53.78,27.38,2.0772,35.7134,74.1852,222.5557
2025-02-02 15:00:00+00:00,190.8,27.69,7.3973,38.1983,282.5628,847.6885
2025-02-02 16:00:00+00:00,351.0,27.93,13.6273,39.2916,535.4366,1606.3099
2025-02-02 17:00:00+00:00,522.4,28.07,20.296,39.9477,810.78,2432.3399
2025-02-02 18:00:00+00:00,655.42,28.15,25.4718,40.2896,1026.2485,3078.7455
2025-02-02 19:00:00+00:00,653.38,28.22,25.3925,40.2699,1022.5522,3067.6566
2025-02-02 20:00:00+00:00,724.17,28.25,28.1467,40.4167,1137.5952,3412.7855
2025-02-02 21:00:00+00:00,625.58,28.2,24.3108,40.2075,977.4759,2932.4277
2025-02-02 22:00:00+00:00,503.45,28.08,19.5587,39.8845,780.0897,2340.2691
2025-02-02 23:00:00+00:00,345.27,27.87,13.4043,39.275,526.4556,1579.3669
2025-02-03 00:00:00+00:00,191.95,27.68,7.442,38.2122,284.3738,853.1214
2025-02-03 01:00:00+00:00,63.62,27.49,2.4586,36.0343,88.5955,265.7864
2025-02-03 02:00:00+00:00,0.0,27.31,0.0,0.0,0.0,0.0
2025-02-03 03:00:00+00:00,0.0,27.24,0.0,0.0,0.0,0.0
2025-02-03 04:00:00+00:00,0.0,27.17,0.0,0.0,0.0,0.0
2025-02-03 05:00:00+00:00,0.0,27.1,0.0,0.0,0.0,0.0
2025-02-03 06:00:00+00:00,0.0,27.03,0.0,0.0,0.0,0.0
2025-02-03 07:00:00+00:00,0.0,26.97,0.0,0.0,0.0,0.0
2025-02-03 08:00:00+00:00,0.0,26.92,0.0,0.0,0.0,0.0
2025-02-03 09:00:00+00:00,0.0,26.92,0.0,0.0,0.0,0.0
2025-02-03 10:00:00+00:00,0.0,26.93,0.0,0.0,0.0,0.0
2025-02-03 11:00:00+00:00,0.0,26.93,0.0,0.0,0.0,0.0
2025-02-03 12:00:00+00:00,0.0,26.95,0.0,0.0,0.0,0.0
2025-02-03 13:00:00+00:00,0.0,26.98,0.0,0.0,0.0,0.0
2025-02-03 14:00:00+00:00,55.47,27.25,2.1428,35.807,76.7258,230.1773
2025-02-03 15:00:00+00:00,200.1,27.57,7.7588,38.3173,297.2948,891.8843
2025-02-03 16:00:00+00:00,390.3,27.72,15.1561,39.5263,599.0665,1797.1995
2025-02-03 17:00:00+00:00,564.2,27.8,21.9223,40.1307,879.7567,2639.27
2025-02-03 18:00:00+00:00,716.12,27.89,27.8331,40.4772,1126.6074,3379.8222
2025-02-03 19:00:00+00:00,783.62,28.12,30.4593,40.5571,1235.3401,3706.0202
2025-02-03 20:00:00+00:00,790.17,28.26,30.7142,40.5389,1245.1226,3735.3679
2025-02-03 21:00:00+00:00,726.5,28.24,28.2373,40.4235,1141.4506,3424.3519
2025-02-03 22:00:00+00:00,593.12,28.07,23.0477,40.1521,925.4152,2776.2455
2025-02-03 23:00:00+00:00,400.83,27.93,15.5659,39.5275,615.2799,1845.8398
2025-02-04 00:00:00+00:00,214.5,27.79,8.3185,38.4027,319.4546,958.3637
2025-02-04 01:00:00+00:00,64.78,27.56,2.5036,36.0554,90.2686,270.8059
2025-02-04 02:00:00+00:00,0.0,27.35,0.0,0.0,0.0,0.0
2025-02-04 03:00:00+00:00,0.0,27.28,0.0,0.0,0.0,0.0
2025-02-04 04:00:00+00:00,0.0,27.23,0.0,0.0,0.0,0.0
2025-02-04 05:00:00+00:00,0.0,27.2,0.0,0.0,0.0,0.0
2025-02-04 06:00:00+00:00,0.0,27.16,0.0,0.0,0.0,0.0
2025-02-04 07:00:00+00:00,0.0,27.05,0.0,0.0,0.0,0.0
2025-02-04 08:00:00+00:00,0.0,26.91,0.0,0.0,0.0,0.0
2025-02-04 09:00:00+00:00,0.0,26.8,0.0,0.0,0.0,0.0
2025-02-04 10:00:00+00:00,0.0,26.74,0.0,0.0,0.0,0.0
2025-02-04 11:00:00+00:00,0.0,26.72,0.0,0.0,0.0,0.0
2025-02-04 12:00:00+00:00,0.0,26.73,0.0,0.0,0.0,0.0
2025-02-04 13:00:00+00:00,0.0,26.73,0.0,0.0,0.0,0.0
2025-02-04 14:00:00+00:00,44.08,26.96,1.7015,35.3991,60.2316,180.6949
2025-02-04 15:00:00+00:00,139.02,27.27,5.3853,37.6687,202.8558,608.5673
2025-02-04 16:00:00+00:00,263.12,27.37,10.209,38.8838,396.9662,1190.8987
2025-02-04 17:00:00+00:00,391.7,27.51,15.2105,39.5783,602.0073,1806.0219
2025-02-04 18:00:00+00:00,591.22,27.67,22.9735,40.2329,924.2921,2772.8762
2025-02-04 19:00:00+00:00,683.22,27.75,26.5531,40.4376,1073.7432,3221.2296
2025-02-04 20:00:00+00:00,657.72,27.73,25.5609,40.3848,1032.2726,3096.8179
2025-02-04 21:00:00+00:00,608.85,27.69,23.6595,40.2747,952.8787,2858.6361
2025-02-04 22:00:00+00:00,470.58,27.67,18.2796,39.86,728.6245,2185.8735
2025-02-04 23:00:00+00:00,293.4,27.67,11.3867,39.021,444.3202,1332.9605
2025-02-05 00:00:00+00:00,158.75,27.62,6.1517,37.8535,232.8642,698.5926
2025-02-05 01:00:00+00:00,54.78,27.47,2.116,35.7307,75.6055,226.8164
2025-02-05 02:00:00+00:00,0.0,27.32,0.0,0.0,0.0,0.0
2025-02-05 03:00:00+00:00,0.0,27.31,0.0,0.0,0.0,0.0
2025-02-05 04:00:00+00:00,0.0,27.33,0.0,0.0,0.0,0.0
2025-02-05 05:00:00+00:00,0.0,27.34,0.0,0.0,0.0,0.0
2025-02-05 06:00:00+00:00,0.0,27.31,0.0,0.0,0.0,0.0
2025-02-05 07:00:00+00:00,0.0,27.24,0.0,0.0,0.0,0.0
2025-02-05 08:00:00+00:00,0.0,27.16,0.0,0.0,0.0,0.0
2025-02-05 09:00:00+00:00,0.0,27.1,0.0,0.0,0.0,0.0
2025-02-05 10:00:00+00:00,0.0,27.06,0.0,0.0,0.0,0.0
2025-02-05 11:00:00+00:00,0.0,27.03,0.0,0.0,0.0,0.0
2025-02-05 12:00:00+00:00,0.0,27.0,0.0,0.0,0.0,0.0
2025-02-05 13:00:00+00:00,0.0,26.98,0.0,0.0,0.0,0.0
2025-02-05 14:00:00+00:00,44.35,27.31,1.7119,35.3309,60.4832,181.4497
2025-02-05 15:00:00+00:00,165.52,27.77,6.4148,37.9024,243.1349,729.4046
2025-02-05 16:00:00+00:00,321.05,27.98,12.4622,39.1189,487.5071,1462.5214
2025-02-05 17:00:00+00:00,497.1,28.16,19.3117,39.8462,769.4956,2308.4869
2025-02-05 18:00:00+00:00,617.12,28.26,23.9817,40.1735,963.4277,2890.283
2025-02-05 19:00:00+00:00,718.22,28.36,27.9153,40.3812,1127.2524,3381.7573
2025-02-05 20:00:00+00:00,672.08,28.46,26.1202,40.2613,1051.6341,3154.9024
2025-02-05 21:00:00+00:00,590.95,28.46,22.9635,40.0627,919.9801,2759.9403
2025-02-05 22:00:00+00:00,481.35,28.41,18.6989,39.7383,743.0636,2229.1908
2025-02-05 23:00:00+00:00,338.85,28.33,13.1547,39.1407,514.8824,1544.6471
2025-02-06 00:00:00+00:00,206.1,28.22,7.9919,38.2305,305.5362,916.6087
2025-02-06 01:00:00+00:00,71.93,27.97,2.7808,36.1769,100.6007,301.8022
2025-02-06 02:00:00+00:00,0.0,27.65,0.0,0.0,0.0,0.0
2025-02-06 03:00:00+00:00,0.0,27.51,0.0,0.0,0.0,0.0
2025-02-06 04:00:00+00:00,0.0,27.41,0.0,0.0,0.0,0.0
2025-02-06 05:00:00+00:00,0.0,27.3,0.0,0.0,0.0,0.0
2025-02-06 06:00:00+00:00,0.0,27.2,0.0,0.0,0.0,0.0
2025-02-06 07:00:00+00:00,0.0,27.08,0.0,0.0,0.0,0.0
2025-02-06 08:00:00+00:00,0.0,26.97,0.0,0.0,0.0,0.0
2025-02-06 09:00:00+00:00,0.0,26.88,0.0,0.0,0.0,0.0
2025-02-06 10:00:00+00:00,0.0,26.8,0.0,0.0,0.0,0.0
2025-02-06 11:00:00+00:00,0.0,26.73,0.0,0.0,0.0,0.0
2025-02-06 12:00:00+00:00,0.0,26.68,0.0,0.0,0.0,0.0
2025-02-06 13:00:00+00:00,0.0,26.61,0.0,0.0,0.0,0.0
2025-02-06 14:00:00+00:00,49.92,26.87,1.9278,35.6769,68.7762,206.3285
2025-02-06 15:00:00+00:00,200.15,27.19,7.7607,38.402,298.0275,894.0825
2025-02-06 16:00:00+00:00,396.02,27.46,15.3786,39.6084,609.1222,1827.3665
2025-02-06 17:00:00+00:00,633.33,27.69,24.612,40.3357,992.7406,2978.2218
2025-02-06 18:00:00+00:00,593.6,27.86,23.0663,40.1984,927.2283,2781.685
2025-02-06 19:00:00+00:00,429.02,27.89,16.6626,39.6545,660.7487,1982.2461
2025-02-06 20:00:00+00:00,341.33,27.84,13.2511,39.2608,520.2477,1560.7432
2025-02-06 21:00:00+00:00,267.45,27.86,10.3774,38.8067,402.7145,1208.1434
2025-02-06 22:00:00+00:00,246.43,27.87,9.56,38.6502,369.4961,1108.4883
2025-02-06 23:00:00+00:00,188.68,27.91,7.3148,38.1278,278.8982,836.6946
2025-02-07 00:00:00+00:00,97.78,27.94,3.7838,36.8105,139.2828,417.8485
2025-02-07 01:00:00+00:00,29.6,27.79,1.1409,34.3794,39.2222,117.6666
2025-02-07 02:00:00+00:00,0.0,27.52,0.0,0.0,0.0,0.0
2025-02-07 03:00:00+00:00,0.0,27.4,0.0,0.0,0.0,0.0
2025-02-07 04:00:00+00:00,0.0,27.34,0.0,0.0,0.0,0.0
2025-02-07 05:00:00+00:00,0.0,27.32,0.0,0.0,0.0,0.0
2025-02-07 06:00:00+00:00,0.0,27.32,0.0,0.0,0.0,0.0
2025-02-07 07:00:00+00:00,0.0,27.34,0.0,0.0,0.0,0.0
2025-02-07 08:00:00+00:00,0.0,27.34,0.0,0.0,0.0,0.0
2025-02-07 09:00:00+00:00,0.0,27.33,0.0,0.0,0.0,0.0
2025-02-07 10:00:00+00:00,0.0,27.34,0.0,0.0,0.0,0.0
2025-02-07 11:00:00+00:00,0.0,27.36,0.0,0.0,0.0,0.0
2025-02-07 12:00:00+00:00,0.0,27.38,0.0,0.0,0.0,0.0
2025-02-07 13:00:00+00:00,0.0,27.4,0.0,0.0,0.0,0.0
2025-02-07 14:00:00+00:00,18.85,27.68,0.7253,33.463,24.2709,72.8127
2025-02-07 15:00:00+00:00,106.62,28.09,4.1269,36.952,152.4975,457.4924
2025-02-07 16:00:00+00:00,179.9,28.2,6.9735,37.9703,264.7876,794.3627
2025-02-07 17:00:00+00:00,273.7,28.25,10.6205,38.7644,411.6974,1235.0921
2025-02-07 18:00:00+00:00,322.35,28.34,12.5128,39.0476,488.5946,1465.7838
2025-02-07 19:00:00+00:00,436.4,28.46,16.9499,39.5605,670.548,2011.6439
2025-02-07 20:00:00+00:00,509.42,28.55,19.7912,39.8028,787.7444,2363.2331
2025-02-07 21:00:00+00:00,504.35,28.53,19.5939,39.7905,779.651,2338.9531
2025-02-07 22:00:00+00:00,324.17,28.47,12.5836,39.0295,491.1316,1473.3947
2025-02-07 23:00:00+00:00,314.5,28.4,12.2074,38.9893,475.9596,1427.8788
2025-02-08 00:00:00+00:00,133.2,28.26,5.159,37.3617,192.7503,578.2509
2025-02-08 01:00:00+00:00,47.28,28.03,1.8253,35.2975,64.4278,193.2835
2025-02-08 02:00:00+00:00,0.0,27.8,0.0,0.0,0.0,0.0
2025-02-08 03:00:00+00:00,0.0,27.72,0.0,0.0,0.0,0.0
2025-02-08 04:00:00+00:00,0.0,27.68,0.0,0.0,0.0,0.0
2025-02-08 05:00:00+00:00,0.0,27.6,0.0,0.0,0.0,0.0
2025-02-08 06:00:00+00:00,0.0,27.51,0.0,0.0,0.0,0.0
2025-02-08 07:00:00+00:00,0.0,27.44,0.0,0.0,0.0,0.0
2025-02-08 08:00:00+00:00,0.0,27.39,0.0,0.0,0.0,0.0
2025-02-08 09:00:00+00:00,0.0,27.36,0.0,0.0,0.0,0.0
2025-02-08 10:00:00+00:00,0.0,27.3,0.0,0.0,0.0,0.0
2025-02-08 11:00:00+00:00,0.0,27.25,0.0,0.0,0.0,0.0
2025-02-08 12:00:00+00:00,0.0,27.21,0.0,0.0,0.0,0.0
2025-02-08 13:00:00+00:00,0.0,27.21,0.0,0.0,0.0,0.0
2025-02-08 14:00:00+00:00,42.47,27.44,1.6391,35.2112,57.7137,173.1412
2025-02-08 15:00:00+00:00,171.18,27.82,6.6347,37.9574,251.8359,755.5077
2025-02-08 16:00:00+00:00,341.5,28.05,13.2577,39.2159,519.913,1559.7391
2025-02-08 17:00:00+00:00,580.85,28.22,22.5704,40.0868,904.7761,2714.3282
2025-02-08 18:00:00+00:00,690.33,28.37,26.8302,40.3207,1081.8109,3245.4326
2025-02-08 19:00:00+00:00,801.6,28.54,31.1591,40.4994,1261.9268,3785.7803
2025-02-08 20:00:00+00:00,807.58,28.66,31.3919,40.4842,1270.8752,3812.6256
2025-02-08 21:00:00+00:00,756.2,28.71,29.3932,40.3812,1186.9297,3560.789
2025-02-08 22:00:00+00:00,639.08,28.67,24.8364,40.1398,996.9271,2990.7813
2025-02-08 23:00:00+00:00,504.8,28.61,19.6114,39.7747,780.0399,2340.1196
2025-02-09 00:00:00+00:00,276.65,28.47,10.7352,38.7362,415.8419,1247.5257
2025-02-09 01:00:00+00:00,81.2,28.21,3.1403,36.3707,114.2163,342.6488
2025-02-09 02:00:00+00:00,0.0,27.87,0.0,0.0,0.0,0.0
2025-02-09 03:00:00+00:00,0.0,27.69,0.0,0.0,0.0,0.0
2025-02-09 04:00:00+00:00,0.0,27.59,0.0,0.0,0.0,0.0
2025-02-09 05:00:00+00:00,0.0,27.53,0.0,0.0,0.0,0.0
2025-02-09 06:00:00+00:00,0.0,27.46,0.0,0.0,0.0,0.0
2025-02-09 07:00:00+00:00,0.0,27.39,0.0,0.0,0.0,0.0
2025-02-09 08:00:00+00:00,0.0,27.29,0.0,0.0,0.0,0.0
2025-02-09 09:00:00+00:00,0.0,27.19,0.0,0.0,0.0,0.0
2025-02-09 10:00:00+00:00,0.0,27.08,0.0,0.0,0.0,0.0
2025-02-09 11:00:00+00:00,0.0,26.98,0.0,0.0,0.0,0.0
2025-02-09 12:00:00+00:00,0.0,26.91,0.0,0.0,0.0,0.0
2025-02-09 13:00:00+00:00,0.0,26.87,0.0,0.0,0.0,0.0
2025-02-09 14:00:00+00:00,52.3,27.23,2.0199,35.6902,72.0912,216.2735
2025-02-09 15:00:00+00:00,182.68,27.69,7.0817,38.1136,269.9071,809.7214
2025-02-09 16:00:00+00:00,342.88,27.99,13.3114,39.2363,522.2893,1566.8679
2025-02-09 17:00:00+00:00,585.12,28.29,22.7366,40.0834,911.3606,2734.0819
2025-02-09 18:00:00+00:00,720.22,28.56,27.9932,40.3426,1129.3213,3387.964
2025-02-09 19:00:00+00:00,734.62,28.76,28.5536,40.3288,1151.5351,3454.6052
2025-02-09 20:00:00+00:00,739.83,28.85,28.7564,40.3199,1159.4554,3478.3661
2025-02-09 21:00:00+00:00,712.67,28.86,27.6997,40.2632,1115.2809,3345.8426
2025-02-09 22:00:00+00:00,546.95,28.79,21.2516,39.8678,847.2548,2541.7645
2025-02-09 23:00:00+00:00,335.75,28.63,13.0341,39.0586,509.0925,1527.2775
2025-02-10 00:00:00+00:00,198.85,28.39,7.7101,38.1235,293.9354,881.8062
2025-02-10 01:00:00+00:00,70.4,27.95,2.7215,36.1373,98.3465,295.0396
2025-02-10 02:00:00+00:00,0.0,27.54,0.0,0.0,0.0,0.0
2025-02-10 03:00:00+00:00,0.0,27.37,0.0,0.0,0.0,0.0
2025-02-10 04:00:00+00:00,0.0,27.26,0.0,0.0,0.0,0.0
2025-02-10 05:00:00+00:00,0.0,27.19,0.0,0.0,0.0,0.0
2025-02-10 06:00:00+00:00,0.0,27.16,0.0,0.0,0.0,0.0
2025-02-10 07:00:00+00:00,0.0,27.12,0.0,0.0,0.0,0.0
2025-02-10 08:00:00+00:00,0.0,27.08,0.0,0.0,0.0,0.0
2025-02-10 09:00:00+00:00,0.0,27.02,0.0,0.0,0.0,0.0
2025-02-10 10:00:00+00:00,0.0,26.94,0.0,0.0,0.0,0.0
2025-02-10 11:00:00+00:00,0.0,26.86,0.0,0.0,0.0,0.0
2025-02-10 12:00:00+00:00,0.0,26.85,0.0,0.0,0.0,0.0
2025-02-10 13:00:00+00:00,0.0,26.88,0.0,0.0,0.0,0.0
2025-02-10 14:00:00+00:00,46.0,27.25,1.7758,35.4204,62.9005,188.7014
2025-02-10 15:00:00+00:00,192.15,27.71,7.4497,38.2076,284.6362,853.9087
2025-02-10 16:00:00+00:00,370.12,28.02,14.3711,39.367,565.7471,1697.2414
2025-02-10 17:00:00+00:00,522.3,28.24,20.2922,39.9108,809.8784,2429.6351
2025-02-10 18:00:00+00:00,578.2,28.39,22.4674,40.0431,899.6632,2698.9895
2025-02-10 19:00:00+00:00,566.22,28.48,22.0013,39.9903,879.8377,2639.5131
2025-02-10 20:00:00+00:00,507.95,28.46,19.734,39.8174,785.7545,2357.2634
2025-02-10 21:00:00+00:00,439.17,28.42,17.0577,39.5801,675.145,2025.4349
2025-02-10 22:00:00+00:00,367.2,28.38,14.2576,39.2745,559.9587,1679.876
2025-02-10 23:00:00+00:00,213.05,28.3,8.2621,38.2769,316.2485,948.7454
2025-02-11 00:00:00+00:00,127.72,28.14,4.9462,37.3045,184.5159,553.5476
2025-02-11 01:00:00+00:00,48.33,27.84,1.866,35.3867,66.0313,198.0939
2025-02-11 02:00:00+00:00,0.0,27.53,0.0,0.0,0.0,0.0
2025-02-11 03:00:00+00:00,0.0,27.43,0.0,0.0,0.0,0.0
2025-02-11 04:00:00+00:00,0.0,27.4,0.0,0.0,0.0,0.0
2025-02-11 05:00:00+00:00,0.0,27.37,0.0,0.0,0.0,0.0
2025-02-11 06:00:00+00:00,0.0,27.29,0.0,0.0,0.0,0.0
2025-02-11 07:00:00+00:00,0.0,27.23,0.0,0.0,0.0,0.0
2025-02-11 08:00:00+00:00,0.0,27.23,0.0,0.0,0.0,0.0
2025-02-11 09:00:00+00:00,0.0,27.25,0.0,0.0,0.0,0.0
2025-02-11 10:00:00+00:00,0.0,27.24,0.0,0.0,0.0,0.0
2025-02-11 11:00:00+00:00,0.0,27.15,0.0,0.0,0.0,0.0
2025-02-11 12:00:00+00:00,0.0,27.06,0.0,0.0,0.0,0.0
2025-02-11 13:00:00+00:00,0.0,26.99,0.0,0.0,0.0,0.0
2025-02-11 14:00:00+00:00,35.62,27.16,1.3739,34.9111,47.9645,143.8934
2025-02-11 15:00:00+00:00,126.95,27.54,4.9164,37.427,184.0063,552.0188
2025-02-11 16:00:00+00:00,229.05,27.88,8.8842,38.5087,342.1201,1026.3603
2025-02-11 17:00:00+00:00,217.85,28.15,8.4488,38.353,324.0346,972.1039
2025-02-11 18:00:00+00:00,461.9,28.33,17.9421,39.6859,712.0471,2136.1413
2025-02-11 19:00:00+00:00,352.62,28.41,13.6903,39.1953,536.5967,1609.7902
2025-02-11 20:00:00+00:00,496.48,28.39,19.2876,39.7945,767.5411,2302.6233
2025-02-11 21:00:00+00:00,371.48,28.3,14.4241,39.3126,567.0474,1701.1422
2025-02-11 22:00:00+00:00,395.08,28.18,15.3422,39.4478,605.217,1815.6511
2025-02-11 23:00:00+00:00,309.25,28.0,12.0032,39.0459,468.6753,1406.0258
2025-02-12 00:00:00+00:00,162.23,27.78,6.2869,37.8606,238.0266,714.0798
2025-02-12 01:00:00+00:00,56.5,27.49,2.1826,35.7899,78.1164,234.3491
2025-02-12 02:00:00+00:00,0.0,27.28,0.0,0.0,0.0,0.0
2025-02-12 03:00:00+00:00,0.0,27.28,0.0,0.0,0.0,0.0
2025-02-12 04:00:00+00:00,0.0,27.25,0.0,0.0,0.0,0.0
2025-02-12 05:00:00+00:00,0.0,27.17,0.0,0.0,0.0,0.0
2025-02-12 06:00:00+00:00,0.0,27.09,0.0,0.0,0.0,0.0
2025-02-12 07:00:00+00:00,0.0,27.03,0.0,0.0,0.0,0.0
2025-02-12 08:00:00+00:00,0.0,26.96,0.0,0.0,0.0,0.0
2025-02-12 09:00:00+00:00,0.0,26.9,0.0,0.0,0.0,0.0
2025-02-12 10:00:00+00:00,0.0,26.88,0.0,0.0,0.0,0.0
2025-02-12 11:00:00+00:00,0.0,26.87,0.0,0.0,0.0,0.0
2025-02-12 12:00:00+00:00,0.0,26.91,0.0,0.0,0.0,0.0
2025-02-12 13:00:00+00:00,0.0,26.93,0.0,0.0,0.0,0.0
2025-02-12 14:00:00+00:00,35.67,27.29,1.3758,34.8838,47.9939,143.9816
2025-02-12 15:00:00+00:00,131.45,27.78,5.0911,37.4428,190.6268,571.8803
2025-02-12 16:00:00+00:00,252.38,28.09,9.7914,38.6469,378.4066,1135.2198
2025-02-12 17:00:00+00:00,349.35,28.33,13.5631,39.1959,531.6189,1594.8568
2025-02-12 18:00:00+00:00,426.23,28.46,16.5542,39.5197,654.2188,1962.6565
2025-02-12 19:00:00+00:00,546.8,28.46,21.2456,39.9383,848.5141,2545.5423
2025-02-12 20:00:00+00:00,678.4,28.42,26.3661,40.2839,1062.1291,3186.3873
2025-02-12 21:00:00+00:00,657.55,28.34,25.5548,40.2539,1028.6806,3086.0419
2025-02-12 22:00:00+00:00,603.35,28.25,23.4459,40.1404,941.1272,2823.3815
2025-02-12 23:00:00+00:00,469.25,28.16,18.228,39.7494,724.5521,2173.6563
2025-02-13 00:00:00+00:00,257.5,28.04,9.9905,38.6958,386.5904,1159.7711
2025-02-13 01:00:00+00:00,80.05,27.79,3.0958,36.4369,112.8015,338.4044
2025-02-13 02:00:00+00:00,0.0,27.42,0.0,0.0,0.0,0.0
2025-02-13 03:00:00+00:00,0.0,27.28,0.0,0.0,0.0,0.0
2025-02-13 04:00:00+00:00,0.0,27.2,0.0,0.0,0.0,0.0
2025-02-13 05:00:00+00:00,0.0,27.14,0.0,0.0,0.0,0.0
2025-02-13 06:00:00+00:00,0.0,27.08,0.0,0.0,0.0,0.0
2025-02-13 07:00:00+00:00,0.0,27.0,0.0,0.0,0.0,0.0
2025-02-13 08:00:00+00:00,0.0,26.89,0.0,0.0,0.0,0.0
2025-02-13 09:00:00+00:00,0.0,26.76,0.0,0.0,0.0,0.0
2025-02-13 10:00:00+00:00,0.0,26.65,0.0,0.0,0.0,0.0
2025-02-13 11:00:00+00:00,0.0,26.58,0.0,0.0,0.0,0.0
2025-02-13 12:00:00+00:00,0.0,26.51,0.0,0.0,0.0,0.0
2025-02-13 13:00:00+00:00,0.0,26.48,0.0,0.0,0.0,0.0
2025-02-13 14:00:00+00:00,43.4,26.82,1.6752,35.3993,59.3004,177.9011
2025-02-13 15:00:00+00:00,169.52,27.2,6.5703,38.0762,250.1711,750.5133
2025-02-13 16:00:00+00:00,352.23,27.49,13.675,39.3938,538.7114,1616.1343
2025-02-13 17:00:00+00:00,561.67,27.68,21.8238,40.1492,876.209,2628.627
2025-02-13 18:00:00+00:00,614.15,27.81,23.8658,40.2624,960.8954,2882.6863
2025-02-13 19:00:00+00:00,601.47,27.92,23.3725,40.2063,939.722,2819.166
2025-02-13 20:00:00+00:00,585.25,27.96,22.7414,40.1546,913.1741,2739.5224
2025-02-13 21:00:00+00:00,527.85,27.96,20.508,39.9884,820.0838,2460.2514
2025-02-13 22:00:00+00:00,380.65,27.96,14.7808,39.4299,582.804,1748.4119
2025-02-13 23:00:00+00:00,296.85,27.91,11.5209,38.9901,449.2002,1347.6006
2025-02-14 00:00:00+00:00,159.75,27.81,6.1906,37.8235,234.1485,702.4455
2025-02-14 01:00:00+00:00,50.03,27.61,1.9319,35.5112,68.6038,205.8114
2025-02-14 02:00:00+00:00,0.0,27.38,0.0,0.0,0.0,0.0
2025-02-14 03:00:00+00:00,0.0,27.32,0.0,0.0,0.0,0.0
2025-02-14 04:00:00+00:00,0.0,27.28,0.0,0.0,0.0,0.0
2025-02-14 05:00:00+00:00,0.0,27.23,0.0,0.0,0.0,0.0
2025-02-14 06:00:00+00:00,0.0,27.17,0.0,0.0,0.0,0.0
2025-02-14 07:00:00+00:00,0.0,27.09,0.0,0.0,0.0,0.0
2025-02-14 08:00:00+00:00,0.0,27.01,0.0,0.0,0.0,0.0
2025-02-14 09:00:00+00:00,0.0,26.93,0.0,0.0,0.0,0.0
2025-02-14 10:00:00+00:00,0.0,26.87,0.0,0.0,0.0,0.0
2025-02-14 11:00:00+00:00,0.0,26.81,0.0,0.0,0.0,0.0
2025-02-14 12:00:00+00:00,0.0,26.77,0.0,0.0,0.0,0.0
2025-02-14 13:00:00+00:00,0.0,26.74,0.0,0.0,0.0,0.0
2025-02-14 14:00:00+00:00,49.6,27.09,1.9153,35.613,68.2102,204.6306
2025-02-14 15:00:00+00:00,194.02,27.58,7.5224,38.2553,287.7723,863.3169
2025-02-14 16:00:00+00:00,373.92,27.88,14.5189,39.4157,572.2723,1716.817
2025-02-14 17:00:00+00:00,599.45,28.11,23.294,40.1602,935.4947,2806.4842
2025-02-14 18:00:00+00:00,799.38,28.24,31.0725,40.5593,1260.2785,3780.8354
2025-02-14 19:00:00+00:00,859.53,28.33,33.4123,40.6388,1357.8347,4073.5041
2025-02-14 20:00:00+00:00,880.65,28.34,34.2338,40.6687,1392.2436,4176.7309
2025-02-14 21:00:00+00:00,829.9,28.28,32.2597,40.6022,1309.8164,3929.4492
2025-02-14 22:00:00+00:00,671.92,28.2,26.1138,40.3165,1052.8171,3158.4512
2025-02-14 23:00:00+00:00,477.83,28.1,18.5618,39.7929,738.6295,2215.8886
2025-02-15 00:00:00+00:00,268.52,27.93,10.419,38.7988,404.2471,1212.7414
2025-02-15 01:00:00+00:00,78.22,27.69,3.0248,36.4124,110.1411,330.4234
2025-02-15 02:00:00+00:00,0.0,27.41,0.0,0.0,0.0,0.0
2025-02-15 03:00:00+00:00,0.0,27.3,0.0,0.0,0.0,0.0
2025-02-15 04:00:00+00:00,0.0,27.22,0.0,0.0,0.0,0.0
2025-02-15 05:00:00+00:00,0.0,27.16,0.0,0.0,0.0,0.0
2025-02-15 06:00:00+00:00,0.0,27.09,0.0,0.0,0.0,0.0
2025-02-15 07:00:00+00:00,0.0,27.02,0.0,0.0,0.0,0.0
2025-02-15 08:00:00+00:00,0.0,26.95,0.0,0.0,0.0,0.0
2025-02-15 09:00:00+00:00,0.0,26.89,0.0,0.0,0.0,0.0
2025-02-15 10:00:00+00:00,0.0,26.85,0.0,0.0,0.0,0.0
2025-02-15 11:00:00+00:00,0.0,26.82,0.0,0.0,0.0,0.0
2025-02-15 12:00:00+00:00,0.0,26.81,0.0,0.0,0.0,0.0
2025-02-15 13:00:00+00:00,0.0,26.8,0.0,0.0,0.0,0.0
2025-02-15 14:00:00+00:00,67.97,27.06,2.6274,36.2683,95.2908,285.8725
2025-02-15 15:00:00+00:00,300.73,27.5,11.6718,39.1039,456.4112,1369.2337
2025-02-15 16:00:00+00:00,539.15,27.76,20.9476,40.066,839.2869,2517.8607
2025-02-15 17:00:00+00:00,725.28,28.02,28.1896,40.468,1140.7773,3422.3319
2025-02-15 18:00:00+00:00,871.8,28.27,33.8895,40.6703,1378.294,4134.8819
2025-02-15 19:00:00+00:00,958.58,28.47,37.2647,40.7494,1518.5151,4555.5454
2025-02-15 20:00:00+00:00,936.42,28.57,36.4031,40.699,1481.5694,4444.7082
2025-02-15 21:00:00+00:00,850.38,28.59,33.0567,40.5693,1341.0879,4023.2636
2025-02-15 22:00:00+00:00,710.85,28.58,27.6287,40.3192,1113.967,3341.9009
2025-02-15 23:00:00+00:00,496.73,28.53,19.2974,39.7651,767.3639,2302.0917
2025-02-16 00:00:00+00:00,288.0,28.45,11.1767,38.8156,433.8295,1301.4886
2025-02-16 01:00:00+00:00,91.97,28.35,3.5582,36.5932,130.2064,390.6191
2025-02-16 02:00:00+00:00,0.0,28.17,0.0,0.0,0.0,0.0
2025-02-16 03:00:00+00:00,0.0,28.03,0.0,0.0,0.0,0.0
2025-02-16 04:00:00+00:00,0.0,27.94,0.0,0.0,0.0,0.0
2025-02-16 05:00:00+00:00,0.0,27.87,0.0,0.0,0.0,0.0
2025-02-16 06:00:00+00:00,0.0,27.78,0.0,0.0,0.0,0.0
2025-02-16 07:00:00+00:00,0.0,27.67,0.0,0.0,0.0,0.0
2025-02-16 08:00:00+00:00,0.0,27.55,0.0,0.0,0.0,0.0
2025-02-16 09:00:00+00:00,0.0,27.45,0.0,0.0,0.0,0.0
2025-02-16 10:00:00+00:00,0.0,27.35,0.0,0.0,0.0,0.0
2025-02-16 11:00:00+00:00,0.0,27.28,0.0,0.0,0.0,0.0
2025-02-16 12:00:00+00:00,0.0,27.23,0.0,0.0,0.0,0.0
2025-02-16 13:00:00+00:00,0.0,27.21,0.0,0.0,0.0,0.0
2025-02-16 14:00:00+00:00,71.97,27.31,2.7825,36.3284,101.0827,303.2482
2025-02-16 15:00:00+00:00,302.4,27.55,11.7367,39.1031,458.9426,1376.8279
2025-02-16 16:00:00+00:00,551.92,27.77,21.4445,40.1017,859.9612,2579.8836
2025-02-16 17:00:00+00:00,753.5,28.01,29.2875,40.5251,1186.8772,3560.6316
2025-02-16 18:00:00+00:00,879.05,28.26,34.1714,40.6833,1390.2066,4170.6198
2025-02-16 19:00:00+00:00,905.53,28.48,35.2016,40.6753,1431.8357,4295.507
2025-02-16 20:00:00+00:00,897.78,28.57,34.9003,40.6451,1418.5269,4255.5808
2025-02-16 21:00:00+00:00,813.3,28.58,31.6143,40.5109,1280.7248,3842.1743
2025-02-16 22:00:00+00:00,711.33,28.51,27.6473,40.3351,1115.1578,3345.4735
2025-02-16 23:00:00+00:00,522.2,28.41,20.2884,39.8738,808.977,2426.9309
2025-02-17 00:00:00+00:00,285.3,28.26,11.0717,38.8397,430.0203,1290.0608
2025-02-17 01:00:00+00:00,82.12,28.04,3.1761,36.4323,115.7114,347.1341
2025-02-17 02:00:00+00:00,0.0,27.76,0.0,0.0,0.0,0.0
2025-02-17 03:00:00+00:00,0.0,27.61,0.0,0.0,0.0,0.0
2025-02-17 04:00:00+00:00,0.0,27.5,0.0,0.0,0.0,0.0
2025-02-17 05:00:00+00:00,0.0,27.42,0.0,0.0,0.0,0.0
2025-02-17 06:00:00+00:00,0.0,27.32,0.0,0.0,0.0,0.0
2025-02-17 07:00:00+00:00,0.0,27.18,0.0,0.0,0.0,0.0
2025-02-17 08:00:00+00:00,0.0,27.05,0.0,0.0,0.0,0.0
2025-02-17 09:00:00+00:00,0.0,26.96,0.0,0.0,0.0,0.0
2025-02-17 10:00:00+00:00,0.0,26.91,0.0,0.0,0.0,0.0
2025-02-17 11:00:00+00:00,0.0,26.89,0.0,0.0,0.0,0.0
2025-02-17 12:00:00+00:00,0.0,26.88,0.0,0.0,0.0,0.0
2025-02-17 13:00:00+00:00,0.0,26.92,0.0,0.0,0.0,0.0
2025-02-17 14:00:00+00:00,64.75,27.15,2.5025,36.1482,90.4613,271.384
2025-02-17 15:00:00+00:00,270.05,27.5,10.4785,38.904,407.6568,1222.9705
2025-02-17 16:00:00+00:00,478.08,27.89,18.5715,39.8391,739.872,2219.6159
2025-02-17 17:00:00+00:00,697.22,28.34,27.0982,40.3418,1093.1916,3279.5748
2025-02-17 18:00:00+00:00,776.55,28.67,30.1848,40.4274,1220.2919,3660.8758
2025-02-17 19:00:00+00:00,779.2,28.8,30.288,40.4045,1223.7725,3671.3175
2025-02-17 20:00:00+00:00,662.5,28.85,25.7477,40.1563,1033.9335,3101.8006
2025-02-17 21:00:00+00:00,542.4,28.87,21.0746,39.837,839.5489,2518.6466
2025-02-17 22:00:00+00:00,421.5,28.85,16.3703,39.4158,645.2484,1935.7452
2025-02-17 23:00:00+00:00,287.02,28.8,11.1386,38.7325,431.4247,1294.274
2025-02-18 00:00:00+00:00,170.2,28.66,6.5965,37.7592,249.0784,747.2351
2025-02-18 01:00:00+00:00,57.0,28.42,2.2019,35.5949,78.3747,235.1241
2025-02-18 02:00:00+00:00,0.0,28.09,0.0,0.0,0.0,0.0
2025-02-18 03:00:00+00:00,0.0,27.93,0.0,0.0,0.0,0.0
2025-02-18 04:00:00+00:00,0.0,27.79,0.0,0.0,0.0,0.0
2025-02-18 05:00:00+00:00,0.0,27.68,0.0,0.0,0.0,0.0
2025-02-18 06:00:00+00:00,0.0,27.54,0.0,0.0,0.0,0.0
2025-02-18 07:00:00+00:00,0.0,27.39,0.0,0.0,0.0,0.0
2025-02-18 08:00:00+00:00,0.0,27.23,0.0,0.0,0.0,0.0
2025-02-18 09:00:00+00:00,0.0,27.11,0.0,0.0,0.0,0.0
2025-02-18 10:00:00+00:00,0.0,27.03,0.0,0.0,0.0,0.0
2025-02-18 11:00:00+00:00,0.0,26.99,0.0,0.0,0.0,0.0
2025-02-18 12:00:00+00:00,0.0,26.97,0.0,0.0,0.0,0.0
2025-02-18 13:00:00+00:00,0.0,26.96,0.0,0.0,0.0,0.0
2025-02-18 14:00:00+00:00,47.3,27.14,1.8262,35.5034,64.8364,194.5091
2025-02-18 15:00:00+00:00,178.77,27.44,6.9297,38.1269,264.2084,792.6252
2025-02-18 16:00:00+00:00,351.83,27.66,13.6595,39.3547,537.5655,1612.6966
2025-02-18 17:00:00+00:00,553.58,27.81,21.5091,40.098,862.4714,2587.4142
2025-02-18 18:00:00+00:00,644.15,27.82,25.033,40.3338,1009.678,3029.0339
2025-02-18 19:00:00+00:00,786.3,27.8,30.5632,40.6299,1241.7805,3725.3415
2025-02-18 20:00:00+00:00,585.7,27.76,22.7588,40.1988,914.8768,2744.6304
2025-02-18 21:00:00+00:00,506.9,27.81,19.6928,39.9541,786.8081,2360.4244
2025-02-18 22:00:00+00:00,415.23,27.81,16.1261,39.6152,638.8383,1916.5148
2025-02-18 23:00:00+00:00,237.32,27.76,9.2058,38.6028,355.3695,1066.1084
2025-02-19 00:00:00+00:00,124.8,27.67,4.8329,37.3636,180.574,541.7221
2025-02-19 01:00:00+00:00,36.6,27.47,1.4118,34.8955,49.2652,147.7957
2025-02-19 02:00:00+00:00,0.0,27.29,0.0,0.0,0.0,0.0
2025-02-19 03:00:00+00:00,0.0,27.23,0.0,0.0,0.0,0.0
2025-02-19 04:00:00+00:00,0.0,27.21,0.0,0.0,0.0,0.0
2025-02-19 05:00:00+00:00,0.0,27.19,0.0,0.0,0.0,0.0
2025-02-19 06:00:00+00:00,0.0,27.13,0.0,0.0,0.0,0.0
2025-02-19 07:00:00+00:00,0.0,27.02,0.0,0.0,0.0,0.0
2025-02-19 08:00:00+00:00,0.0,26.88,0.0,0.0,0.0,0.0
2025-02-19 09:00:00+00:00,0.0,26.76,0.0,0.0,0.0,0.0
2025-02-19 10:00:00+00:00,0.0,26.69,0.0,0.0,0.0,0.0
2025-02-19 11:00:00+00:00,0.0,26.65,0.0,0.0,0.0,0.0
2025-02-19 12:00:00+00:00,0.0,26.63,0.0,0.0,0.0,0.0
2025-02-19 13:00:00+00:00,0.0,26.63,0.0,0.0,0.0,0.0
2025-02-19 14:00:00+00:00,43.47,26.94,1.6779,35.3749,59.3548,178.0643
2025-02-19 15:00:00+00:00,162.65,27.39,6.3033,37.9526,239.2264,717.6791
2025-02-19 16:00:00+00:00,322.08,27.58,12.5022,39.2122,490.2389,1470.7166
2025-02-19 17:00:00+00:00,501.9,27.75,19.4982,39.9506,778.9661,2336.8983
2025-02-19 18:00:00+00:00,476.6,27.94,18.5139,39.8231,737.2821,2211.8462
2025-02-19 19:00:00+00:00,254.77,28.17,9.8843,38.6471,382.0006,1146.0017
2025-02-19 20:00:00+00:00,339.58,28.34,13.1831,39.1424,516.0166,1548.0498
2025-02-19 21:00:00+00:00,395.25,28.49,15.3489,39.3813,604.4587,1813.376
2025-02-19 22:00:00+00:00,368.58,28.58,14.3113,39.2377,561.5414,1684.6243
2025-02-19 23:00:00+00:00,286.02,28.59,11.0997,38.7721,430.357,1291.0711
2025-02-20 00:00:00+00:00,148.2,28.53,5.7417,37.5142,215.3944,646.1831
2025-02-20 01:00:00+00:00,45.5,28.34,1.7563,35.1464,61.727,185.1809
2025-02-20 02:00:00+00:00,0.0,28.03,0.0,0.0,0.0,0.0
2025-02-20 03:00:00+00:00,0.0,27.85,0.0,0.0,0.0,0.0
2025-02-20 04:00:00+00:00,0.0,27.65,0.0,0.0,0.0,0.0
2025-02-20 05:00:00+00:00,0.0,27.44,0.0,0.0,0.0,0.0
2025-02-20 06:00:00+00:00,0.0,27.22,0.0,0.0,0.0,0.0
2025-02-20 07:00:00+00:00,0.0,26.99,0.0,0.0,0.0,0.0
2025-02-20 08:00:00+00:00,0.0,26.76,0.0,0.0,0.0,0.0
2025-02-20 09:00:00+00:00,0.0,26.57,0.0,0.0,0.0,0.0
2025-02-20 10:00:00+00:00,0.0,26.44,0.0,0.0,0.0,0.0
2025-02-20 11:00:00+00:00,0.0,26.36,0.0,0.0,0.0,0.0
2025-02-20 12:00:00+00:00,0.0,26.31,0.0,0.0,0.0,0.0
2025-02-20 13:00:00+00:00,0.0,26.3,0.0,0.0,0.0,0.0
2025-02-20 14:00:00+00:00,55.7,26.59,2.1518,35.967,77.393,232.179
2025-02-20 15:00:00+00:00,211.65,26.92,8.2078,38.5695,316.5699,949.7096
2025-02-20 16:00:00+00:00,410.65,27.13,15.9477,39.7435,633.8162,1901.4486
2025-02-20 17:00:00+00:00,616.58,27.29,23.96,40.38,967.5041,2902.5123
2025-02-20 18:00:00+00:00,696.12,27.39,27.0546,40.5423,1096.8556,3290.5668
2025-02-20 19:00:00+00:00,691.2,27.37,26.8632,40.5361,1088.9277,3266.7832
2025-02-20 20:00:00+00:00,702.45,27.28,27.3008,40.5791,1107.8406,3323.5217
2025-02-20 21:00:00+00:00,622.62,27.27,24.1949,40.3994,977.4612,2932.3835
2025-02-20 22:00:00+00:00,596.55,27.28,23.1806,40.3307,934.8916,2804.6747
2025-02-20 23:00:00+00:00,469.75,27.27,18.2471,39.9435,728.8536,2186.5608
2025-02-21 00:00:00+00:00,252.9,27.23,9.8116,38.8401,381.0836,1143.2508
2025-02-21 01:00:00+00:00,72.53,27.11,2.8042,36.3899,102.0453,306.1359
2025-02-21 02:00:00+00:00,0.0,26.92,0.0,0.0,0.0,0.0
2025-02-21 03:00:00+00:00,0.0,26.83,0.0,0.0,0.0,0.0
2025-02-21 04:00:00+00:00,0.0,26.75,0.0,0.0,0.0,0.0
2025-02-21 05:00:00+00:00,0.0,26.65,0.0,0.0,0.0,0.0
2025-02-21 06:00:00+00:00,0.0,26.54,0.0,0.0,0.0,0.0
2025-02-21 07:00:00+00:00,0.0,26.44,0.0,0.0,0.0,0.0
2025-02-21 08:00:00+00:00,0.0,26.4,0.0,0.0,0.0,0.0
2025-02-21 09:00:00+00:00,0.0,26.44,0.0,0.0,0.0,0.0
2025-02-21 10:00:00+00:00,0.0,26.5,0.0,0.0,0.0,0.0
2025-02-21 11:00:00+00:00,0.0,26.56,0.0,0.0,0.0,0.0
2025-02-21 12:00:00+00:00,0.0,26.61,0.0,0.0,0.0,0.0
2025-02-21 13:00:00+00:00,0.0,26.67,0.0,0.0,0.0,0.0
2025-02-21 14:00:00+00:00,42.17,26.84,1.6275,35.3352,57.5096,172.5289
2025-02-21 15:00:00+00:00,150.25,27.2,5.8215,37.8385,220.2778,660.8333
2025-02-21 16:00:00+00:00,208.07,27.36,8.0686,38.4392,310.1507,930.4522
2025-02-21 17:00:00+00:00,300.15,27.5,11.6492,39.1003,455.4876,1366.4628
2025-02-21 18:00:00+00:00,443.83,27.63,17.2388,39.7692,685.572,2056.7161
2025-02-21 19:00:00+00:00,479.45,27.71,18.6247,39.8828,742.8062,2228.4187
2025-02-21 20:00:00+00:00,617.45,27.72,23.9941,40.29,966.725,2900.1749
2025-02-21 21:00:00+00:00,633.45,27.7,24.6166,40.3338,992.8837,2978.6511
2025-02-21 22:00:00+00:00,469.27,27.62,18.2286,39.8661,726.7032,2180.1097
2025-02-21 23:00:00+00:00,270.1,27.53,10.4805,38.8977,407.6671,1223.0013
2025-02-22 00:00:00+00:00,151.75,27.41,5.8798,37.8112,222.3216,666.9649
2025-02-22 01:00:00+00:00,48.25,27.21,1.863,35.5284,66.1891,198.5674
2025-02-22 02:00:00+00:00,0.0,27.0,0.0,0.0,0.0,0.0
2025-02-22 03:00:00+00:00,0.0,26.89,0.0,0.0,0.0,0.0
2025-02-22 04:00:00+00:00,0.0,26.81,0.0,0.0,0.0,0.0
2025-02-22 05:00:00+00:00,0.0,26.75,0.0,0.0,0.0,0.0
2025-02-22 06:00:00+00:00,0.0,26.68,0.0,0.0,0.0,0.0
2025-02-22 07:00:00+00:00,0.0,26.59,0.0,0.0,0.0,0.0
2025-02-22 08:00:00+00:00,0.0,26.53,0.0,0.0,0.0,0.0
2025-02-22 09:00:00+00:00,0.0,26.45,0.0,0.0,0.0,0.0
2025-02-22 10:00:00+00:00,0.0,26.37,0.0,0.0,0.0,0.0
2025-02-22 11:00:00+00:00,0.0,26.34,0.0,0.0,0.0,0.0
2025-02-22 12:00:00+00:00,0.0,26.34,0.0,0.0,0.0,0.0
2025-02-22 13:00:00+00:00,0.0,26.37,0.0,0.0,0.0,0.0
2025-02-22 14:00:00+00:00,59.42,26.72,2.2959,36.0701,82.8151,248.4453
2025-02-22 15:00:00+00:00,240.48,27.19,9.3287,38.7536,361.5197,1084.5592
2025-02-22 16:00:00+00:00,456.95,27.5,17.7492,39.847,707.2523,2121.7568
2025-02-22 17:00:00+00:00,684.03,27.79,26.5846,40.4309,1074.8387,3224.5161
2025-02-22 18:00:00+00:00,812.62,28.01,31.5873,40.6308,1283.4169,3850.2508
2025-02-22 19:00:00+00:00,868.17,28.22,33.7482,40.6754,1372.7211,4118.1634
2025-02-22 20:00:00+00:00,916.38,28.27,35.6233,40.735,1451.1168,4353.3503
2025-02-22 21:00:00+00:00,814.92,28.25,31.677,40.5837,1285.5705,3856.7116
2025-02-22 22:00:00+00:00,683.67,28.19,26.5709,40.3446,1071.9947,3215.9841
2025-02-22 23:00:00+00:00,510.77,28.07,19.8435,39.9106,791.9667,2375.9
2025-02-23 00:00:00+00:00,275.12,27.91,10.6757,38.8487,414.7383,1244.215
2025-02-23 01:00:00+00:00,80.15,27.66,3.0997,36.469,113.0432,339.1295
2025-02-23 02:00:00+00:00,0.0,27.33,0.0,0.0,0.0,0.0
2025-02-23 03:00:00+00:00,0.0,27.15,0.0,0.0,0.0,0.0
2025-02-23 04:00:00+00:00,0.0,26.99,0.0,0.0,0.0,0.0
2025-02-23 05:00:00+00:00,0.0,26.85,0.0,0.0,0.0,0.0
2025-02-23 06:00:00+00:00,0.0,26.71,0.0,0.0,0.0,0.0
2025-02-23 07:00:00+00:00,0.0,26.56,0.0,0.0,0.0,0.0
2025-02-23 08:00:00+00:00,0.0,26.41,0.0,0.0,0.0,0.0
2025-02-23 09:00:00+00:00,0.0,26.29,0.0,0.0,0.0,0.0
2025-02-23 10:00:00+00:00,0.0,26.22,0.0,0.0,0.0,0.0
2025-02-23 11:00:00+00:00,0.0,26.18,0.0,0.0,0.0,0.0
2025-02-23 12:00:00+00:00,0.0,26.14,0.0,0.0,0.0,0.0
2025-02-23 13:00:00+00:00,0.0,26.13,0.0,0.0,0.0,0.0
2025-02-23 14:00:00+00:00,68.88,26.43,2.6628,36.4393,97.0298,291.0895
2025-02-23 15:00:00+00:00,288.35,26.81,11.1902,39.1775,438.4035,1315.2105
2025-02-23 16:00:00+00:00,538.53,27.04,20.9231,40.2191,841.5069,2524.5208
2025-02-23 17:00:00+00:00,747.6,27.3,29.0572,40.6651,1181.615,3544.8449
2025-02-23 18:00:00+00:00,885.65,27.57,34.4273,40.8393,1405.9842,4217.9527
2025-02-23 19:00:00+00:00,928.78,27.73,36.1048,40.8664,1475.4727,4426.4181
2025-02-23 20:00:00+00:00,808.12,27.75,31.4119,40.6785,1277.7887,3833.3662
2025-02-23 21:00:00+00:00,790.12,27.68,30.7117,40.6622,1248.8038,3746.4113
2025-02-23 22:00:00+00:00,701.42,27.6,27.261,40.5086,1104.3056,3312.9169
2025-02-23 23:00:00+00:00,527.25,27.47,20.4844,40.0921,821.2634,2463.7901
2025-02-24 00:00:00+00:00,296.08,27.27,11.4909,39.1255,449.5867,1348.7602
2025-02-24 01:00:00+00:00,82.72,27.05,3.1995,36.672,117.3325,351.9976
2025-02-24 02:00:00+00:00,0.0,26.83,0.0,0.0,0.0,0.0
2025-02-24 03:00:00+00:00,0.0,26.74,0.0,0.0,0.0,0.0
2025-02-24 04:00:00+00:00,0.0,26.69,0.0,0.0,0.0,0.0
2025-02-24 05:00:00+00:00,0.0,26.65,0.0,0.0,0.0,0.0
2025-02-24 06:00:00+00:00,0.0,26.6,0.0,0.0,0.0,0.0
2025-02-24 07:00:00+00:00,0.0,26.54,0.0,0.0,0.0,0.0
2025-02-24 08:00:00+00:00,0.0,26.48,0.0,0.0,0.0,0.0
2025-02-24 09:00:00+00:00,0.0,26.42,0.0,0.0,0.0,0.0
2025-02-24 10:00:00+00:00,0.0,26.39,0.0,0.0,0.0,0.0
2025-02-24 11:00:00+00:00,0.0,26.39,0.0,0.0,0.0,0.0
2025-02-24 12:00:00+00:00,0.0,26.43,0.0,0.0,0.0,0.0
2025-02-24 13:00:00+00:00,0.0,26.51,0.0,0.0,0.0,0.0
2025-02-24 14:00:00+00:00,44.85,26.79,1.7314,35.4741,61.4182,184.2547
2025-02-24 15:00:00+00:00,184.88,27.24,7.1672,38.2369,274.0514,822.1541
2025-02-24 16:00:00+00:00,348.5,27.46,13.5299,39.3812,532.8247,1598.4741
2025-02-24 17:00:00+00:00,501.58,27.62,19.4857,39.9776,778.992,2336.9759
2025-02-24 18:00:00+00:00,716.42,27.87,27.8448,40.4821,1127.2149,3381.6447
2025-02-24 19:00:00+00:00,833.12,28.15,32.3848,40.6351,1315.9597,3947.8791
2025-02-24 20:00:00+00:00,790.5,28.45,30.7273,40.4991,1244.4274,3733.2823
2025-02-24 21:00:00+00:00,675.0,28.65,26.234,40.2273,1055.32,3165.9601
2025-02-24 22:00:00+00:00,575.33,28.65,22.3559,39.9793,893.7718,2681.3154
2025-02-24 23:00:00+00:00,378.55,28.56,14.6992,39.2896,577.5246,1732.5738
2025-02-25 00:00:00+00:00,198.73,28.36,7.7054,38.1289,293.7999,881.3996
2025-02-25 01:00:00+00:00,61.05,28.04,2.3589,35.8236,84.5047,253.514
2025-02-25 02:00:00+00:00,0.0,27.64,0.0,0.0,0.0,0.0
2025-02-25 03:00:00+00:00,0.0,27.4,0.0,0.0,0.0,0.0
2025-02-25 04:00:00+00:00,0.0,27.21,0.0,0.0,0.0,0.0
2025-02-25 05:00:00+00:00,0.0,27.06,0.0,0.0,0.0,0.0
2025-02-25 06:00:00+00:00,0.0,26.9,0.0,0.0,0.0,0.0
2025-02-25 07:00:00+00:00,0.0,26.74,0.0,0.0,0.0,0.0
2025-02-25 08:00:00+00:00,0.0,26.58,0.0,0.0,0.0,0.0
2025-02-25 09:00:00+00:00,0.0,26.46,0.0,0.0,0.0,0.0
2025-02-25 10:00:00+00:00,0.0,26.37,0.0,0.0,0.0,0.0
2025-02-25 11:00:00+00:00,0.0,26.32,0.0,0.0,0.0,0.0
2025-02-25 12:00:00+00:00,0.0,26.3,0.0,0.0,0.0,0.0
2025-02-25 13:00:00+00:00,0.0,26.31,0.0,0.0,0.0,0.0
2025-02-25 14:00:00+00:00,20.42,26.69,0.7861,33.8633,26.6189,79.8567
2025-02-25 15:00:00+00:00,141.55,27.14,5.4836,37.7337,206.9146,620.7437
2025-02-25 16:00:00+00:00,262.55,27.39,10.1869,38.8753,396.0181,1188.0543
2025-02-25 17:00:00+00:00,483.08,27.57,18.7659,39.9257,749.2416,2247.7248
2025-02-25 18:00:00+00:00,607.55,27.76,23.609,40.2563,950.4105,2851.2314
2025-02-25 19:00:00+00:00,771.2,27.92,29.9759,40.5772,1216.3392,3649.0176
2025-02-25 20:00:00+00:00,804.88,28.02,31.2862,40.6155,1270.706,3812.1179
2025-02-25 21:00:00+00:00,807.95,28.04,31.4056,40.6165,1275.5884,3826.7653
2025-02-25 22:00:00+00:00,609.92,27.99,23.7013,40.2131,953.1043,2859.3128
2025-02-25 23:00:00+00:00,459.3,27.9,17.8408,39.7692,709.5138,2128.5415
2025-02-26 00:00:00+00:00,243.95,27.8,9.4636,38.6464,365.7333,1097.2
2025-02-26 01:00:00+00:00,60.85,27.66,2.3512,35.9038,84.4179,253.2537
2025-02-26 02:00:00+00:00,0.0,27.44,0.0,0.0,0.0,0.0
2025-02-26 03:00:00+00:00,0.0,27.34,0.0,0.0,0.0,0.0
2025-02-26 04:00:00+00:00,0.0,27.27,0.0,0.0,0.0,0.0
2025-02-26 05:00:00+00:00,0.0,27.21,0.0,0.0,0.0,0.0
2025-02-26 06:00:00+00:00,0.0,27.14,0.0,0.0,0.0,0.0
2025-02-26 07:00:00+00:00,0.0,27.04,0.0,0.0,0.0,0.0
2025-02-26 08:00:00+00:00,0.0,26.93,0.0,0.0,0.0,0.0
2025-02-26 09:00:00+00:00,0.0,26.85,0.0,0.0,0.0,0.0
2025-02-26 10:00:00+00:00,0.0,26.8,0.0,0.0,0.0,0.0
2025-02-26 11:00:00+00:00,0.0,26.78,0.0,0.0,0.0,0.0
2025-02-26 12:00:00+00:00,0.0,26.78,0.0,0.0,0.0,0.0
2025-02-26 13:00:00+00:00,0.0,26.76,0.0,0.0,0.0,0.0
2025-02-26 14:00:00+00:00,61.22,27.02,2.3657,36.0627,85.3128,255.9385
2025-02-26 15:00:00+00:00,276.38,27.49,10.7247,38.9495,417.722,1253.1659
2025-02-26 16:00:00+00:00,526.45,27.84,20.4535,40.0099,818.3427,2455.0281
2025-02-26 17:00:00+00:00,752.03,28.26,29.2305,40.4691,1182.9317,3548.7951
2025-02-26 18:00:00+00:00,880.15,28.73,34.2148,40.5854,1388.6186,4165.8559
2025-02-26 19:00:00+00:00,893.15,29.14,34.7208,40.5177,1406.8103,4220.431
2025-02-26 20:00:00+00:00,958.0,29.44,37.2433,40.5438,1509.9856,4529.9567
2025-02-26 21:00:00+00:00,871.47,29.57,33.878,40.3943,1368.4799,4105.4397
2025-02-26 22:00:00+00:00,748.17,29.56,29.0814,40.1849,1168.6345,3505.9034
2025-02-26 23:00:00+00:00,506.62,29.43,19.6826,39.604,779.5076,2338.5228
2025-02-27 00:00:00+00:00,279.62,29.19,10.8507,38.5982,418.8186,1256.4558
2025-02-27 01:00:00+00:00,78.05,28.83,3.018,36.1488,109.0976,327.2928
2025-02-27 02:00:00+00:00,0.0,28.4,0.0,0.0,0.0,0.0
2025-02-27 03:00:00+00:00,0.0,28.17,0.0,0.0,0.0,0.0
2025-02-27 04:00:00+00:00,0.0,27.97,0.0,0.0,0.0,0.0
2025-02-27 05:00:00+00:00,0.0,27.78,0.0,0.0,0.0,0.0
2025-02-27 06:00:00+00:00,0.0,27.6,0.0,0.0,0.0,0.0
2025-02-27 07:00:00+00:00,0.0,27.43,0.0,0.0,0.0,0.0
2025-02-27 08:00:00+00:00,0.0,27.27,0.0,0.0,0.0,0.0
2025-02-27 09:00:00+00:00,0.0,27.18,0.0,0.0,0.0,0.0
2025-02-27 10:00:00+00:00,0.0,27.15,0.0,0.0,0.0,0.0
2025-02-27 11:00:00+00:00,0.0,27.16,0.0,0.0,0.0,0.0
2025-02-27 12:00:00+00:00,0.0,27.15,0.0,0.0,0.0,0.0
2025-02-27 13:00:00+00:00,0.0,27.15,0.0,0.0,0.0,0.0
2025-02-27 14:00:00+00:00,46.17,27.37,1.7824,35.4003,63.0973,189.2919
2025-02-27 15:00:00+00:00,199.15,27.67,7.7218,38.2859,295.6372,886.9115
2025-02-27 16:00:00+00:00,401.0,27.77,15.5724,39.563,616.0924,1848.2771
2025-02-27 17:00:00+00:00,601.72,27.88,23.3822,40.2155,940.3278,2820.9835
2025-02-27 18:00:00+00:00,755.25,27.97,29.3555,40.5369,1189.9817,3569.9451
2025-02-27 19:00:00+00:00,859.3,28.04,33.403,40.6999,1359.4995,4078.4986
2025-02-27 20:00:00+00:00,863.72,28.1,33.575,40.694,1366.3009,4098.9027
2025-02-27 21:00:00+00:00,813.12,28.1,31.6068,40.6126,1283.6336,3850.9007
2025-02-27 22:00:00+00:00,627.9,28.01,24.4009,40.2539,982.2326,2946.6977
2025-02-27 23:00:00+00:00,401.65,27.74,15.5977,39.5724,617.2384,1851.7152
2025-02-28 00:00:00+00:00,210.32,27.45,8.1561,38.4401,313.5193,940.5579
2025-02-28 01:00:00+00:00,53.47,27.16,2.0653,35.752,73.8372,221.5116
2025-02-28 02:00:00+00:00,0.0,26.91,0.0,0.0,0.0,0.0
2025-02-28 03:00:00+00:00,0.0,26.84,0.0,0.0,0.0,0.0
2025-02-28 04:00:00+00:00,0.0,26.79,0.0,0.0,0.0,0.0
2025-02-28 05:00:00+00:00,0.0,26.74,0.0,0.0,0.0,0.0
2025-02-28 06:00:00+00:00,0.0,26.64,0.0,0.0,0.0,0.0
2025-02-28 07:00:00+00:00,0.0,26.54,0.0,0.0,0.0,0.0
2025-02-28 08:00:00+00:00,0.0,26.45,0.0,0.0,0.0,0.0
2025-02-28 09:00:00+00:00,0.0,26.42,0.0,0.0,0.0,0.0
2025-02-28 10:00:00+00:00,0.0,26.46,0.0,0.0,0.0,0.0
2025-02-28 11:00:00+00:00,0.0,26.56,0.0,0.0,0.0,0.0
2025-02-28 12:00:00+00:00,0.0,26.66,0.0,0.0,0.0,0.0
2025-02-28 13:00:00+00:00,0.0,26.73,0.0,0.0,0.0,0.0
2025-02-28 14:00:00+00:00,70.97,26.92,2.7438,36.3887,99.8415,299.5246
2025-02-28 15:00:00+00:00,304.52,27.28,11.8192,39.1751,463.0167,1389.05
2025-02-28 16:00:00+00:00,567.9,27.7,22.0662,40.1626,886.2365,2658.7094
2025-02-28 17:00:00+00:00,782.33,28.29,30.4093,40.5186,1232.1421,3696.4264
2025-02-28 18:00:00+00:00,886.08,28.8,34.4455,40.5793,1397.7754,4193.3262
2025-02-28 19:00:00+00:00,1026.4,29.24,39.9029,40.6698,1622.842,4868.526
2025-02-28 20:00:00+00:00,998.4,29.76,38.8148,40.527,1573.0479,4719.1436
2025-02-28 21:00:00+00:00,830.58,30.18,32.288,40.2002,1297.9819,3893.9457
2025-02-28 22:00:00+00:00,757.85,30.43,29.4587,40.0183,1178.8847,3536.6542
2025-02-28 23:00:00+00:00,527.7,30.51,20.5031,39.4391,808.6262,2425.8786
2025-03-01 00:00:00+00:00,279.42,30.41,10.8428,38.3294,415.5991,1246.7974
2025-03-01 01:00:00+00:00,72.35,30.17,2.7966,35.688,99.8063,299.419
2025-03-01 02:00:00+00:00,0.0,29.54,0.0,0.0,0.0,0.0
2025-03-01 03:00:00+00:00,0.0,29.24,0.0,0.0,0.0,0.0
2025-03-01 04:00:00+00:00,0.0,28.99,0.0,0.0,0.0,0.0
2025-03-01 05:00:00+00:00,0.0,28.79,0.0,0.0,0.0,0.0
2025-03-01 06:00:00+00:00,0.0,28.59,0.0,0.0,0.0,0.0
2025-03-01 07:00:00+00:00,0.0,28.4,0.0,0.0,0.0,0.0
2025-03-01 08:00:00+00:00,0.0,28.19,0.0,0.0,0.0,0.0
2025-03-01 09:00:00+00:00,0.0,27.97,0.0,0.0,0.0,0.0
2025-03-01 10:00:00+00:00,0.0,27.76,0.0,0.0,0.0,0.0
2025-03-01 11:00:00+00:00,0.0,27.6,0.0,0.0,0.0,0.0
2025-03-01 12:00:00+00:00,0.0,27.48,0.0,0.0,0.0,0.0
2025-03-01 13:00:00+00:00,0.0,27.4,0.0,0.0,0.0,0.0
2025-03-01 14:00:00+00:00,70.6,27.68,2.7293,36.2047,98.8125,296.4374
2025-03-01 15:00:00+00:00,286.0,28.16,11.0989,38.8662,431.3717,1294.115
2025-03-01 16:00:00+00:00,523.72,28.53,20.3476,39.8528,810.9088,2432.7265
2025-03-01 17:00:00+00:00,719.95,28.89,27.983,40.2717,1126.9242,3380.7725
2025-03-01 18:00:00+00:00,930.58,29.15,36.1766,40.5685,1467.6315,4402.8945
2025-03-01 19:00:00+00:00,991.08,29.31,38.5296,40.613,1564.8033,4694.4099
2025-03-01 20:00:00+00:00,970.95,29.43,37.7469,40.5625,1531.1122,4593.3365
2025-03-01 21:00:00+00:00,893.2,29.45,34.7231,40.4522,1404.6262,4213.8786
2025-03-01 22:00:00+00:00,733.1,29.39,28.495,40.1916,1145.2599,3435.7797
2025-03-01 23:00:00+00:00,564.3,29.26,21.927,39.8173,873.0716,2619.2149
2025-03-02 00:00:00+00:00,333.08,29.01,12.9302,38.9611,503.7763,1511.3289
2025-03-02 01:00:00+00:00,95.35,28.61,3.6893,36.6079,135.0589,405.1768
2025-03-02 02:00:00+00:00,0.0,28.15,0.0,0.0,0.0,0.0
2025-03-02 03:00:00+00:00,0.0,27.94,0.0,0.0,0.0,0.0
2025-03-02 04:00:00+00:00,0.0,27.83,0.0,0.0,0.0,0.0
2025-03-02 05:00:00+00:00,0.0,27.82,0.0,0.0,0.0,0.0
2025-03-02 06:00:00+00:00,0.0,27.85,0.0,0.0,0.0,0.0
2025-03-02 07:00:00+00:00,0.0,27.85,0.0,0.0,0.0,0.0
2025-03-02 08:00:00+00:00,0.0,27.85,0.0,0.0,0.0,0.0
2025-03-02 09:00:00+00:00,0.0,27.89,0.0,0.0,0.0,0.0
2025-03-02 10:00:00+00:00,0.0,27.92,0.0,0.0,0.0,0.0
2025-03-02 11:00:00+00:00,0.0,27.92,0.0,0.0,0.0,0.0
2025-03-02 12:00:00+00:00,0.0,27.89,0.0,0.0,0.0,0.0
2025-03-02 13:00:00+00:00,0.0,27.84,0.0,0.0,0.0,0.0
2025-03-02 14:00:00+00:00,67.78,28.22,2.6198,35.9978,94.3076,282.9228
2025-03-02 15:00:00+00:00,269.98,28.69,10.4758,38.6421,404.8077,1214.4231
2025-03-02 16:00:00+00:00,498.4,28.96,19.3625,39.678,768.2671,2304.8014
2025-03-02 17:00:00+00:00,660.12,29.19,25.6554,40.0781,1028.2191,3084.6572
2025-03-02 18:00:00+00:00,846.65,29.39,32.9124,40.3938,1329.4564,3988.3692
2025-03-02 19:00:00+00:00,1010.97,29.56,39.3033,40.5843,1595.0977,4785.2931
2025-03-02 20:00:00+00:00,994.85,29.83,38.6768,40.5079,1566.7183,4700.1548
2025-03-02 21:00:00+00:00,895.15,30.11,34.7996,40.3154,1402.9587,4208.876
2025-03-02 22:00:00+00:00,769.83,30.3,29.9247,40.0684,1199.0338,3597.1013
2025-03-02 23:00:00+00:00,518.15,30.36,20.1315,39.4411,794.0085,2382.0254
2025-03-03 00:00:00+00:00,304.62,30.3,11.8231,38.5149,455.3648,1366.0943
2025-03-03 01:00:00+00:00,81.28,30.01,3.1431,35.9642,113.0377,339.113
2025-03-03 02:00:00+00:00,0.0,29.46,0.0,0.0,0.0,0.0
2025-03-03 03:00:00+00:00,0.0,29.16,0.0,0.0,0.0,0.0
2025-03-03 04:00:00+00:00,0.0,28.9,0.0,0.0,0.0,0.0
2025-03-03 05:00:00+00:00,0.0,28.7,0.0,0.0,0.0,0.0
2025-03-03 06:00:00+00:00,0.0,28.51,0.0,0.0,0.0,0.0
2025-03-03 07:00:00+00:00,0.0,28.31,0.0,0.0,0.0,0.0
2025-03-03 08:00:00+00:00,0.0,28.13,0.0,0.0,0.0,0.0
2025-03-03 09:00:00+00:00,0.0,28.0,0.0,0.0,0.0,0.0
2025-03-03 10:00:00+00:00,0.0,27.91,0.0,0.0,0.0,0.0
2025-03-03 11:00:00+00:00,0.0,27.85,0.0,0.0,0.0,0.0
2025-03-03 12:00:00+00:00,0.0,27.8,0.0,0.0,0.0,0.0
2025-03-03 13:00:00+00:00,0.0,27.77,0.0,0.0,0.0,0.0
2025-03-03 14:00:00+00:00,53.17,28.17,2.0535,35.5084,72.9153,218.7458
2025-03-03 15:00:00+00:00,231.65,28.67,8.9853,38.356,344.6388,1033.9165
2025-03-03 16:00:00+00:00,430.8,29.06,16.7322,39.4082,659.3861,1978.1584
2025-03-03 17:00:00+00:00,592.78,29.43,23.0352,39.8595,918.1735,2754.5204
2025-03-03 18:00:00+00:00,742.95,29.73,28.8785,40.1386,1159.1409,3477.4227
2025-03-03 19:00:00+00:00,748.05,30.0,29.0771,40.091,1165.7295,3497.1884
2025-03-03 20:00:00+00:00,857.9,30.2,33.3507,40.2399,1342.0297,4026.089
2025-03-03 21:00:00+00:00,814.62,30.28,31.6672,40.1522,1271.5071,3814.5213
2025-03-03 22:00:00+00:00,743.28,30.27,28.8917,40.0243,1156.3681,3469.1044
2025-03-03 23:00:00+00:00,545.33,30.11,21.1891,39.5792,838.6465,2515.9395
2025-03-04 00:00:00+00:00,309.5,29.83,12.0129,38.6471,464.2658,1392.7974
2025-03-04 01:00:00+00:00,86.6,29.45,3.3496,36.2213,121.3267,363.98
2025-03-04 02:00:00+00:00,0.0,28.99,0.0,0.0,0.0,0.0
2025-03-04 03:00:00+00:00,0.0,28.73,0.0,0.0,0.0,0.0
2025-03-04 04:00:00+00:00,0.0,28.52,0.0,0.0,0.0,0.0
2025-03-04 05:00:00+00:00,0.0,28.36,0.0,0.0,0.0,0.0
2025-03-04 06:00:00+00:00,0.0,28.28,0.0,0.0,0.0,0.0
2025-03-04 07:00:00+00:00,0.0,28.19,0.0,0.0,0.0,0.0
2025-03-04 08:00:00+00:00,0.0,28.08,0.0,0.0,0.0,0.0
2025-03-04 09:00:00+00:00,0.0,27.98,0.0,0.0,0.0,0.0
2025-03-04 10:00:00+00:00,0.0,27.95,0.0,0.0,0.0,0.0
2025-03-04 11:00:00+00:00,0.0,27.9,0.0,0.0,0.0,0.0
2025-03-04 12:00:00+00:00,0.0,27.81,0.0,0.0,0.0,0.0
2025-03-04 13:00:00+00:00,0.0,27.77,0.0,0.0,0.0,0.0
2025-03-04 14:00:00+00:00,57.9,28.01,2.2368,35.7212,79.9015,239.7046
2025-03-04 15:00:00+00:00,256.08,28.37,9.9353,38.6128,383.6283,1150.8849
2025-03-04 16:00:00+00:00,491.48,28.64,19.0932,39.7236,758.45,2275.3501
2025-03-04 17:00:00+00:00,577.45,28.9,22.4385,39.9315,896.0024,2688.0072
2025-03-04 18:00:00+00:00,871.5,29.19,33.8788,40.4749,1371.2406,4113.7219
2025-03-04 19:00:00+00:00,1014.15,29.38,39.4268,40.626,1601.7513,4805.254
2025-03-04 20:00:00+00:00,976.83,29.53,37.9757,40.5489,1539.873,4619.6191
2025-03-04 21:00:00+00:00,769.97,29.67,29.9297,40.2026,1203.2511,3609.7534
2025-03-04 22:00:00+00:00,723.4,29.73,28.1178,40.0997,1127.5174,3382.5522
2025-03-04 23:00:00+00:00,457.27,29.73,17.7623,39.3661,699.2318,2097.6954
2025-03-05 00:00:00+00:00,255.52,29.68,9.9134,38.3206,379.8868,1139.6604
2025-03-05 01:00:00+00:00,68.57,29.51,2.6502,35.7275,94.6847,284.0542
2025-03-05 02:00:00+00:00,0.0,29.28,0.0,0.0,0.0,0.0
2025-03-05 03:00:00+00:00,0.0,29.1,0.0,0.0,0.0,0.0
2025-03-05 04:00:00+00:00,0.0,28.94,0.0,0.0,0.0,0.0
2025-03-05 05:00:00+00:00,0.0,28.78,0.0,0.0,0.0,0.0
2025-03-05 06:00:00+00:00,0.0,28.62,0.0,0.0,0.0,0.0
2025-03-05 07:00:00+00:00,0.0,28.44,0.0,0.0,0.0,0.0
2025-03-05 08:00:00+00:00,0.0,28.3,0.0,0.0,0.0,0.0
2025-03-05 09:00:00+00:00,0.0,28.18,0.0,0.0,0.0,0.0
2025-03-05 10:00:00+00:00,0.0,28.11,0.0,0.0,0.0,0.0
2025-03-05 11:00:00+00:00,0.0,28.05,0.0,0.0,0.0,0.0
2025-03-05 12:00:00+00:00,0.0,28.0,0.0,0.0,0.0,0.0
2025-03-05 13:00:00+00:00,0.0,27.98,0.0,0.0,0.0,0.0
2025-03-05 14:00:00+00:00,70.82,28.34,2.7377,36.0607,98.7226,296.1679
2025-03-05 15:00:00+00:00,280.7,28.8,10.8927,38.691,421.4509,1264.3526
2025-03-05 16:00:00+00:00,495.05,29.11,19.2322,39.6344,762.258,2286.7739
2025-03-05 17:00:00+00:00,775.2,29.32,30.1328,40.2867,1213.9522,3641.8567
2025-03-05 18:00:00+00:00,928.12,29.57,36.0814,40.4763,1460.4436,4381.3308
2025-03-05 19:00:00+00:00,992.25,29.9,38.5758,40.49,1561.9335,4685.8005
2025-03-05 20:00:00+00:00,915.65,30.07,35.5969,40.3533,1436.452,4309.3561
2025-03-05 21:00:00+00:00,844.25,30.03,32.8196,40.2542,1321.1288,3963.3864
2025-03-05 22:00:00+00:00,752.05,29.85,29.2326,40.1306,1173.1227,3519.368
2025-03-05 23:00:00+00:00,540.9,29.61,21.0165,39.6733,833.7958,2501.3875
2025-03-06 00:00:00+00:00,295.52,29.38,11.4692,38.6598,443.3958,1330.1873
2025-03-06 01:00:00+00:00,79.22,29.13,3.0633,36.1112,110.6208,331.8625
2025-03-06 02:00:00+00:00,0.0,28.83,0.0,0.0,0.0,0.0
2025-03-06 03:00:00+00:00,0.0,28.66,0.0,0.0,0.0,0.0
2025-03-06 04:00:00+00:00,0.0,28.51,0.0,0.0,0.0,0.0
2025-03-06 05:00:00+00:00,0.0,28.36,0.0,0.0,0.0,0.0
2025-03-06 06:00:00+00:00,0.0,28.23,0.0,0.0,0.0,0.0
2025-03-06 07:00:00+00:00,0.0,28.14,0.0,0.0,0.0,0.0
2025-03-06 08:00:00+00:00,0.0,28.07,0.0,0.0,0.0,0.0
2025-03-06 09:00:00+00:00,0.0,28.07,0.0,0.0,0.0,0.0
2025-03-06 10:00:00+00:00,0.0,28.06,0.0,0.0,0.0,0.0
2025-03-06 11:00:00+00:00,0.0,28.03,0.0,0.0,0.0,0.0
2025-03-06 12:00:00+00:00,0.0,28.02,0.0,0.0,0.0,0.0
2025-03-06 13:00:00+00:00,0.0,28.03,0.0,0.0,0.0,0.0
2025-03-06 14:00:00+00:00,74.15,28.31,2.8668,36.1619,103.6702,311.0107
2025-03-06 15:00:00+00:00,309.83,28.79,12.0258,38.8765,467.5209,1402.5627
2025-03-06 16:00:00+00:00,556.8,29.21,21.6351,39.8064,861.2155,2583.6465
2025-03-06 17:00:00+00:00,769.4,29.54,29.9074,40.2292,1203.1509,3609.4527
2025-03-06 18:00:00+00:00,916.42,29.81,35.6266,40.4093,1439.6476,4318.9429
2025-03-06 19:00:00+00:00,945.72,29.97,36.7663,40.4156,1485.9352,4457.8055
2025-03-06 20:00:00+00:00,945.53,30.08,36.7591,40.3922,1484.7776,4454.3327
2025-03-06 21:00:00+00:00,850.65,30.21,33.0687,40.2263,1330.2329,3990.6988
2025-03-06 22:00:00+00:00,713.65,30.28,27.7388,39.9625,1108.5135,3325.5405
2025-03-06 23:00:00+00:00,544.2,30.29,21.1452,39.5371,836.0184,2508.0553
2025-03-07 00:00:00+00:00,306.2,30.24,11.8845,38.5376,458.0023,1374.0068
2025-03-07 01:00:00+00:00,78.62,30.04,3.0399,35.8889,109.0974,327.2922
2025-03-07 02:00:00+00:00,0.0,29.66,0.0,0.0,0.0,0.0
2025-03-07 03:00:00+00:00,0.0,29.38,0.0,0.0,0.0,0.0
2025-03-07 04:00:00+00:00,0.0,29.16,0.0,0.0,0.0,0.0
2025-03-07 05:00:00+00:00,0.0,28.93,0.0,0.0,0.0,0.0
2025-03-07 06:00:00+00:00,0.0,28.67,0.0,0.0,0.0,0.0
2025-03-07 07:00:00+00:00,0.0,28.39,0.0,0.0,0.0,0.0
2025-03-07 08:00:00+00:00,0.0,28.12,0.0,0.0,0.0,0.0
2025-03-07 09:00:00+00:00,0.0,27.9,0.0,0.0,0.0,0.0
2025-03-07 10:00:00+00:00,0.0,27.77,0.0,0.0,0.0,0.0
2025-03-07 11:00:00+00:00,0.0,27.71,0.0,0.0,0.0,0.0
2025-03-07 12:00:00+00:00,0.0,27.67,0.0,0.0,0.0,0.0
2025-03-07 13:00:00+00:00,0.0,27.68,0.0,0.0,0.0,0.0
2025-03-07 14:00:00+00:00,51.5,27.91,1.9888,35.5021,70.6066,211.8197
2025-03-07 15:00:00+00:00,209.73,28.26,8.1331,38.2554,311.1336,933.4008
2025-03-07 16:00:00+00:00,412.85,28.56,16.0337,39.4425,632.4085,1897.2256
2025-03-07 17:00:00+00:00,532.4,28.81,20.6855,39.8195,823.685,2471.055
2025-03-07 18:00:00+00:00,604.45,28.95,23.4891,39.9932,939.404,2818.2119
2025-03-07 19:00:00+00:00,629.85,28.94,24.4774,40.0595,980.5542,2941.6627
2025-03-07 20:00:00+00:00,651.25,28.94,25.3101,40.1109,1015.2113,3045.634
2025-03-07 21:00:00+00:00,554.35,28.95,21.5396,39.8552,858.4658,2575.3975
2025-03-07 22:00:00+00:00,525.53,28.95,20.4182,39.768,811.9921,2435.9763
2025-03-07 23:00:00+00:00,470.88,28.88,18.2917,39.5997,724.3448,2173.0344
2025-03-08 00:00:00+00:00,247.23,28.76,9.5911,38.4603,368.8763,1106.6288
2025-03-08 01:00:00+00:00,60.33,28.53,2.3309,35.687,83.1832,249.5495
2025-03-08 02:00:00+00:00,0.0,28.28,0.0,0.0,0.0,0.0
2025-03-08 03:00:00+00:00,0.0,28.18,0.0,0.0,0.0,0.0
2025-03-08 04:00:00+00:00,0.0,28.09,0.0,0.0,0.0,0.0
2025-03-08 05:00:00+00:00,0.0,28.02,0.0,0.0,0.0,0.0
2025-03-08 06:00:00+00:00,0.0,27.92,0.0,0.0,0.0,0.0
2025-03-08 07:00:00+00:00,0.0,27.81,0.0,0.0,0.0,0.0
2025-03-08 08:00:00+00:00,0.0,27.7,0.0,0.0,0.0,0.0
2025-03-08 09:00:00+00:00,0.0,27.59,0.0,0.0,0.0,0.0
2025-03-08 10:00:00+00:00,0.0,27.5,0.0,0.0,0.0,0.0
2025-03-08 11:00:00+00:00,0.0,27.45,0.0,0.0,0.0,0.0
2025-03-08 12:00:00+00:00,0.0,27.41,0.0,0.0,0.0,0.0
2025-03-08 13:00:00+00:00,0.0,27.38,0.0,0.0,0.0,0.0
2025-03-08 14:00:00+00:00,53.33,27.56,2.0598,35.6547,73.4405,220.3215
2025-03-08 15:00:00+00:00,200.62,27.89,7.7789,38.2514,297.5558,892.6675
2025-03-08 16:00:00+00:00,379.8,28.02,14.7477,39.4129,581.2496,1743.7489
2025-03-08 17:00:00+00:00,531.28,28.04,20.6415,39.9818,825.2853,2475.856
2025-03-08 18:00:00+00:00,518.62,28.02,20.1489,39.9465,804.88,2414.6401
2025-03-08 19:00:00+00:00,275.2,28.0,10.6788,38.8295,414.6541,1243.9622
2025-03-08 20:00:00+00:00,218.85,27.91,8.4876,38.4148,326.0513,978.1539
2025-03-08 21:00:00+00:00,156.88,27.81,6.079,37.7877,229.7129,689.1388
2025-03-08 22:00:00+00:00,188.75,27.68,7.3176,38.1795,279.3816,838.1449
2025-03-08 23:00:00+00:00,161.1,27.59,6.243,37.8892,236.5435,709.6306
2025-03-09 00:00:00+00:00,101.05,27.49,3.9108,36.9788,144.6163,433.8488
2025-03-09 01:00:00+00:00,30.48,27.32,1.175,34.5499,40.5952,121.7857
2025-03-09 02:00:00+00:00,0.0,27.15,0.0,0.0,0.0,0.0
2025-03-09 03:00:00+00:00,0.0,27.1,0.0,0.0,0.0,0.0
2025-03-09 04:00:00+00:00,0.0,27.07,0.0,0.0,0.0,0.0
2025-03-09 05:00:00+00:00,0.0,27.02,0.0,0.0,0.0,0.0
2025-03-09 06:00:00+00:00,0.0,26.93,0.0,0.0,0.0,0.0
2025-03-09 07:00:00+00:00,0.0,26.81,0.0,0.0,0.0,0.0
2025-03-09 08:00:00+00:00,0.0,26.71,0.0,0.0,0.0,0.0
2025-03-09 09:00:00+00:00,0.0,26.61,0.0,0.0,0.0,0.0
2025-03-09 10:00:00+00:00,0.0,26.51,0.0,0.0,0.0,0.0
2025-03-09 11:00:00+00:00,0.0,26.47,0.0,0.0,0.0,0.0
2025-03-09 12:00:00+00:00,0.0,26.49,0.0,0.0,0.0,0.0
2025-03-09 13:00:00+00:00,0.0,26.55,0.0,0.0,0.0,0.0
2025-03-09 14:00:00+00:00,43.55,26.8,1.681,35.411,59.5259,178.5776
2025-03-09 15:00:00+00:00,171.48,27.12,6.6464,38.1166,253.3397,760.019
2025-03-09 16:00:00+00:00,350.42,27.32,13.6046,39.4216,536.3147,1608.9442
2025-03-09 17:00:00+00:00,454.75,27.49,17.6636,39.841,703.7346,2111.2038
2025-03-09 18:00:00+00:00,634.33,27.64,24.6508,40.3488,994.6321,2983.8963
2025-03-09 19:00:00+00:00,697.4,27.81,27.1048,40.4553,1096.5329,3289.5988
2025-03-09 20:00:00+00:00,728.53,27.98,28.316,40.483,1146.3178,3438.9533
2025-03-09 21:00:00+00:00,741.6,28.15,28.8247,40.4725,1166.6046,3499.8139
2025-03-09 22:00:00+00:00,647.62,28.25,25.1684,40.25,1013.027,3039.081
2025-03-09 23:00:00+00:00,496.55,28.32,19.2903,39.8098,767.9442,2303.8326
2025-03-10 00:00:00+00:00,260.48,28.32,10.1064,38.656,390.6716,1172.0147
2025-03-10 01:00:00+00:00,61.72,28.23,2.3849,35.8026,85.3839,256.1518
2025-03-10 02:00:00+00:00,0.0,28.05,0.0,0.0,0.0,0.0
2025-03-10 03:00:00+00:00,0.0,28.0,0.0,0.0,0.0,0.0
2025-03-10 04:00:00+00:00,0.0,27.99,0.0,0.0,0.0,0.0
2025-03-10 05:00:00+00:00,0.0,27.94,0.0,0.0,0.0,0.0
2025-03-10 06:00:00+00:00,0.0,27.75,0.0,0.0,0.0,0.0
2025-03-10 07:00:00+00:00,0.0,27.66,0.0,0.0,0.0,0.0
2025-03-10 08:00:00+00:00,0.0,27.52,0.0,0.0,0.0,0.0
2025-03-10 09:00:00+00:00,0.0,27.39,0.0,0.0,0.0,0.0
2025-03-10 10:00:00+00:00,0.0,27.31,0.0,0.0,0.0,0.0
2025-03-10 11:00:00+00:00,0.0,27.28,0.0,0.0,0.0,0.0
2025-03-10 12:00:00+00:00,0.0,27.26,0.0,0.0,0.0,0.0
2025-03-10 13:00:00+00:00,0.0,27.26,0.0,0.0,0.0,0.0
2025-03-10 14:00:00+00:00,66.93,27.46,2.587,36.1453,93.5077,280.523
2025-03-10 15:00:00+00:00,282.77,27.93,10.9733,38.8955,426.8103,1280.4309
2025-03-10 16:00:00+00:00,524.97,28.22,20.3961,39.9235,814.283,2442.8489
2025-03-10 17:00:00+00:00,729.78,28.46,28.3651,40.3832,1145.4722,3436.4167
2025-03-10 18:00:00+00:00,880.78,28.59,34.2391,40.616,1390.6543,4171.9629
2025-03-10 19:00:00+00:00,893.42,28.65,34.7308,40.6219,1410.8304,4232.4912
2025-03-10 20:00:00+00:00,901.03,28.62,35.0267,40.6392,1423.4602,4270.3807
2025-03-10 21:00:00+00:00,794.03,28.6,30.8647,40.4735,1249.2024,3747.6072
2025-03-10 22:00:00+00:00,678.08,28.59,26.3538,40.2469,1060.657,3181.971
2025-03-10 23:00:00+00:00,484.1,28.56,18.806,39.7155,746.8891,2240.6674
2025-03-11 00:00:00+00:00,259.75,28.54,10.078,38.6023,389.0331,1167.0992
2025-03-11 01:00:00+00:00,59.7,28.43,2.3065,35.6882,82.3151,246.9453
2025-03-11 02:00:00+00:00,0.0,28.19,0.0,0.0,0.0,0.0
2025-03-11 03:00:00+00:00,0.0,28.13,0.0,0.0,0.0,0.0
2025-03-11 04:00:00+00:00,0.0,28.09,0.0,0.0,0.0,0.0
2025-03-11 05:00:00+00:00,0.0,28.05,0.0,0.0,0.0,0.0
2025-03-11 06:00:00+00:00,0.0,27.98,0.0,0.0,0.0,0.0
2025-03-11 07:00:00+00:00,0.0,27.89,0.0,0.0,0.0,0.0
2025-03-11 08:00:00+00:00,0.0,27.78,0.0,0.0,0.0,0.0
2025-03-11 09:00:00+00:00,0.0,27.7,0.0,0.0,0.0,0.0
2025-03-11 10:00:00+00:00,0.0,27.63,0.0,0.0,0.0,0.0
2025-03-11 11:00:00+00:00,0.0,27.57,0.0,0.0,0.0,0.0
2025-03-11 12:00:00+00:00,0.0,27.51,0.0,0.0,0.0,0.0
2025-03-11 13:00:00+00:00,0.0,27.47,0.0,0.0,0.0,0.0
2025-03-11 14:00:00+00:00,67.57,27.63,2.6118,36.1261,94.3533,283.0599
2025-03-11 15:00:00+00:00,292.92,28.01,11.368,38.9435,442.7109,1328.1326
2025-03-11 16:00:00+00:00,541.3,28.15,21.0315,39.9885,841.018,2523.054
2025-03-11 17:00:00+00:00,693.47,28.23,26.9522,40.3573,1087.7195,3263.1586
2025-03-11 18:00:00+00:00,853.3,28.24,33.1699,40.6482,1348.2942,4044.8825
2025-03-11 19:00:00+00:00,873.55,28.2,33.9574,40.6878,1381.6524,4144.9571
2025-03-11 20:00:00+00:00,894.58,28.1,34.7753,40.74,1416.7449,4250.2347
2025-03-11 21:00:00+00:00,706.58,28.03,27.4621,40.4277,1110.2292,3330.6877
2025-03-11 22:00:00+00:00,564.1,28.0,21.9185,40.0874,878.657,2635.9709
2025-03-11 23:00:00+00:00,423.42,27.92,16.4448,39.6253,651.6283,1954.885
2025-03-12 00:00:00+00:00,216.27,27.81,8.3873,38.4141,322.1926,966.5778
2025-03-12 01:00:00+00:00,50.72,27.63,1.9586,35.5349,69.5995,208.7986
2025-03-12 02:00:00+00:00,0.0,27.47,0.0,0.0,0.0,0.0
2025-03-12 03:00:00+00:00,0.0,27.47,0.0,0.0,0.0,0.0
2025-03-12 04:00:00+00:00,0.0,27.52,0.0,0.0,0.0,0.0
2025-03-12 05:00:00+00:00,0.0,27.64,0.0,0.0,0.0,0.0
2025-03-12 06:00:00+00:00,0.0,27.65,0.0,0.0,0.0,0.0
2025-03-12 07:00:00+00:00,0.0,27.55,0.0,0.0,0.0,0.0
2025-03-12 08:00:00+00:00,0.0,27.44,0.0,0.0,0.0,0.0
2025-03-12 09:00:00+00:00,0.0,27.32,0.0,0.0,0.0,0.0
2025-03-12 10:00:00+00:00,0.0,27.25,0.0,0.0,0.0,0.0
2025-03-12 11:00:00+00:00,0.0,27.21,0.0,0.0,0.0,0.0
2025-03-12 12:00:00+00:00,0.0,27.22,0.0,0.0,0.0,0.0
2025-03-12 13:00:00+00:00,0.0,27.26,0.0,0.0,0.0,0.0
2025-03-12 14:00:00+00:00,69.47,27.38,2.6855,36.24,97.3226,291.9679
2025-03-12 15:00:00+00:00,299.3,27.7,11.6162,39.0513,453.6259,1360.8778
2025-03-12 16:00:00+00:00,535.67,27.88,20.8123,40.0296,833.1076,2499.3229
2025-03-12 17:00:00+00:00,735.25,28.04,28.5775,40.4835,1156.9178,3470.7535
2025-03-12 18:00:00+00:00,834.1,28.23,32.423,40.6197,1317.0134,3951.0402
2025-03-12 19:00:00+00:00,936.08,28.35,36.3896,40.7451,1482.6959,4448.0876
2025-03-12 20:00:00+00:00,862.45,28.42,33.526,40.6242,1361.9659,4085.8978
2025-03-12 21:00:00+00:00,746.9,28.42,29.0311,40.4252,1173.5871,3520.7613
2025-03-12 22:00:00+00:00,592.67,28.35,23.0304,40.0908,923.308,2769.9239
2025-03-12 23:00:00+00:00,337.73,28.27,13.1111,39.1478,513.2697,1539.809
2025-03-13 00:00:00+00:00,187.65,28.16,7.2748,38.0616,276.8894,830.6683
2025-03-13 01:00:00+00:00,50.28,27.95,1.9415,35.4433,68.8139,206.4418
2025-03-13 02:00:00+00:00,0.0,27.73,0.0,0.0,0.0,0.0
2025-03-13 03:00:00+00:00,0.0,27.7,0.0,0.0,0.0,0.0
2025-03-13 04:00:00+00:00,0.0,27.7,0.0,0.0,0.0,0.0
2025-03-13 05:00:00+00:00,0.0,27.71,0.0,0.0,0.0,0.0
2025-03-13 06:00:00+00:00,0.0,27.67,0.0,0.0,0.0,0.0
2025-03-13 07:00:00+00:00,0.0,27.58,0.0,0.0,0.0,0.0
2025-03-13 08:00:00+00:00,0.0,27.43,0.0,0.0,0.0,0.0
2025-03-13 09:00:00+00:00,0.0,27.26,0.0,0.0,0.0,0.0
2025-03-13 10:00:00+00:00,0.0,27.12,0.0,0.0,0.0,0.0
2025-03-13 11:00:00+00:00,0.0,27.02,0.0,0.0,0.0,0.0
2025-03-13 12:00:00+00:00,0.0,26.97,0.0,0.0,0.0,0.0
2025-03-13 13:00:00+00:00,0.0,26.91,0.0,0.0,0.0,0.0
2025-03-13 14:00:00+00:00,54.08,27.1,2.0889,35.7891,74.7604,224.2811
2025-03-13 15:00:00+00:00,236.57,27.56,9.1766,38.6409,354.5934,1063.7801
2025-03-13 16:00:00+00:00,454.27,27.85,17.645,39.7613,701.59,2104.7701
2025-03-13 17:00:00+00:00,628.0,28.21,24.405,40.2113,981.3555,2944.0664
2025-03-13 18:00:00+00:00,700.58,28.65,27.2292,40.2828,1096.8676,3290.6029
2025-03-13 19:00:00+00:00,667.1,29.0,25.9268,40.1347,1040.5655,3121.6964
2025-03-13 20:00:00+00:00,723.45,29.19,28.1194,40.2149,1130.8187,3392.4562
2025-03-13 21:00:00+00:00,777.88,29.31,30.2371,40.2937,1218.3642,3655.0925
2025-03-13 22:00:00+00:00,658.28,29.36,25.5839,40.0375,1024.3155,3072.9465
2025-03-13 23:00:00+00:00,448.35,29.3,17.4151,39.4252,686.595,2059.7849
2025-03-14 00:00:00+00:00,231.0,29.12,8.9599,38.2514,342.7302,1028.1906
2025-03-14 01:00:00+00:00,52.4,28.82,2.0235,35.3289,71.4884,214.4653
2025-03-14 02:00:00+00:00,0.0,28.45,0.0,0.0,0.0,0.0
2025-03-14 03:00:00+00:00,0.0,28.2,0.0,0.0,0.0,0.0
2025-03-14 04:00:00+00:00,0.0,28.01,0.0,0.0,0.0,0.0
2025-03-14 05:00:00+00:00,0.0,27.84,0.0,0.0,0.0,0.0
2025-03-14 06:00:00+00:00,0.0,27.68,0.0,0.0,0.0,0.0
2025-03-14 07:00:00+00:00,0.0,27.5,0.0,0.0,0.0,0.0
2025-03-14 08:00:00+00:00,0.0,27.34,0.0,0.0,0.0,0.0
2025-03-14 09:00:00+00:00,0.0,27.21,0.0,0.0,0.0,0.0
2025-03-14 10:00:00+00:00,0.0,27.17,0.0,0.0,0.0,0.0
2025-03-14 11:00:00+00:00,0.0,27.19,0.0,0.0,0.0,0.0
2025-03-14 12:00:00+00:00,0.0,27.23,0.0,0.0,0.0,0.0
2025-03-14 13:00:00+00:00,0.0,27.27,0.0,0.0,0.0,0.0
2025-03-14 14:00:00+00:00,48.67,27.39,1.8792,35.5048,66.722,200.166
2025-03-14 15:00:00+00:00,195.43,27.78,7.5772,38.225,289.6388,868.9163
2025-03-14 16:00:00+00:00,399.33,28.06,15.5075,39.4927,612.4346,1837.3038
2025-03-14 17:00:00+00:00,559.1,28.29,21.7241,40.0108,869.1999,2607.5996
2025-03-14 18:00:00+00:00,671.28,28.46,26.0891,40.2595,1050.3342,3151.0025
2025-03-14 19:00:00+00:00,641.92,28.59,24.9468,40.1637,1001.9575,3005.8725
2025-03-14 20:00:00+00:00,677.75,28.68,26.341,40.227,1059.6172,3178.8517
2025-03-14 21:00:00+00:00,697.7,28.76,27.1172,40.2532,1091.5552,3274.6655
2025-03-14 22:00:00+00:00,576.1,28.75,22.3859,39.96,894.5389,2683.6167
2025-03-14 23:00:00+00:00,374.4,28.71,14.5377,39.2374,570.4222,1711.2665
2025-03-15 00:00:00+00:00,186.48,28.65,7.2292,37.9407,274.2817,822.845
2025-03-15 01:00:00+00:00,44.4,28.5,1.7136,35.0587,60.0782,180.2347
2025-03-15 02:00:00+00:00,0.0,28.34,0.0,0.0,0.0,0.0
2025-03-15 03:00:00+00:00,0.0,28.32,0.0,0.0,0.0,0.0
2025-03-15 04:00:00+00:00,0.0,28.29,0.0,0.0,0.0,0.0
2025-03-15 05:00:00+00:00,0.0,28.24,0.0,0.0,0.0,0.0
2025-03-15 06:00:00+00:00,0.0,28.16,0.0,0.0,0.0,0.0
2025-03-15 07:00:00+00:00,0.0,28.01,0.0,0.0,0.0,0.0
2025-03-15 08:00:00+00:00,0.0,27.86,0.0,0.0,0.0,0.0
2025-03-15 09:00:00+00:00,0.0,27.74,0.0,0.0,0.0,0.0
2025-03-15 10:00:00+00:00,0.0,27.66,0.0,0.0,0.0,0.0
2025-03-15 11:00:00+00:00,0.0,27.57,0.0,0.0,0.0,0.0
2025-03-15 12:00:00+00:00,0.0,27.5,0.0,0.0,0.0,0.0
2025-03-15 13:00:00+00:00,0.0,27.54,0.0,0.0,0.0,0.0
2025-03-15 14:00:00+00:00,29.58,27.72,1.1401,34.3943,39.2129,117.6388
2025-03-15 15:00:00+00:00,145.77,28.05,5.6474,37.5885,212.2758,636.8275
2025-03-15 16:00:00+00:00,206.07,28.16,7.9908,38.2435,305.5957,916.7872
2025-03-15 17:00:00+00:00,395.83,28.24,15.3714,39.4382,606.2196,1818.6589
2025-03-15 18:00:00+00:00,539.03,28.31,20.9432,39.9473,836.625,2509.8751
2025-03-15 19:00:00+00:00,615.22,28.4,23.9078,40.1387,959.6294,2878.8882
2025-03-15 20:00:00+00:00,550.75,28.37,21.3993,39.9693,855.3144,2565.9431
2025-03-15 21:00:00+00:00,461.12,28.31,17.9117,39.6873,710.8684,2132.6051
2025-03-15 22:00:00+00:00,296.45,28.2,11.5053,38.9241,447.8345,1343.5036
2025-03-15 23:00:00+00:00,197.1,28.08,7.6421,38.175,291.7371,875.2112
2025-03-16 00:00:00+00:00,108.57,27.93,4.2026,37.0247,155.6015,466.8045
2025-03-16 01:00:00+00:00,25.73,27.72,0.9912,34.1035,33.8034,101.4101
2025-03-16 02:00:00+00:00,0.0,27.52,0.0,0.0,0.0,0.0
2025-03-16 03:00:00+00:00,0.0,27.49,0.0,0.0,0.0,0.0
2025-03-16 04:00:00+00:00,0.0,27.49,0.0,0.0,0.0,0.0
2025-03-16 05:00:00+00:00,0.0,27.51,0.0,0.0,0.0,0.0
2025-03-16 06:00:00+00:00,0.0,27.56,0.0,0.0,0.0,0.0
2025-03-16 07:00:00+00:00,0.0,27.59,0.0,0.0,0.0,0.0
2025-03-16 08:00:00+00:00,0.0,27.62,0.0,0.0,0.0,0.0
2025-03-16 09:00:00+00:00,0.0,27.65,0.0,0.0,0.0,0.0
2025-03-16 10:00:00+00:00,0.0,27.69,0.0,0.0,0.0,0.0
2025-03-16 11:00:00+00:00,0.0,27.7,0.0,0.0,0.0,0.0
2025-03-16 12:00:00+00:00,0.0,27.73,0.0,0.0,0.0,0.0
2025-03-16 13:00:00+00:00,0.0,27.76,0.0,0.0,0.0,0.0
2025-03-16 14:00:00+00:00,61.05,27.94,2.3589,35.8465,84.5593,253.6779
2025-03-16 15:00:00+00:00,261.3,28.34,10.1383,38.6575,391.9198,1175.7593
2025-03-16 16:00:00+00:00,479.5,28.64,18.627,39.6822,739.1605,2217.4816
2025-03-16 17:00:00+00:00,647.92,28.87,25.1805,40.1181,1010.192,3030.576
2025-03-16 18:00:00+00:00,738.08,29.03,28.6885,40.2781,1155.5179,3466.5537
2025-03-16 19:00:00+00:00,797.6,29.17,31.0041,40.3586,1251.2831,3753.8493
2025-03-16 20:00:00+00:00,763.65,29.24,29.6834,40.2824,1195.7191,3587.1573
2025-03-16 21:00:00+00:00,633.95,29.25,24.6371,40.0032,985.5649,2956.6947
2025-03-16 22:00:00+00:00,542.47,29.18,21.0775,39.7705,838.2618,2514.7854
2025-03-16 23:00:00+00:00,383.02,29.0,14.8731,39.2149,583.2478,1749.7433
2025-03-17 00:00:00+00:00,189.8,28.74,7.3583,37.9552,279.284,837.8521
2025-03-17 01:00:00+00:00,40.08,28.39,1.5464,34.8713,53.9241,161.7722
2025-03-17 02:00:00+00:00,0.0,28.14,0.0,0.0,0.0,0.0
2025-03-17 03:00:00+00:00,0.0,28.0,0.0,0.0,0.0,0.0
2025-03-17 04:00:00+00:00,0.0,27.92,0.0,0.0,0.0,0.0
2025-03-17 05:00:00+00:00,0.0,27.84,0.0,0.0,0.0,0.0
2025-03-17 06:00:00+00:00,0.0,27.78,0.0,0.0,0.0,0.0
2025-03-17 07:00:00+00:00,0.0,27.71,0.0,0.0,0.0,0.0
2025-03-17 08:00:00+00:00,0.0,27.65,0.0,0.0,0.0,0.0
2025-03-17 09:00:00+00:00,0.0,27.64,0.0,0.0,0.0,0.0
2025-03-17 10:00:00+00:00,0.0,27.64,0.0,0.0,0.0,0.0
2025-03-17 11:00:00+00:00,0.0,27.66,0.0,0.0,0.0,0.0
2025-03-17 12:00:00+00:00,0.0,27.71,0.0,0.0,0.0,0.0
2025-03-17 13:00:00+00:00,0.0,27.8,0.0,0.0,0.0,0.0
2025-03-17 14:00:00+00:00,28.02,27.99,1.0797,34.2183,36.9463,110.8388
2025-03-17 15:00:00+00:00,131.27,28.3,5.0841,37.3235,189.7552,569.2655
2025-03-17 16:00:00+00:00,242.0,28.5,9.3877,38.4769,361.2108,1083.6325
2025-03-17 17:00:00+00:00,467.2,28.54,18.1484,39.6598,719.7619,2159.2857
2025-03-17 18:00:00+00:00,503.45,28.61,19.5589,39.7703,777.8634,2333.5903
2025-03-17 19:00:00+00:00,422.58,28.7,16.4123,39.4528,647.51,1942.53
2025-03-17 20:00:00+00:00,581.4,28.79,22.5921,39.966,902.9165,2708.7495
2025-03-17 21:00:00+00:00,496.27,28.84,19.2796,39.6967,765.3378,2296.0135
2025-03-17 22:00:00+00:00,383.35,28.8,14.8859,39.2598,584.42,1753.2599
2025-03-17 23:00:00+00:00,241.93,28.66,9.385,38.4411,360.7697,1082.3091
2025-03-18 00:00:00+00:00,127.0,28.45,4.9182,37.2236,183.0728,549.2185
2025-03-18 01:00:00+00:00,24.35,28.21,0.9378,33.8737,31.7661,95.2982
2025-03-18 02:00:00+00:00,0.0,28.02,0.0,0.0,0.0,0.0
2025-03-18 03:00:00+00:00,0.0,27.94,0.0,0.0,0.0,0.0
2025-03-18 04:00:00+00:00,0.0,27.86,0.0,0.0,0.0,0.0
2025-03-18 05:00:00+00:00,0.0,27.79,0.0,0.0,0.0,0.0
2025-03-18 06:00:00+00:00,0.0,27.69,0.0,0.0,0.0,0.0
2025-03-18 07:00:00+00:00,0.0,27.59,0.0,0.0,0.0,0.0
2025-03-18 08:00:00+00:00,0.0,27.52,0.0,0.0,0.0,0.0
2025-03-18 09:00:00+00:00,0.0,27.47,0.0,0.0,0.0,0.0
2025-03-18 10:00:00+00:00,0.0,27.45,0.0,0.0,0.0,0.0
2025-03-18 11:00:00+00:00,0.0,27.44,0.0,0.0,0.0,0.0
2025-03-18 12:00:00+00:00,0.0,27.4,0.0,0.0,0.0,0.0
2025-03-18 13:00:00+00:00,0.0,27.38,0.0,0.0,0.0,0.0
2025-03-18 14:00:00+00:00,64.68,27.63,2.4997,36.0362,90.0805,270.2415
2025-03-18 15:00:00+00:00,273.38,28.08,10.6081,38.7995,411.5876,1234.7629
2025-03-18 16:00:00+00:00,504.35,28.2,19.5938,39.8616,781.0396,2343.1188
2025-03-18 17:00:00+00:00,697.85,28.26,27.1227,40.3602,1094.6772,3284.0315
2025-03-18 18:00:00+00:00,825.65,28.25,32.0944,40.6016,1303.0832,3909.2496
2025-03-18 19:00:00+00:00,858.05,28.15,33.3545,40.6747,1356.6834,4070.0502
2025-03-18 20:00:00+00:00,840.2,28.04,32.6601,40.6698,1328.2809,3984.8426
2025-03-18 21:00:00+00:00,721.88,27.96,28.0573,40.4739,1135.5894,3406.7682
2025-03-18 22:00:00+00:00,543.97,27.86,21.1352,40.0589,846.6537,2539.961
2025-03-18 23:00:00+00:00,325.52,27.84,12.6361,39.1747,495.014,1485.0419
2025-03-19 00:00:00+00:00,163.98,27.75,6.3549,37.8884,240.7782,722.3345
2025-03-19 01:00:00+00:00,24.3,27.53,0.9359,34.0287,31.8486,95.5459
2025-03-19 02:00:00+00:00,0.0,27.34,0.0,0.0,0.0,0.0
2025-03-19 03:00:00+00:00,0.0,27.29,0.0,0.0,0.0,0.0
2025-03-19 04:00:00+00:00,0.0,27.26,0.0,0.0,0.0,0.0
2025-03-19 05:00:00+00:00,0.0,27.2,0.0,0.0,0.0,0.0
2025-03-19 06:00:00+00:00,0.0,27.12,0.0,0.0,0.0,0.0
2025-03-19 07:00:00+00:00,0.0,27.04,0.0,0.0,0.0,0.0
2025-03-19 08:00:00+00:00,0.0,26.96,0.0,0.0,0.0,0.0
2025-03-19 09:00:00+00:00,0.0,26.86,0.0,0.0,0.0,0.0
2025-03-19 10:00:00+00:00,0.0,26.79,0.0,0.0,0.0,0.0
2025-03-19 11:00:00+00:00,0.0,26.78,0.0,0.0,0.0,0.0
2025-03-19 12:00:00+00:00,0.0,26.79,0.0,0.0,0.0,0.0
2025-03-19 13:00:00+00:00,0.0,26.8,0.0,0.0,0.0,0.0
2025-03-19 14:00:00+00:00,52.25,27.03,2.018,35.7342,72.1119,216.3358
2025-03-19 15:00:00+00:00,194.82,27.54,7.5535,38.2721,289.0894,867.2681
2025-03-19 16:00:00+00:00,365.65,27.82,14.1972,39.3889,559.2101,1677.6303
2025-03-19 17:00:00+00:00,628.47,28.07,24.4232,40.2424,982.8474,2948.5422
2025-03-19 18:00:00+00:00,762.67,28.29,29.6445,40.4827,1200.0883,3600.2648
2025-03-19 19:00:00+00:00,827.58,28.45,32.1697,40.5623,1304.8764,3914.6292
2025-03-19 20:00:00+00:00,829.42,28.56,32.2413,40.542,1307.1289,3921.3867
2025-03-19 21:00:00+00:00,740.08,28.58,28.7659,40.3779,1161.5068,3484.5203
2025-03-19 22:00:00+00:00,597.7,28.61,23.2263,40.0484,930.1749,2790.5246
2025-03-19 23:00:00+00:00,381.42,28.64,14.8108,39.2857,581.8534,1745.5601
2025-03-20 00:00:00+00:00,189.12,28.63,7.3318,37.9726,278.4089,835.2268
2025-03-20 01:00:00+00:00,37.55,28.45,1.4484,34.7217,50.2914,150.8742
2025-03-20 02:00:00+00:00,0.0,28.2,0.0,0.0,0.0,0.0
2025-03-20 03:00:00+00:00,0.0,28.15,0.0,0.0,0.0,0.0
2025-03-20 04:00:00+00:00,0.0,28.12,0.0,0.0,0.0,0.0
2025-03-20 05:00:00+00:00,0.0,28.05,0.0,0.0,0.0,0.0
2025-03-20 06:00:00+00:00,0.0,27.92,0.0,0.0,0.0,0.0
2025-03-20 07:00:00+00:00,0.0,27.77,0.0,0.0,0.0,0.0
2025-03-20 08:00:00+00:00,0.0,27.61,0.0,0.0,0.0,0.0
2025-03-20 09:00:00+00:00,0.0,27.47,0.0,0.0,0.0,0.0
2025-03-20 10:00:00+00:00,0.0,27.35,0.0,0.0,0.0,0.0
2025-03-20 11:00:00+00:00,0.0,27.28,0.0,0.0,0.0,0.0
2025-03-20 12:00:00+00:00,0.0,27.24,0.0,0.0,0.0,0.0
2025-03-20 13:00:00+00:00,0.0,27.2,0.0,0.0,0.0,0.0
2025-03-20 14:00:00+00:00,48.17,27.36,1.8599,35.4904,66.0076,198.0227
2025-03-20 15:00:00+00:00,216.5,27.64,8.3963,38.4537,322.8692,968.6076
2025-03-20 16:00:00+00:00,422.25,27.72,16.3992,39.6638,650.4546,1951.3637
2025-03-20 17:00:00+00:00,497.7,27.78,19.3348,39.9302,772.043,2316.129
2025-03-20 18:00:00+00:00,614.92,27.82,23.8958,40.2622,962.0973,2886.2919
2025-03-20 19:00:00+00:00,737.12,27.85,28.6501,40.5277,1161.1208,3483.3623
2025-03-20 20:00:00+00:00,729.22,27.95,28.3428,40.4908,1147.6235,3442.8705
2025-03-20 21:00:00+00:00,663.6,28.09,25.79,40.3213,1039.8848,3119.6545
2025-03-20 22:00:00+00:00,585.1,28.18,22.7357,40.107,911.8624,2735.5871
2025-03-20 23:00:00+00:00,415.3,28.23,16.1289,39.5244,637.4861,1912.4584
2025-03-21 00:00:00+00:00,205.52,28.28,7.9694,38.2118,304.5247,913.5741
2025-03-21 01:00:00+00:00,40.05,28.22,1.5452,34.9091,53.9429,161.8286
2025-03-21 02:00:00+00:00,0.0,28.13,0.0,0.0,0.0,0.0
2025-03-21 03:00:00+00:00,0.0,28.14,0.0,0.0,0.0,0.0
2025-03-21 04:00:00+00:00,0.0,28.1,0.0,0.0,0.0,0.0
2025-03-21 05:00:00+00:00,0.0,27.97,0.0,0.0,0.0,0.0
2025-03-21 06:00:00+00:00,0.0,27.73,0.0,0.0,0.0,0.0
2025-03-21 07:00:00+00:00,0.0,27.52,0.0,0.0,0.0,0.0
2025-03-21 08:00:00+00:00,0.0,27.37,0.0,0.0,0.0,0.0
2025-03-21 09:00:00+00:00,0.0,27.26,0.0,0.0,0.0,0.0
2025-03-21 10:00:00+00:00,0.0,27.17,0.0,0.0,0.0,0.0
2025-03-21 11:00:00+00:00,0.0,27.1,0.0,0.0,0.0,0.0
2025-03-21 12:00:00+00:00,0.0,27.03,0.0,0.0,0.0,0.0
2025-03-21 13:00:00+00:00,0.0,26.88,0.0,0.0,0.0,0.0
2025-03-21 14:00:00+00:00,66.1,26.85,2.5549,36.2591,92.6386,277.9158
2025-03-21 15:00:00+00:00,277.7,27.04,10.776,39.0571,420.8808,1262.6423
2025-03-21 16:00:00+00:00,516.47,27.26,20.0649,40.1035,804.6717,2414.0151
2025-03-21 17:00:00+00:00,698.12,27.61,27.1326,40.4995,1098.8587,3296.5762
2025-03-21 18:00:00+00:00,688.38,27.91,26.7539,40.4147,1081.252,3243.7561
2025-03-21 19:00:00+00:00,662.88,28.14,25.762,40.3089,1038.4392,3115.3176
2025-03-21 20:00:00+00:00,715.42,28.29,27.8063,40.3904,1123.1073,3369.3219
2025-03-21 21:00:00+00:00,662.33,28.37,25.7408,40.2585,1036.2855,3108.8565
2025-03-21 22:00:00+00:00,501.8,28.41,19.4946,39.8079,776.0411,2328.1233
2025-03-21 23:00:00+00:00,361.9,28.38,14.0514,39.2485,551.4948,1654.4845
2025-03-22 00:00:00+00:00,173.12,28.29,6.71,37.8749,254.1421,762.4264
2025-03-22 01:00:00+00:00,33.72,28.07,1.3002,34.5858,44.9696,134.9087
2025-03-22 02:00:00+00:00,0.0,27.9,0.0,0.0,0.0,0.0
2025-03-22 03:00:00+00:00,0.0,27.77,0.0,0.0,0.0,0.0
2025-03-22 04:00:00+00:00,0.0,27.63,0.0,0.0,0.0,0.0
2025-03-22 05:00:00+00:00,0.0,27.5,0.0,0.0,0.0,0.0
2025-03-22 06:00:00+00:00,0.0,27.46,0.0,0.0,0.0,0.0
2025-03-22 07:00:00+00:00,0.0,27.55,0.0,0.0,0.0,0.0
2025-03-22 08:00:00+00:00,0.0,27.67,0.0,0.0,0.0,0.0
2025-03-22 09:00:00+00:00,0.0,27.72,0.0,0.0,0.0,0.0
2025-03-22 10:00:00+00:00,0.0,27.7,0.0,0.0,0.0,0.0
2025-03-22 11:00:00+00:00,0.0,27.56,0.0,0.0,0.0,0.0
2025-03-22 12:00:00+00:00,0.0,27.43,0.0,0.0,0.0,0.0
2025-03-22 13:00:00+00:00,0.0,27.34,0.0,0.0,0.0,0.0
2025-03-22 14:00:00+00:00,55.95,27.43,2.1613,35.7835,77.34,232.0199
2025-03-22 15:00:00+00:00,228.95,27.73,8.8803,38.541,342.2572,1026.7717
2025-03-22 16:00:00+00:00,441.0,27.84,17.1287,39.7128,680.2294,2040.6882
2025-03-22 17:00:00+00:00,619.8,27.87,24.0857,40.2638,969.7809,2909.3426
2025-03-22 18:00:00+00:00,758.45,27.93,29.48,40.5515,1195.4549,3586.3647
2025-03-22 19:00:00+00:00,813.25,27.99,31.6117,40.6361,1284.5797,3853.739
2025-03-22 20:00:00+00:00,824.03,28.06,32.0311,40.6393,1301.7227,3905.1681
2025-03-22 21:00:00+00:00,678.42,28.12,26.3666,40.3481,1063.842,3191.526
2025-03-22 22:00:00+00:00,516.75,28.17,20.0762,39.9083,801.2081,2403.6242
2025-03-22 23:00:00+00:00,364.12,28.07,14.1377,39.3269,555.9918,1667.9755
2025-03-23 00:00:00+00:00,170.55,27.85,6.6102,37.9434,250.8145,752.4434
2025-03-23 01:00:00+00:00,29.77,27.6,1.1475,34.4356,39.5137,118.5411
2025-03-23 02:00:00+00:00,0.0,27.47,0.0,0.0,0.0,0.0
2025-03-23 03:00:00+00:00,0.0,27.43,0.0,0.0,0.0,0.0
2025-03-23 04:00:00+00:00,0.0,27.39,0.0,0.0,0.0,0.0
2025-03-23 05:00:00+00:00,0.0,27.34,0.0,0.0,0.0,0.0
2025-03-23 06:00:00+00:00,0.0,27.28,0.0,0.0,0.0,0.0
2025-03-23 07:00:00+00:00,0.0,27.2,0.0,0.0,0.0,0.0
2025-03-23 08:00:00+00:00,0.0,27.14,0.0,0.0,0.0,0.0
2025-03-23 09:00:00+00:00,0.0,27.09,0.0,0.0,0.0,0.0
2025-03-23 10:00:00+00:00,0.0,27.05,0.0,0.0,0.0,0.0
2025-03-23 11:00:00+00:00,0.0,26.96,0.0,0.0,0.0,0.0
2025-03-23 12:00:00+00:00,0.0,26.92,0.0,0.0,0.0,0.0
2025-03-23 13:00:00+00:00,0.0,26.94,0.0,0.0,0.0,0.0
2025-03-23 14:00:00+00:00,36.83,27.08,1.4208,34.999,49.7249,149.1747
2025-03-23 15:00:00+00:00,163.25,27.37,6.3266,37.9643,240.1853,720.556
2025-03-23 16:00:00+00:00,339.12,27.51,13.1651,39.3211,517.6639,1552.9917
2025-03-23 17:00:00+00:00,523.15,27.62,20.325,40.047,813.9546,2441.8638
2025-03-23 18:00:00+00:00,633.0,27.78,24.5992,40.3156,991.7317,2975.195
2025-03-23 19:00:00+00:00,598.0,27.97,23.2375,40.1865,933.8347,2801.5041
2025-03-23 20:00:00+00:00,587.3,28.04,22.8213,40.143,916.1134,2748.3403
2025-03-23 21:00:00+00:00,529.47,27.98,20.5711,39.9891,822.6193,2467.858
2025-03-23 22:00:00+00:00,404.17,27.82,15.6958,39.5659,621.0183,1863.055
2025-03-23 23:00:00+00:00,211.23,27.7,8.1914,38.3931,314.4936,943.4808
2025-03-24 00:00:00+00:00,108.62,27.6,4.2046,37.1,155.9921,467.9762
2025-03-24 01:00:00+00:00,11.6,27.47,0.4455,32.4973,14.4772,43.4317
2025-03-24 02:00:00+00:00,0.0,27.39,0.0,0.0,0.0,0.0
2025-03-24 03:00:00+00:00,0.0,27.4,0.0,0.0,0.0,0.0
2025-03-24 04:00:00+00:00,0.0,27.41,0.0,0.0,0.0,0.0
2025-03-24 05:00:00+00:00,0.0,27.42,0.0,0.0,0.0,0.0
2025-03-24 06:00:00+00:00,0.0,27.42,0.0,0.0,0.0,0.0
2025-03-24 07:00:00+00:00,0.0,27.37,0.0,0.0,0.0,0.0
2025-03-24 08:00:00+00:00,0.0,27.32,0.0,0.0,0.0,0.0
2025-03-24 09:00:00+00:00,0.0,27.3,0.0,0.0,0.0,0.0
2025-03-24 10:00:00+00:00,0.0,27.29,0.0,0.0,0.0,0.0
2025-03-24 11:00:00+00:00,0.0,27.3,0.0,0.0,0.0,0.0
2025-03-24 12:00:00+00:00,0.0,27.29,0.0,0.0,0.0,0.0
2025-03-24 13:00:00+00:00,0.0,27.31,0.0,0.0,0.0,0.0
2025-03-24 14:00:00+00:00,28.42,27.53,1.0953,34.3553,37.6278,112.8833
2025-03-24 15:00:00+00:00,108.88,27.97,4.2147,37.0215,156.0331,468.0994
2025-03-24 16:00:00+00:00,226.05,28.17,8.7676,38.4195,336.8452,1010.5356
2025-03-24 17:00:00+00:00,304.85,28.3,11.8321,38.9538,460.9043,1382.713
2025-03-24 18:00:00+00:00,223.1,28.35,8.6529,38.3545,331.8761,995.6284
2025-03-24 19:00:00+00:00,315.9,28.3,12.2619,39.0193,478.4507,1435.3521
2025-03-24 20:00:00+00:00,453.85,28.22,17.6288,39.6797,699.5066,2098.5199
2025-03-24 21:00:00+00:00,413.83,28.19,16.0717,39.5269,635.2653,1905.7958
2025-03-24 22:00:00+00:00,330.15,28.12,12.8162,39.1393,501.6166,1504.8498
2025-03-24 23:00:00+00:00,316.65,27.96,12.291,39.098,480.5551,1441.6654
2025-03-25 00:00:00+00:00,155.0,27.77,6.006,37.7728,226.8634,680.5901
2025-03-25 01:00:00+00:00,31.48,27.54,1.2136,34.5659,41.9503,125.8508
2025-03-25 02:00:00+00:00,0.0,27.35,0.0,0.0,0.0,0.0
2025-03-25 03:00:00+00:00,0.0,27.29,0.0,0.0,0.0,0.0
2025-03-25 04:00:00+00:00,0.0,27.24,0.0,0.0,0.0,0.0
2025-03-25 05:00:00+00:00,0.0,27.23,0.0,0.0,0.0,0.0
2025-03-25 06:00:00+00:00,0.0,27.21,0.0,0.0,0.0,0.0
2025-03-25 07:00:00+00:00,0.0,27.23,0.0,0.0,0.0,0.0
2025-03-25 08:00:00+00:00,0.0,27.23,0.0,0.0,0.0,0.0
2025-03-25 09:00:00+00:00,0.0,27.27,0.0,0.0,0.0,0.0
2025-03-25 10:00:00+00:00,0.0,27.29,0.0,0.0,0.0,0.0
2025-03-25 11:00:00+00:00,0.0,27.32,0.0,0.0,0.0,0.0
2025-03-25 12:00:00+00:00,0.0,27.35,0.0,0.0,0.0,0.0
2025-03-25 13:00:00+00:00,0.0,27.38,0.0,0.0,0.0,0.0
2025-03-25 14:00:00+00:00,62.05,27.62,2.3978,35.9531,86.2068,258.6203
2025-03-25 15:00:00+00:00,254.6,28.12,9.8777,38.6569,381.8413,1145.5239
2025-03-25 16:00:00+00:00,480.23,28.36,18.6553,39.7452,741.4594,2224.3781
2025-03-25 17:00:00+00:00,686.03,28.53,26.663,40.2772,1073.911,3221.7331
2025-03-25 18:00:00+00:00,760.3,28.69,29.5526,40.3931,1193.7238,3581.1715
2025-03-25 19:00:00+00:00,651.3,28.77,25.3119,40.1474,1016.2081,3048.6244
2025-03-25 20:00:00+00:00,775.78,28.76,30.1549,40.4068,1218.4648,3655.3945
2025-03-25 21:00:00+00:00,705.88,28.73,27.4355,40.2768,1105.014,3315.0421
2025-03-25 22:00:00+00:00,465.55,28.63,18.0842,39.6344,716.7565,2150.2695
2025-03-25 23:00:00+00:00,284.6,28.51,11.0444,38.7803,428.3069,1284.9207
2025-03-26 00:00:00+00:00,132.8,28.29,5.1435,37.349,192.1041,576.3123
2025-03-26 01:00:00+00:00,21.88,28.01,0.8423,33.697,28.3842,85.1525
2025-03-26 02:00:00+00:00,0.0,27.8,0.0,0.0,0.0,0.0
2025-03-26 03:00:00+00:00,0.0,27.72,0.0,0.0,0.0,0.0
2025-03-26 04:00:00+00:00,0.0,27.69,0.0,0.0,0.0,0.0
2025-03-26 05:00:00+00:00,0.0,27.68,0.0,0.0,0.0,0.0
2025-03-26 06:00:00+00:00,0.0,27.65,0.0,0.0,0.0,0.0
2025-03-26 07:00:00+00:00,0.0,27.53,0.0,0.0,0.0,0.0
2025-03-26 08:00:00+00:00,0.0,27.32,0.0,0.0,0.0,0.0
2025-03-26 09:00:00+00:00,0.0,27.1,0.0,0.0,0.0,0.0
2025-03-26 10:00:00+00:00,0.0,26.92,0.0,0.0,0.0,0.0
2025-03-26 11:00:00+00:00,0.0,26.87,0.0,0.0,0.0,0.0
2025-03-26 12:00:00+00:00,0.0,26.97,0.0,0.0,0.0,0.0
2025-03-26 13:00:00+00:00,0.0,27.22,0.0,0.0,0.0,0.0
2025-03-26 14:00:00+00:00,44.58,27.59,1.7208,35.277,60.7037,182.111
2025-03-26 15:00:00+00:00,168.65,28.05,6.5364,37.8769,247.577,742.7309
2025-03-26 16:00:00+00:00,329.67,28.4,12.7975,39.0755,500.0704,1500.2113
2025-03-26 17:00:00+00:00,459.17,28.65,17.836,39.6066,706.4217,2119.2652
2025-03-26 18:00:00+00:00,580.4,28.79,22.5532,39.9633,901.2996,2703.8987
2025-03-26 19:00:00+00:00,770.65,28.89,29.9555,40.3698,1209.2961,3627.8883
2025-03-26 20:00:00+00:00,747.4,28.91,29.051,40.3218,1171.3872,3514.1616
2025-03-26 21:00:00+00:00,642.65,28.89,24.9754,40.1013,1001.5466,3004.6397
2025-03-26 22:00:00+00:00,435.62,28.86,16.9197,39.4708,667.8337,2003.5012
2025-03-26 23:00:00+00:00,172.02,28.79,6.6672,37.7512,251.6951,755.0854
2025-03-27 00:00:00+00:00,84.22,28.68,3.2574,36.3387,118.3703,355.111
2025-03-27 01:00:00+00:00,13.15,28.37,0.5052,32.5457,16.4418,49.3254
2025-03-27 02:00:00+00:00,0.0,28.1,0.0,0.0,0.0,0.0
2025-03-27 03:00:00+00:00,0.0,27.94,0.0,0.0,0.0,0.0
2025-03-27 04:00:00+00:00,0.0,27.8,0.0,0.0,0.0,0.0
2025-03-27 05:00:00+00:00,0.0,27.67,0.0,0.0,0.0,0.0
2025-03-27 06:00:00+00:00,0.0,27.56,0.0,0.0,0.0,0.0
2025-03-27 07:00:00+00:00,0.0,27.45,0.0,0.0,0.0,0.0
2025-03-27 08:00:00+00:00,0.0,27.38,0.0,0.0,0.0,0.0
2025-03-27 09:00:00+00:00,0.0,27.31,0.0,0.0,0.0,0.0
2025-03-27 10:00:00+00:00,0.0,27.26,0.0,0.0,0.0,0.0
2025-03-27 11:00:00+00:00,0.0,27.24,0.0,0.0,0.0,0.0
2025-03-27 12:00:00+00:00,0.0,27.21,0.0,0.0,0.0,0.0
2025-03-27 13:00:00+00:00,0.0,27.22,0.0,0.0,0.0,0.0
2025-03-27 14:00:00+00:00,62.47,27.48,2.4141,35.999,86.9039,260.7117
2025-03-27 15:00:00+00:00,225.2,27.98,8.7345,38.4542,335.8793,1007.638
2025-03-27 16:00:00+00:00,416.88,28.27,16.1904,39.5224,639.8829,1919.6487
2025-03-27 17:00:00+00:00,612.83,28.55,23.8149,40.1005,954.9905,2864.9714
2025-03-27 18:00:00+00:00,722.92,28.8,28.0985,40.2969,1132.283,3396.849
2025-03-27 19:00:00+00:00,760.1,29.01,29.5451,40.3247,1191.3976,3574.1927
2025-03-27 20:00:00+00:00,789.38,29.17,30.6844,40.3441,1237.9331,3713.7992
2025-03-27 21:00:00+00:00,615.1,29.26,23.9037,39.9541,955.0507,2865.152
2025-03-27 22:00:00+00:00,532.5,29.28,20.6896,39.7187,821.7614,2465.2841
2025-03-27 23:00:00+00:00,360.67,29.2,14.0036,39.0638,547.0344,1641.1033
2025-03-28 00:00:00+00:00,171.68,29.03,6.654,37.6939,250.8137,752.4411
2025-03-28 01:00:00+00:00,30.65,28.66,1.1814,34.2494,40.4608,121.3824
2025-03-28 02:00:00+00:00,0.0,28.35,0.0,0.0,0.0,0.0
2025-03-28 03:00:00+00:00,0.0,28.26,0.0,0.0,0.0,0.0
2025-03-28 04:00:00+00:00,0.0,28.18,0.0,0.0,0.0,0.0
2025-03-28 05:00:00+00:00,0.0,28.1,0.0,0.0,0.0,0.0
2025-03-28 06:00:00+00:00,0.0,28.01,0.0,0.0,0.0,0.0
2025-03-28 07:00:00+00:00,0.0,27.89,0.0,0.0,0.0,0.0
2025-03-28 08:00:00+00:00,0.0,27.8,0.0,0.0,0.0,0.0
2025-03-28 09:00:00+00:00,0.0,27.7,0.0,0.0,0.0,0.0
2025-03-28 10:00:00+00:00,0.0,27.58,0.0,0.0,0.0,0.0
2025-03-28 11:00:00+00:00,0.0,27.47,0.0,0.0,0.0,0.0
2025-03-28 12:00:00+00:00,0.0,27.39,0.0,0.0,0.0,0.0
2025-03-28 13:00:00+00:00,0.0,27.35,0.0,0.0,0.0,0.0
2025-03-28 14:00:00+00:00,47.42,27.55,1.8308,35.4141,64.8357,194.5072
2025-03-28 15:00:00+00:00,184.57,28.02,7.1551,38.0604,272.3249,816.9746
2025-03-28 16:00:00+00:00,377.15,28.31,14.6447,39.3374,576.0826,1728.2479
2025-03-28 17:00:00+00:00,586.62,28.55,22.7951,40.0317,912.5267,2737.5802
2025-03-28 18:00:00+00:00,726.42,28.72,28.2346,40.321,1138.448,3415.344
2025-03-28 19:00:00+00:00,740.75,28.86,28.7922,40.3196,1160.8892,3482.6677
2025-03-28 20:00:00+00:00,737.25,28.94,28.6561,40.2957,1154.717,3464.151
2025-03-28 21:00:00+00:00,582.97,28.98,22.6533,39.9295,904.5355,2713.6066
2025-03-28 22:00:00+00:00,500.85,28.98,19.4579,39.6819,772.1254,2316.3762
2025-03-28 23:00:00+00:00,248.93,28.92,9.6572,38.4381,371.204,1113.612
2025-03-29 00:00:00+00:00,119.7,28.77,4.6346,37.0327,171.633,514.899
2025-03-29 01:00:00+00:00,22.12,28.46,0.8516,33.6141,28.6242,85.8727
2025-03-29 02:00:00+00:00,0.0,28.19,0.0,0.0,0.0,0.0
2025-03-29 03:00:00+00:00,0.0,28.09,0.0,0.0,0.0,0.0
2025-03-29 04:00:00+00:00,0.0,28.0,0.0,0.0,0.0,0.0
2025-03-29 05:00:00+00:00,0.0,27.9,0.0,0.0,0.0,0.0
2025-03-29 06:00:00+00:00,0.0,27.81,0.0,0.0,0.0,0.0
2025-03-29 07:00:00+00:00,0.0,27.7,0.0,0.0,0.0,0.0
2025-03-29 08:00:00+00:00,0.0,27.59,0.0,0.0,0.0,0.0
2025-03-29 09:00:00+00:00,0.0,27.51,0.0,0.0,0.0,0.0
2025-03-29 10:00:00+00:00,0.0,27.44,0.0,0.0,0.0,0.0
2025-03-29 11:00:00+00:00,0.0,27.39,0.0,0.0,0.0,0.0
2025-03-29 12:00:00+00:00,0.0,27.37,0.0,0.0,0.0,0.0
2025-03-29 13:00:00+00:00,0.0,27.36,0.0,0.0,0.0,0.0
2025-03-29 14:00:00+00:00,37.72,27.59,1.4551,34.9303,50.8282,152.4846
2025-03-29 15:00:00+00:00,158.12,28.08,6.1272,37.7431,231.2585,693.7754
2025-03-29 16:00:00+00:00,325.25,28.36,12.6256,39.0596,493.1511,1479.4533
2025-03-29 17:00:00+00:00,541.95,28.6,21.057,39.8937,840.0409,2520.1226
2025-03-29 18:00:00+00:00,603.2,28.86,23.4404,40.0092,937.8327,2813.4981
2025-03-29 19:00:00+00:00,671.03,29.1,26.0798,40.1222,1046.3797,3139.139
2025-03-29 20:00:00+00:00,658.08,29.22,25.576,40.067,1024.754,3074.2621
2025-03-29 21:00:00+00:00,572.7,29.18,22.2538,39.8582,886.9956,2660.9867
2025-03-29 22:00:00+00:00,512.62,28.98,19.9159,39.7205,791.0685,2373.2055
2025-03-29 23:00:00+00:00,332.48,28.67,12.9069,39.032,503.7815,1511.3444
2025-03-30 00:00:00+00:00,148.43,28.29,5.7507,37.5708,216.0571,648.1713
2025-03-30 01:00:00+00:00,27.33,27.84,1.0531,34.2013,36.0159,108.0477
2025-03-30 02:00:00+00:00,0.0,27.56,0.0,0.0,0.0,0.0
2025-03-30 03:00:00+00:00,0.0,27.49,0.0,0.0,0.0,0.0
2025-03-30 04:00:00+00:00,0.0,27.43,0.0,0.0,0.0,0.0
2025-03-30 05:00:00+00:00,0.0,27.35,0.0,0.0,0.0,0.0
2025-03-30 06:00:00+00:00,0.0,27.29,0.0,0.0,0.0,0.0
2025-03-30 07:00:00+00:00,0.0,27.26,0.0,0.0,0.0,0.0
2025-03-30 08:00:00+00:00,0.0,27.21,0.0,0.0,0.0,0.0
2025-03-30 09:00:00+00:00,0.0,27.16,0.0,0.0,0.0,0.0
2025-03-30 10:00:00+00:00,0.0,27.12,0.0,0.0,0.0,0.0
2025-03-30 11:00:00+00:00,0.0,27.11,0.0,0.0,0.0,0.0
2025-03-30 12:00:00+00:00,0.0,27.13,0.0,0.0,0.0,0.0
2025-03-30 13:00:00+00:00,0.0,27.16,0.0,0.0,0.0,0.0
2025-03-30 14:00:00+00:00,52.33,27.48,2.021,35.634,72.0175,216.0524
2025-03-30 15:00:00+00:00,226.45,28.09,8.7831,38.4405,337.6278,1012.8833
2025-03-30 16:00:00+00:00,439.02,28.46,17.0519,39.5708,674.7567,2024.2701
2025-03-30 17:00:00+00:00,577.53,28.7,22.4415,39.9747,897.091,2691.2731
2025-03-30 18:00:00+00:00,630.12,28.85,24.4879,40.0795,981.461,2944.3829
2025-03-30 19:00:00+00:00,648.8,28.94,25.2148,40.1052,1011.2423,3033.7269
2025-03-30 20:00:00+00:00,734.88,28.94,28.5639,40.291,1150.8682,3452.6046
2025-03-30 21:00:00+00:00,673.53,28.9,26.1769,40.1706,1051.5424,3154.6271
2025-03-30 22:00:00+00:00,401.7,28.8,15.5999,39.3425,613.7384,1841.2153
2025-03-30 23:00:00+00:00,281.08,28.67,10.9075,38.722,422.3614,1267.0842
2025-03-31 00:00:00+00:00,122.78,28.47,4.7543,37.1512,176.628,529.8841
2025-03-31 01:00:00+00:00,19.9,28.2,0.7658,33.4539,25.6192,76.8576
2025-03-31 02:00:00+00:00,0.0,28.01,0.0,0.0,0.0,0.0
2025-03-31 03:00:00+00:00,0.0,27.97,0.0,0.0,0.0,0.0
2025-03-31 04:00:00+00:00,0.0,27.94,0.0,0.0,0.0,0.0
2025-03-31 05:00:00+00:00,0.0,27.88,0.0,0.0,0.0,0.0
2025-03-31 06:00:00+00:00,0.0,27.83,0.0,0.0,0.0,0.0
2025-03-31 07:00:00+00:00,0.0,27.74,0.0,0.0,0.0,0.0
2025-03-31 08:00:00+00:00,0.0,27.6,0.0,0.0,0.0,0.0
2025-03-31 09:00:00+00:00,0.0,27.51,0.0,0.0,0.0,0.0
2025-03-31 10:00:00+00:00,0.0,27.45,0.0,0.0,0.0,0.0
2025-03-31 11:00:00+00:00,0.0,27.38,0.0,0.0,0.0,0.0
2025-03-31 12:00:00+00:00,0.0,27.29,0.0,0.0,0.0,0.0
2025-03-31 13:00:00+00:00,0.0,27.18,0.0,0.0,0.0,0.0
2025-03-31 14:00:00+00:00,61.67,27.27,2.3831,36.0206,85.84,257.52
2025-03-31 15:00:00+00:00,259.62,27.58,10.0729,38.8125,390.9553,1172.866
2025-03-31 16:00:00+00:00,484.45,27.69,18.8192,39.9046,750.9736,2252.9208
2025-03-31 17:00:00+00:00,669.6,27.8,26.0232,40.3968,1051.2545,3153.7635
2025-03-31 18:00:00+00:00,781.2,27.98,30.365,40.5825,1232.2888,3696.8665
2025-03-31 19:00:00+00:00,814.03,28.17,31.6423,40.5992,1284.6523,3853.9569
2025-03-31 20:00:00+00:00,708.67,28.27,27.5436,40.3808,1112.234,3336.7021
2025-03-31 21:00:00+00:00,735.85,28.33,28.6011,40.4229,1156.1397,3468.4191
2025-03-31 22:00:00+00:00,532.1,28.33,20.6736,39.9219,825.3282,2475.9847
2025-03-31 23:00:00+00:00,409.27,28.26,15.8943,39.4924,627.7044,1883.1131
2025-04-01 00:00:00+00:00,196.68,28.14,7.6258,38.1575,290.9806,872.9417
2025-04-01 01:00:00+00:00,31.67,27.91,1.2209,34.4923,42.1127,126.3381
2025-04-01 02:00:00+00:00,0.0,27.69,0.0,0.0,0.0,0.0
2025-04-01 03:00:00+00:00,0.0,27.67,0.0,0.0,0.0,0.0
2025-04-01 04:00:00+00:00,0.0,27.65,0.0,0.0,0.0,0.0
2025-04-01 05:00:00+00:00,0.0,27.63,0.0,0.0,0.0,0.0
2025-04-01 06:00:00+00:00,0.0,27.6,0.0,0.0,0.0,0.0
2025-04-01 07:00:00+00:00,0.0,27.53,0.0,0.0,0.0,0.0
2025-04-01 08:00:00+00:00,0.0,27.43,0.0,0.0,0.0,0.0
2025-04-01 09:00:00+00:00,0.0,27.32,0.0,0.0,0.0,0.0
2025-04-01 10:00:00+00:00,0.0,27.24,0.0,0.0,0.0,0.0
2025-04-01 11:00:00+00:00,0.0,27.19,0.0,0.0,0.0,0.0
2025-04-01 12:00:00+00:00,0.0,27.15,0.0,0.0,0.0,0.0
2025-04-01 13:00:00+00:00,0.0,27.13,0.0,0.0,0.0,0.0
2025-04-01 14:00:00+00:00,58.55,27.23,2.2621,35.9229,81.2627,243.7881
2025-04-01 15:00:00+00:00,249.05,27.5,9.6619,38.7517,374.4147,1123.2441
2025-04-01 16:00:00+00:00,406.3,27.61,15.7786,39.6207,625.1591,1875.4774
2025-04-01 17:00:00+00:00,589.2,27.77,22.895,40.206,920.5177,2761.5531
2025-04-01 18:00:00+00:00,746.45,27.87,29.0131,40.5415,1176.2323,3528.6969
2025-04-01 19:00:00+00:00,788.8,27.94,30.6606,40.6046,1244.9607,3734.8821
2025-04-01 20:00:00+00:00,801.83,27.9,31.1674,40.6358,1266.5135,3799.5404
2025-04-01 21:00:00+00:00,667.4,27.87,25.9377,40.3769,1047.2825,3141.8475
2025-04-01 22:00:00+00:00,500.92,27.88,19.4602,39.9193,776.8364,2330.5092
2025-04-01 23:00:00+00:00,331.0,27.87,12.8492,39.1985,503.6712,1511.0137
2025-04-02 00:00:00+00:00,152.9,27.74,5.9244,37.7525,223.6613,670.984
2025-04-02 01:00:00+00:00,27.15,27.47,1.0461,34.274,35.8555,107.5666
2025-04-02 02:00:00+00:00,0.0,27.26,0.0,0.0,0.0,0.0
2025-04-02 03:00:00+00:00,0.0,27.23,0.0,0.0,0.0,0.0
2025-04-02 04:00:00+00:00,0.0,27.22,0.0,0.0,0.0,0.0
2025-04-02 05:00:00+00:00,0.0,27.18,0.0,0.0,0.0,0.0
2025-04-02 06:00:00+00:00,0.0,27.14,0.0,0.0,0.0,0.0
2025-04-02 07:00:00+00:00,0.0,27.09,0.0,0.0,0.0,0.0
2025-04-02 08:00:00+00:00,0.0,27.0,0.0,0.0,0.0,0.0
2025-04-02 09:00:00+00:00,0.0,26.9,0.0,0.0,0.0,0.0
2025-04-02 10:00:00+00:00,0.0,26.84,0.0,0.0,0.0,0.0
2025-04-02 11:00:00+00:00,0.0,26.81,0.0,0.0,0.0,0.0
2025-04-02 12:00:00+00:00,0.0,26.81,0.0,0.0,0.0,0.0
2025-04-02 13:00:00+00:00,0.0,26.82,0.0,0.0,0.0,0.0
2025-04-02 14:00:00+00:00,59.8,27.07,2.3106,36.003,83.1894,249.5683
2025-04-02 15:00:00+00:00,234.9,27.55,9.1117,38.6296,351.9815,1055.9446
2025-04-02 16:00:00+00:00,441.9,27.71,17.1637,39.7444,682.1614,2046.4841
2025-04-02 17:00:00+00:00,634.65,27.75,24.6634,40.326,994.576,2983.728
2025-04-02 18:00:00+00:00,754.12,27.91,29.3115,40.5476,1188.5092,3565.5277
2025-04-02 19:00:00+00:00,739.1,28.13,28.7274,40.4719,1162.6503,3487.9509
2025-04-02 20:00:00+00:00,737.35,28.26,28.6594,40.4407,1159.0079,3477.0236
2025-04-02 21:00:00+00:00,704.67,28.42,27.3881,40.3404,1104.85,3314.5501
2025-04-02 22:00:00+00:00,491.35,28.54,19.0881,39.7448,758.651,2275.953
2025-04-02 23:00:00+00:00,318.52,28.63,12.3638,38.9623,481.7236,1445.1707
2025-04-03 00:00:00+00:00,166.85,28.65,6.4663,37.7222,243.9238,731.7714
2025-04-03 01:00:00+00:00,26.48,28.47,1.0201,33.9881,34.6713,104.0138
2025-04-03 02:00:00+00:00,0.0,28.26,0.0,0.0,0.0,0.0
2025-04-03 03:00:00+00:00,0.0,28.23,0.0,0.0,0.0,0.0
2025-04-03 04:00:00+00:00,0.0,28.16,0.0,0.0,0.0,0.0
2025-04-03 05:00:00+00:00,0.0,28.05,0.0,0.0,0.0,0.0
2025-04-03 06:00:00+00:00,0.0,27.87,0.0,0.0,0.0,0.0
2025-04-03 07:00:00+00:00,0.0,27.65,0.0,0.0,0.0,0.0
2025-04-03 08:00:00+00:00,0.0,27.39,0.0,0.0,0.0,0.0
2025-04-03 09:00:00+00:00,0.0,27.18,0.0,0.0,0.0,0.0
2025-04-03 10:00:00+00:00,0.0,27.01,0.0,0.0,0.0,0.0
2025-04-03 11:00:00+00:00,0.0,26.9,0.0,0.0,0.0,0.0
2025-04-03 12:00:00+00:00,0.0,26.83,0.0,0.0,0.0,0.0
2025-04-03 13:00:00+00:00,0.0,26.82,0.0,0.0,0.0,0.0
2025-04-03 14:00:00+00:00,58.8,27.1,2.2719,35.9615,81.6992,245.0976
2025-04-03 15:00:00+00:00,239.8,27.56,9.3022,38.6667,359.6862,1079.0586
2025-04-03 16:00:00+00:00,442.2,27.72,17.1754,39.7434,682.6082,2047.8247
2025-04-03 17:00:00+00:00,594.12,27.81,23.0865,40.2106,928.3198,2784.9594
2025-04-03 18:00:00+00:00,711.92,28.07,27.6699,40.4302,1118.6994,3356.0981
2025-04-03 19:00:00+00:00,749.95,28.39,29.1497,40.4374,1178.7393,3536.218
2025-04-03 20:00:00+00:00,712.28,28.57,27.6843,40.3243,1116.3506,3349.0519
2025-04-03 21:00:00+00:00,721.28,28.64,28.0345,40.3277,1130.5698,3391.7094
2025-04-03 22:00:00+00:00,537.05,28.66,20.8663,39.866,831.8574,2495.5722
2025-04-03 23:00:00+00:00,376.12,28.67,14.6046,39.2542,573.294,1719.882
2025-04-04 00:00:00+00:00,181.1,28.57,7.0201,37.9011,266.0709,798.2128
2025-04-04 01:00:00+00:00,28.6,28.28,1.1021,34.1934,37.685,113.0551
2025-04-04 02:00:00+00:00,0.0,28.04,0.0,0.0,0.0,0.0
2025-04-04 03:00:00+00:00,0.0,27.95,0.0,0.0,0.0,0.0
2025-04-04 04:00:00+00:00,0.0,27.84,0.0,0.0,0.0,0.0
2025-04-04 05:00:00+00:00,0.0,27.72,0.0,0.0,0.0,0.0
2025-04-04 06:00:00+00:00,0.0,27.59,0.0,0.0,0.0,0.0
2025-04-04 07:00:00+00:00,0.0,27.45,0.0,0.0,0.0,0.0
2025-04-04 08:00:00+00:00,0.0,27.3,0.0,0.0,0.0,0.0
2025-04-04 09:00:00+00:00,0.0,27.17,0.0,0.0,0.0,0.0
2025-04-04 10:00:00+00:00,0.0,27.04,0.0,0.0,0.0,0.0
2025-04-04 11:00:00+00:00,0.0,26.95,0.0,0.0,0.0,0.0
2025-04-04 12:00:00+00:00,0.0,26.85,0.0,0.0,0.0,0.0
2025-04-04 13:00:00+00:00,0.0,26.8,0.0,0.0,0.0,0.0
2025-04-04 14:00:00+00:00,71.38,27.06,2.7596,36.3686,100.3637,301.0912
2025-04-04 15:00:00+00:00,285.48,27.74,11.0786,38.9549,431.5679,1294.7038
2025-04-04 16:00:00+00:00,507.65,28.07,19.7221,39.9005,786.9217,2360.765
2025-04-04 17:00:00+00:00,676.85,28.38,26.3057,40.289,1059.833,3179.4991
2025-04-04 18:00:00+00:00,829.17,28.61,32.2317,40.531,1306.3815,3919.1444
2025-04-04 19:00:00+00:00,883.47,28.83,34.344,40.5691,1393.3063,4179.919
2025-04-04 20:00:00+00:00,836.33,28.99,32.5106,40.462,1315.4438,3946.3315
2025-04-04 21:00:00+00:00,778.45,29.08,30.2591,40.3436,1220.7609,3662.2828
2025-04-04 22:00:00+00:00,541.72,29.08,21.0482,39.7898,837.5047,2512.514
2025-04-04 23:00:00+00:00,381.3,28.95,14.8062,39.2177,580.6657,1741.9971
2025-04-05 00:00:00+00:00,174.8,28.72,6.7753,37.7983,256.0933,768.28
2025-04-05 01:00:00+00:00,29.55,28.3,1.1389,34.257,39.0138,117.0414
2025-04-05 02:00:00+00:00,0.0,27.99,0.0,0.0,0.0,0.0
2025-04-05 03:00:00+00:00,0.0,27.87,0.0,0.0,0.0,0.0
2025-04-05 04:00:00+00:00,0.0,27.77,0.0,0.0,0.0,0.0
2025-04-05 05:00:00+00:00,0.0,27.66,0.0,0.0,0.0,0.0
2025-04-05 06:00:00+00:00,0.0,27.57,0.0,0.0,0.0,0.0
2025-04-05 07:00:00+00:00,0.0,27.48,0.0,0.0,0.0,0.0
2025-04-05 08:00:00+00:00,0.0,27.38,0.0,0.0,0.0,0.0
2025-04-05 09:00:00+00:00,0.0,27.22,0.0,0.0,0.0,0.0
2025-04-05 10:00:00+00:00,0.0,27.08,0.0,0.0,0.0,0.0
2025-04-05 11:00:00+00:00,0.0,26.97,0.0,0.0,0.0,0.0
2025-04-05 12:00:00+00:00,0.0,26.86,0.0,0.0,0.0,0.0
2025-04-05 13:00:00+00:00,0.0,26.82,0.0,0.0,0.0,0.0
2025-04-05 14:00:00+00:00,75.45,26.95,2.9175,36.507,106.5095,319.5284
2025-04-05 15:00:00+00:00,298.17,27.47,11.5722,39.0947,452.4111,1357.2332
2025-04-05 16:00:00+00:00,527.4,27.84,20.4905,40.0129,819.8821,2459.6462
2025-04-05 17:00:00+00:00,674.33,28.27,26.2076,40.3069,1056.3486,3169.0458
2025-04-05 18:00:00+00:00,802.8,28.7,31.206,40.4675,1262.8275,3788.4825
2025-04-05 19:00:00+00:00,783.35,29.1,30.4497,40.3482,1228.5918,3685.7754
2025-04-05 20:00:00+00:00,862.45,29.44,33.527,40.408,1354.7611,4064.2834
2025-04-05 21:00:00+00:00,796.9,29.71,30.9774,40.2426,1246.6108,3739.8324
2025-04-05 22:00:00+00:00,656.45,29.85,25.5129,39.9286,1018.6953,3056.086
2025-04-05 23:00:00+00:00,450.9,29.86,17.5145,39.3139,688.5611,2065.6834
2025-04-06 00:00:00+00:00,229.23,29.76,8.891,38.0955,338.7083,1016.1248
2025-04-06 01:00:00+00:00,34.92,29.49,1.3464,34.3291,46.2223,138.6669
2025-04-06 02:00:00+00:00,0.0,29.07,0.0,0.0,0.0,0.0
2025-04-06 03:00:00+00:00,0.0,28.77,0.0,0.0,0.0,0.0
2025-04-06 04:00:00+00:00,0.0,28.56,0.0,0.0,0.0,0.0
2025-04-06 05:00:00+00:00,0.0,28.35,0.0,0.0,0.0,0.0
2025-04-06 06:00:00+00:00,0.0,28.16,0.0,0.0,0.0,0.0
2025-04-06 07:00:00+00:00,0.0,27.95,0.0,0.0,0.0,0.0
2025-04-06 08:00:00+00:00,0.0,27.75,0.0,0.0,0.0,0.0
2025-04-06 09:00:00+00:00,0.0,27.56,0.0,0.0,0.0,0.0
2025-04-06 10:00:00+00:00,0.0,27.38,0.0,0.0,0.0,0.0
2025-04-06 11:00:00+00:00,0.0,27.23,0.0,0.0,0.0,0.0
2025-04-06 12:00:00+00:00,0.0,27.11,0.0,0.0,0.0,0.0
2025-04-06 13:00:00+00:00,0.0,27.03,0.0,0.0,0.0,0.0
2025-04-06 14:00:00+00:00,67.78,27.25,2.62,36.2192,94.8938,284.6814
2025-04-06 15:00:00+00:00,275.62,27.87,10.6952,38.8609,415.624,1246.8719
2025-04-06 16:00:00+00:00,532.53,28.24,20.6903,39.9426,826.4226,2479.2677
2025-04-06 17:00:00+00:00,726.25,28.66,28.2279,40.3335,1138.5307,3415.5921
2025-04-06 18:00:00+00:00,857.42,29.03,33.331,40.4871,1349.4745,4048.4234
2025-04-06 19:00:00+00:00,905.38,29.33,35.1967,40.4952,1425.2989,4275.8968
2025-04-06 20:00:00+00:00,869.03,29.56,33.7831,40.3927,1364.5914,4093.7741
2025-04-06 21:00:00+00:00,765.33,29.71,29.7492,40.1855,1195.4857,3586.457
2025-04-06 22:00:00+00:00,639.17,29.8,24.8405,39.8982,991.0938,2973.2814
2025-04-06 23:00:00+00:00,420.12,29.84,16.3168,39.1956,639.5448,1918.6343
2025-04-07 00:00:00+00:00,199.82,29.78,7.7476,37.8251,293.0536,879.1607
2025-04-07 01:00:00+00:00,30.2,29.57,1.1638,34.0066,39.5772,118.7317
2025-04-07 02:00:00+00:00,0.0,29.28,0.0,0.0,0.0,0.0
2025-04-07 03:00:00+00:00,0.0,29.07,0.0,0.0,0.0,0.0
2025-04-07 04:00:00+00:00,0.0,28.78,0.0,0.0,0.0,0.0
2025-04-07 05:00:00+00:00,0.0,28.6,0.0,0.0,0.0,0.0
2025-04-07 06:00:00+00:00,0.0,28.41,0.0,0.0,0.0,0.0
2025-04-07 07:00:00+00:00,0.0,28.18,0.0,0.0,0.0,0.0
2025-04-07 08:00:00+00:00,0.0,27.97,0.0,0.0,0.0,0.0
2025-04-07 09:00:00+00:00,0.0,27.79,0.0,0.0,0.0,0.0
2025-04-07 10:00:00+00:00,0.0,27.66,0.0,0.0,0.0,0.0
2025-04-07 11:00:00+00:00,0.0,27.55,0.0,0.0,0.0,0.0
2025-04-07 12:00:00+00:00,0.0,27.42,0.0,0.0,0.0,0.0
2025-04-07 13:00:00+00:00,0.0,27.35,0.0,0.0,0.0,0.0
2025-04-07 14:00:00+00:00,68.53,27.47,2.649,36.1915,95.8726,287.6179
2025-04-07 15:00:00+00:00,275.27,27.9,10.6816,38.8519,414.9993,1244.9979
2025-04-07 16:00:00+00:00,497.23,28.13,19.3167,39.8531,769.8301,2309.4903
2025-04-07 17:00:00+00:00,697.65,28.42,27.115,40.3256,1093.4309,3280.2926
2025-04-07 18:00:00+00:00,837.9,28.79,32.5714,40.507,1319.3716,3958.1148
2025-04-07 19:00:00+00:00,899.03,29.21,34.9496,40.5115,1415.8606,4247.5819
2025-04-07 20:00:00+00:00,887.38,29.58,34.4969,40.4161,1394.2294,4182.6882
2025-04-07 21:00:00+00:00,814.58,29.81,31.6652,40.2519,1274.5865,3823.7595
2025-04-07 22:00:00+00:00,608.42,29.83,23.644,39.8149,941.3845,2824.1534
2025-04-07 23:00:00+00:00,377.77,29.73,14.6689,39.0316,572.5522,1717.6567
2025-04-08 00:00:00+00:00,181.25,29.55,7.0258,37.6851,264.7683,794.3048
2025-04-08 01:00:00+00:00,27.8,29.21,1.071,33.9171,36.3265,108.9796
2025-04-08 02:00:00+00:00,0.0,28.84,0.0,0.0,0.0,0.0
2025-04-08 03:00:00+00:00,0.0,28.64,0.0,0.0,0.0,0.0
2025-04-08 04:00:00+00:00,0.0,28.44,0.0,0.0,0.0,0.0
2025-04-08 05:00:00+00:00,0.0,28.28,0.0,0.0,0.0,0.0
2025-04-08 06:00:00+00:00,0.0,28.11,0.0,0.0,0.0,0.0
2025-04-08 07:00:00+00:00,0.0,27.98,0.0,0.0,0.0,0.0
2025-04-08 08:00:00+00:00,0.0,27.85,0.0,0.0,0.0,0.0
2025-04-08 09:00:00+00:00,0.0,27.77,0.0,0.0,0.0,0.0
2025-04-08 10:00:00+00:00,0.0,27.72,0.0,0.0,0.0,0.0
2025-04-08 11:00:00+00:00,0.0,27.67,0.0,0.0,0.0,0.0
2025-04-08 12:00:00+00:00,0.0,27.66,0.0,0.0,0.0,0.0
2025-04-08 13:00:00+00:00,0.0,27.67,0.0,0.0,0.0,0.0
2025-04-08 14:00:00+00:00,58.3,27.87,2.2523,35.7675,80.5605,241.6815
2025-04-08 15:00:00+00:00,215.32,28.29,8.3504,38.2995,319.8156,959.4467
2025-04-08 16:00:00+00:00,411.4,28.51,15.9772,39.4472,630.2579,1890.7738
2025-04-08 17:00:00+00:00,633.03,28.72,24.601,40.1144,986.8556,2960.5669
2025-04-08 18:00:00+00:00,753.22,28.86,29.2774,40.3436,1181.1531,3543.4592
2025-04-08 19:00:00+00:00,802.83,28.89,31.2073,40.4272,1261.624,3784.8719
2025-04-08 20:00:00+00:00,801.88,28.8,31.1703,40.4446,1260.6713,3782.0139
2025-04-08 21:00:00+00:00,742.53,28.64,28.8613,40.3699,1165.1262,3495.3787
2025-04-08 22:00:00+00:00,575.0,28.5,22.3429,40.0106,893.9544,2681.8631
2025-04-08 23:00:00+00:00,365.48,28.39,14.1906,39.2639,557.1806,1671.5418
2025-04-09 00:00:00+00:00,171.05,28.26,6.6296,37.858,250.9829,752.9488
2025-04-09 01:00:00+00:00,27.77,28.09,1.07,34.1763,36.5699,109.7098
2025-04-09 02:00:00+00:00,0.0,27.89,0.0,0.0,0.0,0.0
2025-04-09 03:00:00+00:00,0.0,27.8,0.0,0.0,0.0,0.0
2025-04-09 04:00:00+00:00,0.0,27.73,0.0,0.0,0.0,0.0
2025-04-09 05:00:00+00:00,0.0,27.66,0.0,0.0,0.0,0.0
2025-04-09 06:00:00+00:00,0.0,27.55,0.0,0.0,0.0,0.0
2025-04-09 07:00:00+00:00,0.0,27.44,0.0,0.0,0.0,0.0
2025-04-09 08:00:00+00:00,0.0,27.33,0.0,0.0,0.0,0.0
2025-04-09 09:00:00+00:00,0.0,27.24,0.0,0.0,0.0,0.0
2025-04-09 10:00:00+00:00,0.0,27.16,0.0,0.0,0.0,0.0
2025-04-09 11:00:00+00:00,0.0,27.08,0.0,0.0,0.0,0.0
2025-04-09 12:00:00+00:00,0.0,27.04,0.0,0.0,0.0,0.0
2025-04-09 13:00:00+00:00,0.0,27.02,0.0,0.0,0.0,0.0
2025-04-09 14:00:00+00:00,70.53,27.13,2.7267,36.3281,99.054,297.1621
2025-04-09 15:00:00+00:00,278.12,27.43,10.7924,38.9743,420.626,1261.8781
2025-04-09 16:00:00+00:00,504.38,27.64,19.5947,39.9825,783.444,2350.3319
2025-04-09 17:00:00+00:00,697.2,27.87,27.0971,40.4421,1095.8617,3287.5851
2025-04-09 18:00:00+00:00,793.65,28.1,30.8494,40.5791,1251.842,3755.5259
2025-04-09 19:00:00+00:00,837.88,28.31,32.5702,40.6088,1322.6355,3967.9066
2025-04-09 20:00:00+00:00,822.6,28.42,31.9759,40.5605,1296.9581,3890.8743
2025-04-09 21:00:00+00:00,722.92,28.48,28.0982,40.3652,1134.1892,3402.5675
2025-04-09 22:00:00+00:00,538.22,28.52,20.9118,39.8997,834.3739,2503.1218
2025-04-09 23:00:00+00:00,343.3,28.54,13.3278,39.1185,521.3636,1564.0908
2025-04-10 00:00:00+00:00,160.23,28.52,6.2091,37.6712,233.904,701.7121
2025-04-10 01:00:00+00:00,22.83,28.42,0.879,33.6896,29.6132,88.8395
2025-04-10 02:00:00+00:00,0.0,28.2,0.0,0.0,0.0,0.0
2025-04-10 03:00:00+00:00,0.0,28.09,0.0,0.0,0.0,0.0
2025-04-10 04:00:00+00:00,0.0,27.97,0.0,0.0,0.0,0.0
2025-04-10 05:00:00+00:00,0.0,27.83,0.0,0.0,0.0,0.0
2025-04-10 06:00:00+00:00,0.0,27.7,0.0,0.0,0.0,0.0
2025-04-10 07:00:00+00:00,0.0,27.57,0.0,0.0,0.0,0.0
2025-04-10 08:00:00+00:00,0.0,27.48,0.0,0.0,0.0,0.0
2025-04-10 09:00:00+00:00,0.0,27.4,0.0,0.0,0.0,0.0
2025-04-10 10:00:00+00:00,0.0,27.36,0.0,0.0,0.0,0.0
2025-04-10 11:00:00+00:00,0.0,27.33,0.0,0.0,0.0,0.0
2025-04-10 12:00:00+00:00,0.0,27.35,0.0,0.0,0.0,0.0
2025-04-10 13:00:00+00:00,0.0,27.39,0.0,0.0,0.0,0.0
2025-04-10 14:00:00+00:00,58.2,27.6,2.2485,35.8258,80.5547,241.6641
2025-04-10 15:00:00+00:00,242.32,28.11,9.4002,38.5654,362.5217,1087.5652
2025-04-10 16:00:00+00:00,463.17,28.4,17.9915,39.6754,713.8208,2141.4625
2025-04-10 17:00:00+00:00,607.2,28.6,23.5959,40.0753,945.6137,2836.841
2025-04-10 18:00:00+00:00,735.08,28.81,28.5716,40.3191,1151.98,3455.9401
2025-04-10 19:00:00+00:00,812.5,28.92,31.5835,40.4373,1277.1543,3831.4628
2025-04-10 20:00:00+00:00,742.78,29.02,28.8713,40.2894,1163.2091,3489.6273
2025-04-10 21:00:00+00:00,670.4,29.1,26.0553,40.1208,1045.3592,3136.0775
2025-04-10 22:00:00+00:00,492.12,29.16,19.1182,39.6137,757.3434,2272.0303
2025-04-10 23:00:00+00:00,351.3,29.17,13.6391,39.0229,532.2358,1596.7073
2025-04-11 00:00:00+00:00,166.4,29.06,6.4488,37.6256,242.6386,727.9157
2025-04-11 01:00:00+00:00,28.0,28.7,1.0788,34.0511,36.736,110.2079
2025-04-11 02:00:00+00:00,0.0,28.31,0.0,0.0,0.0,0.0
2025-04-11 03:00:00+00:00,0.0,28.13,0.0,0.0,0.0,0.0
2025-04-11 04:00:00+00:00,0.0,28.0,0.0,0.0,0.0,0.0
2025-04-11 05:00:00+00:00,0.0,27.9,0.0,0.0,0.0,0.0
2025-04-11 06:00:00+00:00,0.0,27.89,0.0,0.0,0.0,0.0
2025-04-11 07:00:00+00:00,0.0,27.94,0.0,0.0,0.0,0.0
2025-04-11 08:00:00+00:00,0.0,27.99,0.0,0.0,0.0,0.0
2025-04-11 09:00:00+00:00,0.0,28.02,0.0,0.0,0.0,0.0
2025-04-11 10:00:00+00:00,0.0,28.01,0.0,0.0,0.0,0.0
2025-04-11 11:00:00+00:00,0.0,27.95,0.0,0.0,0.0,0.0
2025-04-11 12:00:00+00:00,0.0,27.86,0.0,0.0,0.0,0.0
2025-04-11 13:00:00+00:00,0.0,27.79,0.0,0.0,0.0,0.0
2025-04-11 14:00:00+00:00,66.2,27.95,2.5586,36.0109,92.1375,276.4124
2025-04-11 15:00:00+00:00,266.02,28.59,10.3218,38.6363,398.7965,1196.3894
2025-04-11 16:00:00+00:00,483.8,28.98,18.7944,39.6238,744.7078,2234.1234
2025-04-11 17:00:00+00:00,673.6,29.45,26.18,40.0532,1048.5946,3145.7838
2025-04-11 18:00:00+00:00,812.7,29.84,31.5921,40.2423,1271.3415,3814.0244
2025-04-11 19:00:00+00:00,853.62,30.11,33.1842,40.2522,1335.7365,4007.2094
2025-04-11 20:00:00+00:00,829.53,30.24,32.2472,40.1857,1295.8755,3887.6264
2025-04-11 21:00:00+00:00,656.65,30.3,25.521,39.8329,1016.5728,3049.7184
2025-04-11 22:00:00+00:00,549.53,30.29,21.3526,39.553,844.559,2533.6769
2025-04-11 23:00:00+00:00,368.08,30.19,14.2919,38.885,555.7423,1667.2269
2025-04-12 00:00:00+00:00,170.8,30.01,6.6196,37.4659,248.0078,744.0235
2025-04-12 01:00:00+00:00,25.75,29.52,0.9917,33.6842,33.4054,100.2163
2025-04-12 02:00:00+00:00,0.0,29.09,0.0,0.0,0.0,0.0
2025-04-12 03:00:00+00:00,0.0,28.97,0.0,0.0,0.0,0.0
2025-04-12 04:00:00+00:00,0.0,28.91,0.0,0.0,0.0,0.0
2025-04-12 05:00:00+00:00,0.0,28.87,0.0,0.0,0.0,0.0
2025-04-12 06:00:00+00:00,0.0,28.77,0.0,0.0,0.0,0.0
2025-04-12 07:00:00+00:00,0.0,28.61,0.0,0.0,0.0,0.0
2025-04-12 08:00:00+00:00,0.0,28.47,0.0,0.0,0.0,0.0
2025-04-12 09:00:00+00:00,0.0,28.33,0.0,0.0,0.0,0.0
2025-04-12 10:00:00+00:00,0.0,28.23,0.0,0.0,0.0,0.0
2025-04-12 11:00:00+00:00,0.0,28.13,0.0,0.0,0.0,0.0
2025-04-12 12:00:00+00:00,0.0,28.05,0.0,0.0,0.0,0.0
2025-04-12 13:00:00+00:00,0.0,28.03,0.0,0.0,0.0,0.0
2025-04-12 14:00:00+00:00,64.07,28.14,2.476,35.9002,88.8881,266.6642
2025-04-12 15:00:00+00:00,262.02,28.47,10.1663,38.6341,392.7643,1178.2928
2025-04-12 16:00:00+00:00,476.52,28.73,18.5111,39.6522,734.006,2202.018
2025-04-12 17:00:00+00:00,662.6,28.91,25.7517,40.1437,1033.767,3101.3011
2025-04-12 18:00:00+00:00,787.6,29.1,30.6151,40.3558,1235.4955,3706.4865
2025-04-12 19:00:00+00:00,837.62,29.27,32.561,40.4047,1315.6192,3946.8576
2025-04-12 20:00:00+00:00,828.08,29.48,32.1901,40.3446,1298.6961,3896.0882
2025-04-12 21:00:00+00:00,732.62,29.72,28.4766,40.1204,1142.4899,3427.4697
2025-04-12 22:00:00+00:00,585.25,29.82,22.7424,39.7555,904.1364,2712.4093
2025-04-12 23:00:00+00:00,384.33,29.76,14.9242,39.0558,582.8756,1748.6269
2025-04-13 00:00:00+00:00,178.38,29.57,6.9142,37.6493,260.3167,780.9501
2025-04-13 01:00:00+00:00,22.62,29.14,0.8708,33.5014,29.1726,87.5179
2025-04-13 02:00:00+00:00,0.0,28.72,0.0,0.0,0.0,0.0
2025-04-13 03:00:00+00:00,0.0,28.5,0.0,0.0,0.0,0.0
2025-04-13 04:00:00+00:00,0.0,28.36,0.0,0.0,0.0,0.0
2025-04-13 05:00:00+00:00,0.0,28.25,0.0,0.0,0.0,0.0
2025-04-13 06:00:00+00:00,0.0,28.2,0.0,0.0,0.0,0.0
2025-04-13 07:00:00+00:00,0.0,28.17,0.0,0.0,0.0,0.0
2025-04-13 08:00:00+00:00,0.0,28.1,0.0,0.0,0.0,0.0
2025-04-13 09:00:00+00:00,0.0,28.06,0.0,0.0,0.0,0.0
2025-04-13 10:00:00+00:00,0.0,28.04,0.0,0.0,0.0,0.0
2025-04-13 11:00:00+00:00,0.0,28.05,0.0,0.0,0.0,0.0
2025-04-13 12:00:00+00:00,0.0,28.09,0.0,0.0,0.0,0.0
2025-04-13 13:00:00+00:00,0.0,28.18,0.0,0.0,0.0,0.0
2025-04-13 14:00:00+00:00,75.32,28.41,2.9122,36.1712,105.3379,316.0137
2025-04-13 15:00:00+00:00,293.52,28.89,11.3914,38.7545,441.4673,1324.4019
2025-04-13 16:00:00+00:00,532.83,29.13,20.7023,39.7519,822.9583,2468.8749
2025-04-13 17:00:00+00:00,719.75,29.31,27.9755,40.1818,1124.1075,3372.3225
2025-04-13 18:00:00+00:00,841.28,29.45,32.7036,40.3725,1320.3233,3960.97
2025-04-13 19:00:00+00:00,902.8,29.74,35.0968,40.4048,1418.0778,4254.2334
2025-04-13 20:00:00+00:00,878.88,30.01,34.1667,40.3124,1377.3391,4132.0174
2025-04-13 21:00:00+00:00,706.72,30.14,27.4691,39.9779,1098.1573,3294.4718
2025-04-13 22:00:00+00:00,598.55,30.19,23.2601,39.7119,923.7037,2771.111
2025-04-13 23:00:00+00:00,401.23,30.15,15.5818,39.0475,608.429,1825.287
2025-04-14 00:00:00+00:00,186.3,30.06,7.222,37.626,271.7342,815.2027
2025-04-14 01:00:00+00:00,25.62,29.84,0.9867,33.5988,33.1503,99.4508
2025-04-14 02:00:00+00:00,0.0,29.51,0.0,0.0,0.0,0.0
2025-04-14 03:00:00+00:00,0.0,29.33,0.0,0.0,0.0,0.0
2025-04-14 04:00:00+00:00,0.0,29.17,0.0,0.0,0.0,0.0
2025-04-14 05:00:00+00:00,0.0,29.0,0.0,0.0,0.0,0.0
2025-04-14 06:00:00+00:00,0.0,28.81,0.0,0.0,0.0,0.0
2025-04-14 07:00:00+00:00,0.0,28.58,0.0,0.0,0.0,0.0
2025-04-14 08:00:00+00:00,0.0,28.36,0.0,0.0,0.0,0.0
2025-04-14 09:00:00+00:00,0.0,28.18,0.0,0.0,0.0,0.0
2025-04-14 10:00:00+00:00,0.0,28.07,0.0,0.0,0.0,0.0
2025-04-14 11:00:00+00:00,0.0,28.02,0.0,0.0,0.0,0.0
2025-04-14 12:00:00+00:00,0.0,27.98,0.0,0.0,0.0,0.0
2025-04-14 13:00:00+00:00,0.0,27.96,0.0,0.0,0.0,0.0
2025-04-14 14:00:00+00:00,67.6,28.18,2.6128,36.0015,94.0662,282.1985
2025-04-14 15:00:00+00:00,269.65,28.64,10.463,38.6508,404.4027,1213.208
2025-04-14 16:00:00+00:00,485.52,28.88,18.8613,39.6514,747.8781,2243.6344
2025-04-14 17:00:00+00:00,631.78,29.09,24.5526,40.0322,982.894,2948.6821
2025-04-14 18:00:00+00:00,752.85,29.26,29.2633,40.2577,1178.0733,3534.22
2025-04-14 19:00:00+00:00,754.47,29.35,29.3264,40.2417,1180.1422,3540.4266
2025-04-14 20:00:00+00:00,669.12,29.32,26.0056,40.0709,1042.0692,3126.2076
2025-04-14 21:00:00+00:00,698.6,29.16,27.1525,40.1697,1090.7109,3272.1326
2025-04-14 22:00:00+00:00,539.9,28.96,20.9774,39.8101,835.111,2505.3331
2025-04-14 23:00:00+00:00,357.2,28.76,13.8686,39.1422,542.8468,1628.5404
2025-04-15 00:00:00+00:00,160.75,28.6,6.2293,37.6598,234.5936,703.7807
2025-04-15 01:00:00+00:00,22.25,28.43,0.8566,33.6334,28.8098,86.4294
2025-04-15 02:00:00+00:00,0.0,28.25,0.0,0.0,0.0,0.0
2025-04-15 03:00:00+00:00,0.0,28.16,0.0,0.0,0.0,0.0
2025-04-15 04:00:00+00:00,0.0,28.11,0.0,0.0,0.0,0.0
2025-04-15 05:00:00+00:00,0.0,28.07,0.0,0.0,0.0,0.0
2025-04-15 06:00:00+00:00,0.0,28.04,0.0,0.0,0.0,0.0
2025-04-15 07:00:00+00:00,0.0,27.97,0.0,0.0,0.0,0.0
2025-04-15 08:00:00+00:00,0.0,27.87,0.0,0.0,0.0,0.0
2025-04-15 09:00:00+00:00,0.0,27.8,0.0,0.0,0.0,0.0
2025-04-15 10:00:00+00:00,0.0,27.72,0.0,0.0,0.0,0.0
2025-04-15 11:00:00+00:00,0.0,27.66,0.0,0.0,0.0,0.0
2025-04-15 12:00:00+00:00,0.0,27.62,0.0,0.0,0.0,0.0
2025-04-15 13:00:00+00:00,0.0,27.62,0.0,0.0,0.0,0.0
2025-04-15 14:00:00+00:00,58.25,27.76,2.2504,35.7909,80.5446,241.6339
2025-04-15 15:00:00+00:00,220.32,28.21,8.5448,38.3614,327.7894,983.3683
2025-04-15 16:00:00+00:00,410.77,28.53,15.9527,39.4402,629.1792,1887.5377
2025-04-15 17:00:00+00:00,586.85,28.8,22.8042,39.9787,911.6814,2735.0441
2025-04-15 18:00:00+00:00,688.38,28.92,26.7547,40.199,1075.5141,3226.5422
2025-04-15 19:00:00+00:00,764.28,29.03,29.7078,40.3282,1198.0616,3594.1849
2025-04-15 20:00:00+00:00,802.53,29.1,31.1959,40.382,1259.7521,3779.2564
2025-04-15 21:00:00+00:00,754.92,29.18,29.3438,40.2787,1181.9281,3545.7842
2025-04-15 22:00:00+00:00,550.05,29.18,21.3724,39.7931,850.4749,2551.4247
2025-04-15 23:00:00+00:00,358.98,29.1,13.9378,39.0772,544.6513,1633.954
2025-04-16 00:00:00+00:00,168.55,29.0,6.5323,37.6643,246.0354,738.1063
2025-04-16 01:00:00+00:00,23.12,28.76,0.8902,33.6363,29.9418,89.8254
2025-04-16 02:00:00+00:00,0.0,28.57,0.0,0.0,0.0,0.0
2025-04-16 03:00:00+00:00,0.0,28.53,0.0,0.0,0.0,0.0
2025-04-16 04:00:00+00:00,0.0,28.49,0.0,0.0,0.0,0.0
2025-04-16 05:00:00+00:00,0.0,28.44,0.0,0.0,0.0,0.0
2025-04-16 06:00:00+00:00,0.0,28.4,0.0,0.0,0.0,0.0
2025-04-16 07:00:00+00:00,0.0,28.3,0.0,0.0,0.0,0.0
2025-04-16 08:00:00+00:00,0.0,28.12,0.0,0.0,0.0,0.0
2025-04-16 09:00:00+00:00,0.0,27.98,0.0,0.0,0.0,0.0
2025-04-16 10:00:00+00:00,0.0,27.89,0.0,0.0,0.0,0.0
2025-04-16 11:00:00+00:00,0.0,27.86,0.0,0.0,0.0,0.0
2025-04-16 12:00:00+00:00,0.0,27.87,0.0,0.0,0.0,0.0
2025-04-16 13:00:00+00:00,0.0,27.93,0.0,0.0,0.0,0.0
2025-04-16 14:00:00+00:00,54.15,28.13,2.0915,35.5553,74.3622,223.0867
2025-04-16 15:00:00+00:00,214.93,28.54,8.3352,38.2408,318.7442,956.2325
2025-04-16 16:00:00+00:00,403.42,28.75,15.6668,39.3608,616.6586,1849.9757
2025-04-16 17:00:00+00:00,616.75,28.95,23.9677,40.0247,959.3009,2877.9026
2025-04-16 18:00:00+00:00,710.15,29.0,27.6018,40.2281,1110.3695,3331.1085
2025-04-16 19:00:00+00:00,750.25,28.99,29.1619,40.3102,1175.5236,3526.5707
2025-04-16 20:00:00+00:00,691.45,28.99,26.8742,40.1907,1080.0946,3240.2839
2025-04-16 21:00:00+00:00,688.03,28.97,26.7412,40.1876,1074.6623,3223.987
2025-04-16 22:00:00+00:00,578.88,28.88,22.4941,39.9398,898.4092,2695.2277
2025-04-16 23:00:00+00:00,398.02,28.75,15.4567,39.3371,608.0224,1824.0671
2025-04-17 00:00:00+00:00,182.1,28.6,7.059,37.9053,267.573,802.7189
2025-04-17 01:00:00+00:00,22.95,28.35,0.8836,33.717,29.7939,89.3817
2025-04-17 02:00:00+00:00,0.0,28.17,0.0,0.0,0.0,0.0
2025-04-17 03:00:00+00:00,0.0,28.09,0.0,0.0,0.0,0.0
2025-04-17 04:00:00+00:00,0.0,28.04,0.0,0.0,0.0,0.0
2025-04-17 05:00:00+00:00,0.0,27.94,0.0,0.0,0.0,0.0
2025-04-17 06:00:00+00:00,0.0,27.86,0.0,0.0,0.0,0.0
2025-04-17 07:00:00+00:00,0.0,27.78,0.0,0.0,0.0,0.0
2025-04-17 08:00:00+00:00,0.0,27.71,0.0,0.0,0.0,0.0
2025-04-17 09:00:00+00:00,0.0,27.63,0.0,0.0,0.0,0.0
2025-04-17 10:00:00+00:00,0.0,27.54,0.0,0.0,0.0,0.0
2025-04-17 11:00:00+00:00,0.0,27.47,0.0,0.0,0.0,0.0
2025-04-17 12:00:00+00:00,0.0,27.43,0.0,0.0,0.0,0.0
2025-04-17 13:00:00+00:00,0.0,27.46,0.0,0.0,0.0,0.0
2025-04-17 14:00:00+00:00,60.7,27.63,2.3454,35.9056,84.2135,252.6405
2025-04-17 15:00:00+00:00,248.0,28.09,9.6211,38.6137,371.5052,1114.5156
2025-04-17 16:00:00+00:00,458.05,28.37,17.7923,39.663,705.6953,2117.0859
2025-04-17 17:00:00+00:00,639.97,28.6,24.871,40.1569,998.741,2996.2231
2025-04-17 18:00:00+00:00,749.47,28.79,29.1314,40.3513,1175.4905,3526.4715
2025-04-17 19:00:00+00:00,787.67,28.93,30.6176,40.3921,1236.7095,3710.1285
2025-04-17 20:00:00+00:00,801.05,29.03,31.1382,40.3943,1257.8078,3773.4234
2025-04-17 21:00:00+00:00,651.8,29.07,25.3316,40.0844,1015.4015,3046.2045
2025-04-17 22:00:00+00:00,503.02,29.01,19.5423,39.6826,775.491,2326.4729
2025-04-17 23:00:00+00:00,340.6,28.9,13.2228,39.0257,516.0284,1548.0852
2025-04-18 00:00:00+00:00,144.18,28.74,5.5855,37.4125,208.9662,626.8987
2025-04-18 01:00:00+00:00,17.65,28.46,0.6789,33.1413,22.4987,67.496
2025-04-18 02:00:00+00:00,0.0,28.26,0.0,0.0,0.0,0.0
2025-04-18 03:00:00+00:00,0.0,28.21,0.0,0.0,0.0,0.0
2025-04-18 04:00:00+00:00,0.0,28.13,0.0,0.0,0.0,0.0
2025-04-18 05:00:00+00:00,0.0,28.04,0.0,0.0,0.0,0.0
2025-04-18 06:00:00+00:00,0.0,27.89,0.0,0.0,0.0,0.0
2025-04-18 07:00:00+00:00,0.0,27.69,0.0,0.0,0.0,0.0
2025-04-18 08:00:00+00:00,0.0,27.46,0.0,0.0,0.0,0.0
2025-04-18 09:00:00+00:00,0.0,27.23,0.0,0.0,0.0,0.0
2025-04-18 10:00:00+00:00,0.0,26.99,0.0,0.0,0.0,0.0
2025-04-18 11:00:00+00:00,0.0,26.82,0.0,0.0,0.0,0.0
2025-04-18 12:00:00+00:00,0.0,26.73,0.0,0.0,0.0,0.0
2025-04-18 13:00:00+00:00,0.0,26.78,0.0,0.0,0.0,0.0
2025-04-18 14:00:00+00:00,13.93,27.01,0.5354,32.9895,17.6631,52.9892
2025-04-18 15:00:00+00:00,60.62,27.46,2.3423,35.9418,84.188,252.564
2025-04-18 16:00:00+00:00,100.47,27.74,3.8882,36.9107,143.5173,430.5519
2025-04-18 17:00:00+00:00,144.57,27.92,5.6008,37.6012,210.595,631.785
2025-04-18 18:00:00+00:00,229.55,28.06,8.9037,38.4732,342.5518,1027.6553
2025-04-18 19:00:00+00:00,236.02,28.1,9.1552,38.5174,352.6355,1057.9064
2025-04-18 20:00:00+00:00,210.88,28.07,8.1778,38.308,313.2746,939.8238
2025-04-18 21:00:00+00:00,299.95,28.02,11.6415,38.9852,453.8448,1361.5344
2025-04-18 22:00:00+00:00,278.73,27.89,10.8161,38.8775,420.5035,1261.5105
2025-04-18 23:00:00+00:00,167.23,27.73,6.4812,37.9315,245.8424,737.5273
2025-04-19 00:00:00+00:00,95.18,27.52,3.6829,36.8508,135.7192,407.1576
2025-04-19 01:00:00+00:00,13.55,27.29,0.5207,32.8652,17.1137,51.3412
2025-04-19 02:00:00+00:00,0.0,27.18,0.0,0.0,0.0,0.0
2025-04-19 03:00:00+00:00,0.0,27.18,0.0,0.0,0.0,0.0
2025-04-19 04:00:00+00:00,0.0,27.21,0.0,0.0,0.0,0.0
2025-04-19 05:00:00+00:00,0.0,27.23,0.0,0.0,0.0,0.0
2025-04-19 06:00:00+00:00,0.0,27.22,0.0,0.0,0.0,0.0
2025-04-19 07:00:00+00:00,0.0,27.2,0.0,0.0,0.0,0.0
2025-04-19 08:00:00+00:00,0.0,27.18,0.0,0.0,0.0,0.0
2025-04-19 09:00:00+00:00,0.0,27.15,0.0,0.0,0.0,0.0
2025-04-19 10:00:00+00:00,0.0,27.14,0.0,0.0,0.0,0.0
2025-04-19 11:00:00+00:00,0.0,27.17,0.0,0.0,0.0,0.0
2025-04-19 12:00:00+00:00,0.0,27.14,0.0,0.0,0.0,0.0
2025-04-19 13:00:00+00:00,0.0,27.04,0.0,0.0,0.0,0.0
2025-04-19 14:00:00+00:00,32.62,27.02,1.2578,34.7609,43.7228,131.1685
2025-04-19 15:00:00+00:00,126.93,27.29,4.9157,37.4828,184.2529,552.7586
2025-04-19 16:00:00+00:00,244.75,27.49,9.4947,38.7209,367.6431,1102.9294
2025-04-19 17:00:00+00:00,341.4,27.66,13.2538,39.3005,520.879,1562.6371
2025-04-19 18:00:00+00:00,359.23,27.87,13.9474,39.3463,548.779,1646.337
2025-04-19 19:00:00+00:00,248.48,28.09,9.6397,38.6174,372.2613,1116.7838
2025-04-19 20:00:00+00:00,172.35,28.28,6.6801,37.8684,252.9651,758.8954
2025-04-19 21:00:00+00:00,146.98,28.43,5.6943,37.5201,213.6505,640.9516
2025-04-19 22:00:00+00:00,152.82,28.44,5.9212,37.5952,222.6086,667.8259
2025-04-19 23:00:00+00:00,127.62,28.36,4.9423,37.2536,184.1179,552.3536
2025-04-20 00:00:00+00:00,75.2,28.23,2.9076,36.2089,105.2804,315.8411
2025-04-20 01:00:00+00:00,12.0,27.95,0.4609,32.4538,14.9571,44.8714
2025-04-20 02:00:00+00:00,0.0,27.75,0.0,0.0,0.0,0.0
2025-04-20 03:00:00+00:00,0.0,27.73,0.0,0.0,0.0,0.0
2025-04-20 04:00:00+00:00,0.0,27.73,0.0,0.0,0.0,0.0
2025-04-20 05:00:00+00:00,0.0,27.73,0.0,0.0,0.0,0.0
2025-04-20 06:00:00+00:00,0.0,27.72,0.0,0.0,0.0,0.0
2025-04-20 07:00:00+00:00,0.0,27.68,0.0,0.0,0.0,0.0
2025-04-20 08:00:00+00:00,0.0,27.6,0.0,0.0,0.0,0.0
2025-04-20 09:00:00+00:00,0.0,27.52,0.0,0.0,0.0,0.0
2025-04-20 10:00:00+00:00,0.0,27.5,0.0,0.0,0.0,0.0
2025-04-20 11:00:00+00:00,0.0,27.51,0.0,0.0,0.0,0.0
2025-04-20 12:00:00+00:00,0.0,27.48,0.0,0.0,0.0,0.0
2025-04-20 13:00:00+00:00,0.0,27.51,0.0,0.0,0.0,0.0
2025-04-20 14:00:00+00:00,72.0,27.74,2.7836,36.2313,100.8519,302.5557
2025-04-20 15:00:00+00:00,288.77,28.26,11.2066,38.8622,435.5143,1306.5429
2025-04-20 16:00:00+00:00,517.38,28.57,20.1009,39.8241,800.5016,2401.5049
2025-04-20 17:00:00+00:00,697.03,28.83,27.0912,40.2368,1090.0646,3270.1939
2025-04-20 18:00:00+00:00,779.35,29.04,30.2941,40.3538,1222.4791,3667.4373
2025-04-20 19:00:00+00:00,825.62,29.15,32.0941,40.4105,1296.94,3890.8199
2025-04-20 20:00:00+00:00,826.5,29.23,32.1284,40.395,1297.8277,3893.483
2025-04-20 21:00:00+00:00,686.42,29.31,26.6787,40.1115,1070.1244,3210.3731
2025-04-20 22:00:00+00:00,514.78,29.31,20.0,39.6564,793.1293,2379.388
2025-04-20 23:00:00+00:00,263.9,29.24,10.2393,38.4784,393.993,1181.9789
2025-04-21 00:00:00+00:00,119.12,29.05,4.6121,36.96,170.4615,511.3846
2025-04-21 01:00:00+00:00,14.05,28.65,0.5399,32.618,17.61,52.8301
2025-04-21 02:00:00+00:00,0.0,28.27,0.0,0.0,0.0,0.0
2025-04-21 03:00:00+00:00,0.0,28.09,0.0,0.0,0.0,0.0
2025-04-21 04:00:00+00:00,0.0,27.93,0.0,0.0,0.0,0.0
2025-04-21 05:00:00+00:00,0.0,27.76,0.0,0.0,0.0,0.0
2025-04-21 06:00:00+00:00,0.0,27.64,0.0,0.0,0.0,0.0
2025-04-21 07:00:00+00:00,0.0,27.52,0.0,0.0,0.0,0.0
2025-04-21 08:00:00+00:00,0.0,27.44,0.0,0.0,0.0,0.0
2025-04-21 09:00:00+00:00,0.0,27.37,0.0,0.0,0.0,0.0
2025-04-21 10:00:00+00:00,0.0,27.34,0.0,0.0,0.0,0.0
2025-04-21 11:00:00+00:00,0.0,27.28,0.0,0.0,0.0,0.0
2025-04-21 12:00:00+00:00,0.0,27.27,0.0,0.0,0.0,0.0
2025-04-21 13:00:00+00:00,0.0,27.26,0.0,0.0,0.0,0.0
2025-04-21 14:00:00+00:00,72.3,27.51,2.7952,36.2922,101.4452,304.3357
2025-04-21 15:00:00+00:00,282.17,28.09,10.9499,38.8564,425.4751,1276.4254
2025-04-21 16:00:00+00:00,498.77,28.33,19.3767,39.8151,771.4854,2314.4563
2025-04-21 17:00:00+00:00,691.1,28.52,26.8603,40.2903,1082.2079,3246.6237
2025-04-21 18:00:00+00:00,819.58,28.67,31.8587,40.5024,1290.3523,3871.057
2025-04-21 19:00:00+00:00,856.4,28.85,33.2911,40.5237,1349.0779,4047.2338
2025-04-21 20:00:00+00:00,840.85,29.1,32.6865,40.446,1322.0384,3966.1151
2025-04-21 21:00:00+00:00,756.35,29.23,29.3994,40.2708,1183.9374,3551.8123
2025-04-21 22:00:00+00:00,536.58,29.28,20.8483,39.7312,828.328,2484.9839
2025-04-21 23:00:00+00:00,386.98,29.25,15.0272,39.1788,588.7491,1766.2474
2025-04-22 00:00:00+00:00,180.43,29.1,6.994,37.7761,264.2067,792.6202
2025-04-22 01:00:00+00:00,21.2,28.77,0.816,33.4524,27.2959,81.8877
2025-04-22 02:00:00+00:00,0.0,28.42,0.0,0.0,0.0,0.0
2025-04-22 03:00:00+00:00,0.0,28.24,0.0,0.0,0.0,0.0
2025-04-22 04:00:00+00:00,0.0,28.08,0.0,0.0,0.0,0.0
2025-04-22 05:00:00+00:00,0.0,27.94,0.0,0.0,0.0,0.0
2025-04-22 06:00:00+00:00,0.0,27.85,0.0,0.0,0.0,0.0
2025-04-22 07:00:00+00:00,0.0,27.74,0.0,0.0,0.0,0.0
2025-04-22 08:00:00+00:00,0.0,27.65,0.0,0.0,0.0,0.0
2025-04-22 09:00:00+00:00,0.0,27.55,0.0,0.0,0.0,0.0
2025-04-22 10:00:00+00:00,0.0,27.47,0.0,0.0,0.0,0.0
2025-04-22 11:00:00+00:00,0.0,27.41,0.0,0.0,0.0,0.0
2025-04-22 12:00:00+00:00,0.0,27.36,0.0,0.0,0.0,0.0
2025-04-22 13:00:00+00:00,0.0,27.33,0.0,0.0,0.0,0.0
2025-04-22 14:00:00+00:00,68.57,27.61,2.6506,36.1608,95.8464,287.5391
2025-04-22 15:00:00+00:00,265.27,28.2,10.2927,38.7167,398.4972,1195.4916
2025-04-22 16:00:00+00:00,471.92,28.52,18.332,39.6812,727.4368,2182.3104
2025-04-22 17:00:00+00:00,635.55,28.76,24.6991,40.112,990.7298,2972.1895
2025-04-22 18:00:00+00:00,827.5,28.9,32.167,40.4667,1301.6922,3905.0765
2025-04-22 19:00:00+00:00,894.17,28.96,34.7603,40.5573,1409.7861,4229.3584
2025-04-22 20:00:00+00:00,876.58,28.99,34.0762,40.5249,1380.9354,4142.8062
2025-04-22 21:00:00+00:00,734.15,29.05,28.5356,40.2661,1149.0176,3447.0527
2025-04-22 22:00:00+00:00,600.8,29.01,23.3471,39.9708,933.2024,2799.6073
2025-04-22 23:00:00+00:00,403.52,28.94,15.6707,39.32,616.1738,1848.5213
2025-04-23 00:00:00+00:00,188.05,28.82,7.2902,37.9193,276.4405,829.3216
2025-04-23 01:00:00+00:00,21.8,28.54,0.8392,33.5648,28.1669,84.5006
2025-04-23 02:00:00+00:00,0.0,28.24,0.0,0.0,0.0,0.0
2025-04-23 03:00:00+00:00,0.0,28.1,0.0,0.0,0.0,0.0
2025-04-23 04:00:00+00:00,0.0,27.98,0.0,0.0,0.0,0.0
2025-04-23 05:00:00+00:00,0.0,27.87,0.0,0.0,0.0,0.0
2025-04-23 06:00:00+00:00,0.0,27.79,0.0,0.0,0.0,0.0
2025-04-23 07:00:00+00:00,0.0,27.71,0.0,0.0,0.0,0.0
2025-04-23 08:00:00+00:00,0.0,27.62,0.0,0.0,0.0,0.0
2025-04-23 09:00:00+00:00,0.0,27.53,0.0,0.0,0.0,0.0
2025-04-23 10:00:00+00:00,0.0,27.46,0.0,0.0,0.0,0.0
2025-04-23 11:00:00+00:00,0.0,27.39,0.0,0.0,0.0,0.0
2025-04-23 12:00:00+00:00,0.0,27.38,0.0,0.0,0.0,0.0
2025-04-23 13:00:00+00:00,0.0,27.41,0.0,0.0,0.0,0.0
2025-04-23 14:00:00+00:00,38.88,27.69,1.5,34.9701,52.456,157.368
2025-04-23 15:00:00+00:00,190.52,28.25,7.3863,38.0712,281.2061,843.6182
2025-04-23 16:00:00+00:00,368.35,28.56,14.3023,39.2409,561.2365,1683.7095
2025-04-23 17:00:00+00:00,524.58,28.81,20.3812,39.7952,811.0734,2433.2202
2025-04-23 18:00:00+00:00,686.85,29.05,26.6953,40.1679,1072.2951,3216.8853
2025-04-23 19:00:00+00:00,678.5,29.4,26.3706,40.0748,1056.7996,3170.3988
2025-04-23 20:00:00+00:00,608.92,29.72,23.6634,39.8398,942.7453,2828.236
2025-04-23 21:00:00+00:00,551.95,29.93,21.4466,39.6375,850.0917,2550.275
2025-04-23 22:00:00+00:00,417.05,29.98,16.1973,39.1524,634.164,1902.492
2025-04-23 23:00:00+00:00,279.4,29.94,10.8421,38.4323,416.687,1250.0611
2025-04-24 00:00:00+00:00,125.18,29.77,4.8472,36.8985,178.8558,536.5673
2025-04-24 01:00:00+00:00,16.92,29.37,0.6506,32.8378,21.3636,64.0909
2025-04-24 02:00:00+00:00,0.0,28.97,0.0,0.0,0.0,0.0
2025-04-24 03:00:00+00:00,0.0,28.79,0.0,0.0,0.0,0.0
2025-04-24 04:00:00+00:00,0.0,28.63,0.0,0.0,0.0,0.0
2025-04-24 05:00:00+00:00,0.0,28.47,0.0,0.0,0.0,0.0
2025-04-24 06:00:00+00:00,0.0,28.32,0.0,0.0,0.0,0.0
2025-04-24 07:00:00+00:00,0.0,28.19,0.0,0.0,0.0,0.0
2025-04-24 08:00:00+00:00,0.0,28.05,0.0,0.0,0.0,0.0
2025-04-24 09:00:00+00:00,0.0,27.92,0.0,0.0,0.0,0.0
2025-04-24 10:00:00+00:00,0.0,27.81,0.0,0.0,0.0,0.0
2025-04-24 11:00:00+00:00,0.0,27.72,0.0,0.0,0.0,0.0
2025-04-24 12:00:00+00:00,0.0,27.64,0.0,0.0,0.0,0.0
2025-04-24 13:00:00+00:00,0.0,27.6,0.0,0.0,0.0,0.0
2025-04-24 14:00:00+00:00,64.05,27.8,2.4753,35.9773,89.0532,267.1595
2025-04-24 15:00:00+00:00,245.27,28.34,9.5149,38.5377,366.6819,1100.0458
2025-04-24 16:00:00+00:00,455.98,28.61,17.7118,39.6033,701.4477,2104.3431
2025-04-24 17:00:00+00:00,601.58,28.85,23.3774,40.0071,935.2617,2805.7851
2025-04-24 18:00:00+00:00,715.78,29.09,27.8209,40.2206,1118.9734,3356.9201
2025-04-24 19:00:00+00:00,822.45,29.26,31.9709,40.3819,1291.0461,3873.1383
2025-04-24 20:00:00+00:00,850.6,29.41,33.0661,40.3958,1335.7309,4007.1928
2025-04-24 21:00:00+00:00,810.2,29.52,31.4946,40.306,1269.4223,3808.2668
2025-04-24 22:00:00+00:00,614.58,29.52,23.8836,39.8971,952.8859,2858.6576
2025-04-24 23:00:00+00:00,425.5,29.44,16.526,39.3044,649.5465,1948.6396
2025-04-25 00:00:00+00:00,203.85,29.19,7.9044,37.9946,300.3225,900.9676
2025-04-25 01:00:00+00:00,21.77,28.71,0.838,33.522,28.0913,84.274
2025-04-25 02:00:00+00:00,0.0,28.26,0.0,0.0,0.0,0.0
2025-04-25 03:00:00+00:00,0.0,28.02,0.0,0.0,0.0,0.0
2025-04-25 04:00:00+00:00,0.0,27.85,0.0,0.0,0.0,0.0
2025-04-25 05:00:00+00:00,0.0,27.73,0.0,0.0,0.0,0.0
2025-04-25 06:00:00+00:00,0.0,27.65,0.0,0.0,0.0,0.0
2025-04-25 07:00:00+00:00,0.0,27.58,0.0,0.0,0.0,0.0
2025-04-25 08:00:00+00:00,0.0,27.48,0.0,0.0,0.0,0.0
2025-04-25 09:00:00+00:00,0.0,27.38,0.0,0.0,0.0,0.0
2025-04-25 10:00:00+00:00,0.0,27.29,0.0,0.0,0.0,0.0
2025-04-25 11:00:00+00:00,0.0,27.2,0.0,0.0,0.0,0.0
2025-04-25 12:00:00+00:00,0.0,27.12,0.0,0.0,0.0,0.0
2025-04-25 13:00:00+00:00,0.0,27.07,0.0,0.0,0.0,0.0
2025-04-25 14:00:00+00:00,78.55,27.29,3.0377,36.5119,110.9122,332.7367
2025-04-25 15:00:00+00:00,292.7,28.01,11.3595,38.9421,442.3618,1327.0854
2025-04-25 16:00:00+00:00,529.2,28.4,20.5608,39.8979,820.331,2460.9931
2025-04-25 17:00:00+00:00,720.1,28.72,27.9887,40.3083,1128.1767,3384.53
2025-04-25 18:00:00+00:00,841.42,29.02,32.7086,40.4639,1323.517,3970.5509
2025-04-25 19:00:00+00:00,857.62,29.25,33.339,40.4408,1348.2541,4044.7622
2025-04-25 20:00:00+00:00,838.0,29.38,32.5759,40.382,1315.4806,3946.4418
2025-04-25 21:00:00+00:00,773.03,29.42,30.0485,40.2614,1209.7961,3629.3883
2025-04-25 22:00:00+00:00,606.17,29.33,23.5562,39.9162,940.2754,2820.8261
2025-04-25 23:00:00+00:00,411.6,29.14,15.9851,39.3114,628.3992,1885.1976
2025-04-26 00:00:00+00:00,192.45,28.81,7.4613,37.9667,283.2794,849.8381
2025-04-26 01:00:00+00:00,20.38,28.26,0.7843,33.4897,26.2674,78.8022
2025-04-26 02:00:00+00:00,0.0,27.79,0.0,0.0,0.0,0.0
2025-04-26 03:00:00+00:00,0.0,27.55,0.0,0.0,0.0,0.0
2025-04-26 04:00:00+00:00,0.0,27.36,0.0,0.0,0.0,0.0
2025-04-26 05:00:00+00:00,0.0,27.21,0.0,0.0,0.0,0.0
2025-04-26 06:00:00+00:00,0.0,27.12,0.0,0.0,0.0,0.0
2025-04-26 07:00:00+00:00,0.0,27.03,0.0,0.0,0.0,0.0
2025-04-26 08:00:00+00:00,0.0,26.97,0.0,0.0,0.0,0.0
2025-04-26 09:00:00+00:00,0.0,26.93,0.0,0.0,0.0,0.0
2025-04-26 10:00:00+00:00,0.0,26.92,0.0,0.0,0.0,0.0
2025-04-26 11:00:00+00:00,0.0,26.9,0.0,0.0,0.0,0.0
2025-04-26 12:00:00+00:00,0.0,26.91,0.0,0.0,0.0,0.0
2025-04-26 13:00:00+00:00,0.0,26.95,0.0,0.0,0.0,0.0
2025-04-26 14:00:00+00:00,73.0,27.19,2.8224,36.3849,102.694,308.0821
2025-04-26 15:00:00+00:00,278.85,27.86,10.8208,38.8848,420.7649,1262.2946
2025-04-26 16:00:00+00:00,491.4,28.14,19.0899,39.8313,760.3729,2281.1188
2025-04-26 17:00:00+00:00,649.9,28.42,25.2572,40.219,1015.8194,3047.4583
2025-04-26 18:00:00+00:00,781.35,28.67,30.3715,40.436,1228.1044,3684.3133
2025-04-26 19:00:00+00:00,832.8,28.85,32.3731,40.486,1310.6579,3931.9738
2025-04-26 20:00:00+00:00,838.83,28.94,32.6078,40.4767,1319.8544,3959.5633
2025-04-26 21:00:00+00:00,778.65,28.99,30.2668,40.3631,1221.6618,3664.9855
2025-04-26 22:00:00+00:00,604.8,28.95,23.5027,39.9941,939.97,2819.91
2025-04-26 23:00:00+00:00,400.02,28.89,15.5345,39.3156,610.7494,1832.2482
2025-04-27 00:00:00+00:00,187.75,28.73,7.2786,37.9362,276.1215,828.3644
2025-04-27 01:00:00+00:00,18.3,28.34,0.704,33.2454,23.4043,70.213
2025-04-27 02:00:00+00:00,0.0,27.95,0.0,0.0,0.0,0.0
2025-04-27 03:00:00+00:00,0.0,27.74,0.0,0.0,0.0,0.0
2025-04-27 04:00:00+00:00,0.0,27.56,0.0,0.0,0.0,0.0
2025-04-27 05:00:00+00:00,0.0,27.36,0.0,0.0,0.0,0.0
2025-04-27 06:00:00+00:00,0.0,27.15,0.0,0.0,0.0,0.0
2025-04-27 07:00:00+00:00,0.0,26.98,0.0,0.0,0.0,0.0
2025-04-27 08:00:00+00:00,0.0,26.82,0.0,0.0,0.0,0.0
2025-04-27 09:00:00+00:00,0.0,26.71,0.0,0.0,0.0,0.0
2025-04-27 10:00:00+00:00,0.0,26.61,0.0,0.0,0.0,0.0
2025-04-27 11:00:00+00:00,0.0,26.54,0.0,0.0,0.0,0.0
2025-04-27 12:00:00+00:00,0.0,26.53,0.0,0.0,0.0,0.0
2025-04-27 13:00:00+00:00,0.0,26.55,0.0,0.0,0.0,0.0
2025-04-27 14:00:00+00:00,67.0,26.92,2.5898,36.2708,93.934,281.8019
2025-04-27 15:00:00+00:00,254.23,27.76,9.8633,38.7333,382.0395,1146.1186
2025-04-27 16:00:00+00:00,443.52,28.15,17.2269,39.6554,683.1395,2049.4186
2025-04-27 17:00:00+00:00,577.9,28.45,22.4557,40.0294,898.8893,2696.6678
2025-04-27 18:00:00+00:00,766.45,28.74,29.7919,40.394,1203.4144,3610.2431
2025-04-27 19:00:00+00:00,820.72,28.92,31.9033,40.4512,1290.5259,3871.5778
2025-04-27 20:00:00+00:00,862.58,28.98,33.5316,40.5057,1358.2224,4074.6673
2025-04-27 21:00:00+00:00,730.47,29.0,28.3924,40.2695,1143.346,3430.0381
2025-04-27 22:00:00+00:00,574.53,28.95,22.3249,39.9127,891.0458,2673.1375
2025-04-27 23:00:00+00:00,378.85,28.76,14.7109,39.2476,577.3653,1732.096
2025-04-28 00:00:00+00:00,159.77,28.4,6.1912,37.6922,233.3618,700.0854
2025-04-28 01:00:00+00:00,17.12,27.75,0.6585,33.2452,21.8914,65.6742
2025-04-28 02:00:00+00:00,0.0,27.13,0.0,0.0,0.0,0.0
2025-04-28 03:00:00+00:00,0.0,26.87,0.0,0.0,0.0,0.0
2025-04-28 04:00:00+00:00,0.0,26.79,0.0,0.0,0.0,0.0
2025-04-28 05:00:00+00:00,0.0,26.81,0.0,0.0,0.0,0.0
2025-04-28 06:00:00+00:00,0.0,26.85,0.0,0.0,0.0,0.0
2025-04-28 07:00:00+00:00,0.0,26.88,0.0,0.0,0.0,0.0
2025-04-28 08:00:00+00:00,0.0,26.8,0.0,0.0,0.0,0.0
2025-04-28 09:00:00+00:00,0.0,26.63,0.0,0.0,0.0,0.0
2025-04-28 10:00:00+00:00,0.0,26.43,0.0,0.0,0.0,0.0
2025-04-28 11:00:00+00:00,0.0,26.23,0.0,0.0,0.0,0.0
2025-04-28 12:00:00+00:00,0.0,26.05,0.0,0.0,0.0,0.0
2025-04-28 13:00:00+00:00,0.0,25.94,0.0,0.0,0.0,0.0
2025-04-28 14:00:00+00:00,77.47,26.22,2.996,36.7271,110.0334,330.1003
2025-04-28 15:00:00+00:00,291.6,27.06,11.3166,39.1434,442.9707,1328.9122
2025-04-28 16:00:00+00:00,531.15,27.48,20.6362,40.1019,827.5511,2482.6532
2025-04-28 17:00:00+00:00,717.47,27.85,27.8856,40.4885,1129.0464,3387.1393
2025-04-28 18:00:00+00:00,837.85,28.16,32.5688,40.6406,1323.6165,3970.8495
2025-04-28 19:00:00+00:00,920.75,28.42,35.7935,40.7094,1457.1289,4371.3866
2025-04-28 20:00:00+00:00,893.4,28.61,34.73,40.6303,1411.09,4233.2701
2025-04-28 21:00:00+00:00,775.17,28.68,30.1311,40.4227,1217.9823,3653.9468
2025-04-28 22:00:00+00:00,624.4,28.65,24.2652,40.1082,973.2321,2919.6963
2025-04-28 23:00:00+00:00,423.92,28.48,16.4644,39.506,650.4405,1951.3214
2025-04-29 00:00:00+00:00,195.95,28.16,7.5974,38.1459,289.8091,869.4274
2025-04-29 01:00:00+00:00,20.62,27.55,0.7937,33.6812,26.7328,80.1983
2025-04-29 02:00:00+00:00,0.0,26.95,0.0,0.0,0.0,0.0
2025-04-29 03:00:00+00:00,0.0,26.71,0.0,0.0,0.0,0.0
2025-04-29 04:00:00+00:00,0.0,26.62,0.0,0.0,0.0,0.0
2025-04-29 05:00:00+00:00,0.0,26.64,0.0,0.0,0.0,0.0
2025-04-29 06:00:00+00:00,0.0,26.72,0.0,0.0,0.0,0.0
2025-04-29 07:00:00+00:00,0.0,26.78,0.0,0.0,0.0,0.0
2025-04-29 08:00:00+00:00,0.0,26.81,0.0,0.0,0.0,0.0
2025-04-29 09:00:00+00:00,0.0,26.77,0.0,0.0,0.0,0.0
2025-04-29 10:00:00+00:00,0.0,26.65,0.0,0.0,0.0,0.0
2025-04-29 11:00:00+00:00,0.0,26.5,0.0,0.0,0.0,0.0
2025-04-29 12:00:00+00:00,0.0,26.44,0.0,0.0,0.0,0.0
2025-04-29 13:00:00+00:00,0.0,26.41,0.0,0.0,0.0,0.0
2025-04-29 14:00:00+00:00,75.03,26.75,2.9012,36.5412,106.0149,318.0448
2025-04-29 15:00:00+00:00,292.92,27.59,11.368,39.0355,443.7563,1331.2689
2025-04-29 16:00:00+00:00,512.78,28.02,19.9217,39.9279,795.431,2386.2931
2025-04-29 17:00:00+00:00,703.08,28.42,27.3263,40.3371,1102.2635,3306.7904
2025-04-29 18:00:00+00:00,847.08,28.75,32.9285,40.5302,1334.5979,4003.7938
2025-04-29 19:00:00+00:00,897.75,28.98,34.8996,40.5583,1415.468,4246.404
2025-04-29 20:00:00+00:00,885.33,29.16,34.4167,40.502,1393.9455,4181.8365
2025-04-29 21:00:00+00:00,772.38,29.24,30.0231,40.2985,1209.8855,3629.6566
2025-04-29 22:00:00+00:00,639.3,29.23,24.8453,40.0205,994.3206,2982.9618
2025-04-29 23:00:00+00:00,409.73,29.09,15.9124,39.3143,625.5842,1876.7525
2025-04-30 00:00:00+00:00,191.18,28.75,7.4119,37.9671,281.4083,844.2249
2025-04-30 01:00:00+00:00,18.65,28.14,0.7175,33.3322,23.9168,71.7504
2025-04-30 02:00:00+00:00,0.0,27.61,0.0,0.0,0.0,0.0
2025-04-30 03:00:00+00:00,0.0,27.37,0.0,0.0,0.0,0.0
2025-04-30 04:00:00+00:00,0.0,27.2,0.0,0.0,0.0,0.0
2025-04-30 05:00:00+00:00,0.0,27.12,0.0,0.0,0.0,0.0
2025-04-30 06:00:00+00:00,0.0,27.09,0.0,0.0,0.0,0.0
2025-04-30 07:00:00+00:00,0.0,27.05,0.0,0.0,0.0,0.0
2025-04-30 08:00:00+00:00,0.0,27.0,0.0,0.0,0.0,0.0
2025-04-30 09:00:00+00:00,0.0,26.99,0.0,0.0,0.0,0.0
2025-04-30 10:00:00+00:00,0.0,26.96,0.0,0.0,0.0,0.0
2025-04-30 11:00:00+00:00,0.0,26.99,0.0,0.0,0.0,0.0
2025-04-30 12:00:00+00:00,0.0,27.06,0.0,0.0,0.0,0.0
2025-04-30 13:00:00+00:00,0.0,27.1,0.0,0.0,0.0,0.0
2025-04-30 14:00:00+00:00,62.7,27.35,2.423,36.0363,87.3161,261.9482
2025-04-30 15:00:00+00:00,244.55,27.91,9.4869,38.6268,366.4492,1099.3476
2025-04-30 16:00:00+00:00,451.33,28.18,17.5308,39.6788,695.6005,2086.8015
2025-04-30 17:00:00+00:00,591.67,28.46,22.9915,40.0646,921.1467,2763.4402
2025-04-30 18:00:00+00:00,709.62,28.69,27.5809,40.2932,1111.3236,3333.9709
2025-04-30 19:00:00+00:00,748.08,28.89,29.0774,40.3274,1172.6151,3517.8454
2025-04-30 20:00:00+00:00,708.08,28.98,27.5213,40.2281,1107.1279,3321.3838
2025-04-30 21:00:00+00:00,625.92,28.91,24.3245,40.0563,974.348,2923.0441
2025-04-30 22:00:00+00:00,502.42,28.72,19.5189,39.7432,775.7418,2327.2253
2025-04-30 23:00:00+00:00,336.45,28.5,13.0613,39.0907,510.5757,1531.727
2025-05-01 00:00:00+00:00,161.9,28.22,6.274,37.7585,236.8984,710.6951
2025-05-01 01:00:00+00:00,18.55,27.81,0.7137,33.3988,23.8368,71.5105
2025-05-01 02:00:00+00:00,0.0,27.5,0.0,0.0,0.0,0.0
2025-05-01 03:00:00+00:00,0.0,27.34,0.0,0.0,0.0,0.0
2025-05-01 04:00:00+00:00,0.0,27.23,0.0,0.0,0.0,0.0
2025-05-01 05:00:00+00:00,0.0,27.12,0.0,0.0,0.0,0.0
2025-05-01 06:00:00+00:00,0.0,27.08,0.0,0.0,0.0,0.0
2025-05-01 07:00:00+00:00,0.0,27.1,0.0,0.0,0.0,0.0
2025-05-01 08:00:00+00:00,0.0,27.09,0.0,0.0,0.0,0.0
2025-05-01 09:00:00+00:00,0.0,27.05,0.0,0.0,0.0,0.0
2025-05-01 10:00:00+00:00,0.0,27.02,0.0,0.0,0.0,0.0
2025-05-01 11:00:00+00:00,0.0,27.0,0.0,0.0,0.0,0.0
2025-05-01 12:00:00+00:00,0.0,27.02,0.0,0.0,0.0,0.0
2025-05-01 13:00:00+00:00,0.0,27.05,0.0,0.0,0.0,0.0
2025-05-01 14:00:00+00:00,64.15,27.36,2.4792,36.081,89.4527,268.3581
2025-05-01 15:00:00+00:00,237.75,28.0,9.2225,38.5534,355.5583,1066.6749
2025-05-01 16:00:00+00:00,506.1,28.26,19.6619,39.8544,783.6136,2350.8408
2025-05-01 17:00:00+00:00,644.9,28.48,25.0627,40.1944,1007.3792,3022.1377
2025-05-01 18:00:00+00:00,697.88,28.77,27.1242,40.2514,1091.7899,3275.3696
2025-05-01 19:00:00+00:00,737.35,29.06,28.6601,40.2703,1154.1507,3462.452
2025-05-01 20:00:00+00:00,741.7,29.33,28.8295,40.2213,1159.5622,3478.6866
2025-05-01 21:00:00+00:00,714.9,29.47,27.787,40.1378,1115.3059,3345.9176
2025-05-01 22:00:00+00:00,536.47,29.54,20.8441,39.6749,826.989,2480.967
2025-05-01 23:00:00+00:00,348.77,29.52,13.5407,38.9336,527.1858,1581.5573
2025-05-02 00:00:00+00:00,152.38,29.39,5.9039,37.3775,220.674,662.0221
2025-05-02 01:00:00+00:00,16.6,29.04,0.6383,32.8757,20.9834,62.9501
2025-05-02 02:00:00+00:00,0.0,28.68,0.0,0.0,0.0,0.0
2025-05-02 03:00:00+00:00,0.0,28.51,0.0,0.0,0.0,0.0
2025-05-02 04:00:00+00:00,0.0,28.34,0.0,0.0,0.0,0.0
2025-05-02 05:00:00+00:00,0.0,28.17,0.0,0.0,0.0,0.0
2025-05-02 06:00:00+00:00,0.0,27.99,0.0,0.0,0.0,0.0
2025-05-02 07:00:00+00:00,0.0,27.79,0.0,0.0,0.0,0.0
2025-05-02 08:00:00+00:00,0.0,27.57,0.0,0.0,0.0,0.0
2025-05-02 09:00:00+00:00,0.0,27.41,0.0,0.0,0.0,0.0
2025-05-02 10:00:00+00:00,0.0,27.29,0.0,0.0,0.0,0.0
2025-05-02 11:00:00+00:00,0.0,27.23,0.0,0.0,0.0,0.0
2025-05-02 12:00:00+00:00,0.0,27.21,0.0,0.0,0.0,0.0
2025-05-02 13:00:00+00:00,0.0,27.2,0.0,0.0,0.0,0.0
2025-05-02 14:00:00+00:00,68.95,27.44,2.6653,36.2109,96.5139,289.5418
2025-05-02 15:00:00+00:00,269.8,28.0,10.4688,38.7924,406.1109,1218.3328
2025-05-02 16:00:00+00:00,483.8,28.35,18.7942,39.7598,747.2548,2241.7645
2025-05-02 17:00:00+00:00,596.1,28.65,23.164,40.0356,927.3859,2782.1577
2025-05-02 18:00:00+00:00,761.38,28.92,29.5949,40.3462,1194.0404,3582.1211
2025-05-02 19:00:00+00:00,778.7,29.1,30.2688,40.3398,1221.039,3663.1169
2025-05-02 20:00:00+00:00,722.45,29.18,28.0805,40.215,1129.2568,3387.7705
2025-05-02 21:00:00+00:00,644.15,29.21,25.034,40.0364,1002.2709,3006.8126
2025-05-02 22:00:00+00:00,463.42,29.16,18.0015,39.5121,711.2755,2133.8266
2025-05-02 23:00:00+00:00,301.38,29.06,11.6971,38.7663,453.4539,1360.3618
2025-05-03 00:00:00+00:00,125.7,28.9,4.8676,37.102,180.5983,541.7948
2025-05-03 01:00:00+00:00,15.2,28.55,0.5843,32.8067,19.1682,57.5046
2025-05-03 02:00:00+00:00,0.0,28.27,0.0,0.0,0.0,0.0
2025-05-03 03:00:00+00:00,0.0,28.17,0.0,0.0,0.0,0.0
2025-05-03 04:00:00+00:00,0.0,28.1,0.0,0.0,0.0,0.0
2025-05-03 05:00:00+00:00,0.0,28.06,0.0,0.0,0.0,0.0
2025-05-03 06:00:00+00:00,0.0,28.01,0.0,0.0,0.0,0.0
2025-05-03 07:00:00+00:00,0.0,27.87,0.0,0.0,0.0,0.0
2025-05-03 08:00:00+00:00,0.0,27.74,0.0,0.0,0.0,0.0
2025-05-03 09:00:00+00:00,0.0,27.59,0.0,0.0,0.0,0.0
2025-05-03 10:00:00+00:00,0.0,27.47,0.0,0.0,0.0,0.0
2025-05-03 11:00:00+00:00,0.0,27.35,0.0,0.0,0.0,0.0
2025-05-03 12:00:00+00:00,0.0,27.22,0.0,0.0,0.0,0.0
2025-05-03 13:00:00+00:00,0.0,27.11,0.0,0.0,0.0,0.0
2025-05-03 14:00:00+00:00,60.9,27.2,2.3532,36.0108,84.7421,254.2262
2025-05-03 15:00:00+00:00,234.45,27.81,9.0942,38.5686,350.7505,1052.2516
2025-05-03 16:00:00+00:00,415.12,28.23,16.1219,39.5237,637.1971,1911.5914
2025-05-03 17:00:00+00:00,467.42,28.55,18.1569,39.6585,720.0768,2160.2304
2025-05-03 18:00:00+00:00,536.3,28.81,20.8372,39.8314,829.9766,2489.9297
2025-05-03 19:00:00+00:00,638.97,29.02,24.8323,40.0646,994.8977,2984.6932
2025-05-03 20:00:00+00:00,620.2,29.15,24.1021,39.9906,963.8556,2891.5667
2025-05-03 21:00:00+00:00,552.72,29.17,21.4763,39.8031,854.8239,2564.4718
2025-05-03 22:00:00+00:00,443.17,29.1,17.2135,39.4485,679.0474,2037.1421
2025-05-03 23:00:00+00:00,280.6,28.99,10.8889,38.6486,420.8391,1262.5174
2025-05-04 00:00:00+00:00,121.47,28.79,4.7034,37.0578,174.2963,522.8888
2025-05-04 01:00:00+00:00,12.93,28.49,0.4967,32.4817,16.1335,48.4004
2025-05-04 02:00:00+00:00,0.0,28.22,0.0,0.0,0.0,0.0
2025-05-04 03:00:00+00:00,0.0,28.08,0.0,0.0,0.0,0.0
2025-05-04 04:00:00+00:00,0.0,27.98,0.0,0.0,0.0,0.0
2025-05-04 05:00:00+00:00,0.0,27.89,0.0,0.0,0.0,0.0
2025-05-04 06:00:00+00:00,0.0,27.81,0.0,0.0,0.0,0.0
2025-05-04 07:00:00+00:00,0.0,27.71,0.0,0.0,0.0,0.0
2025-05-04 08:00:00+00:00,0.0,27.6,0.0,0.0,0.0,0.0
2025-05-04 09:00:00+00:00,0.0,27.49,0.0,0.0,0.0,0.0
2025-05-04 10:00:00+00:00,0.0,27.41,0.0,0.0,0.0,0.0
2025-05-04 11:00:00+00:00,0.0,27.34,0.0,0.0,0.0,0.0
2025-05-04 12:00:00+00:00,0.0,27.31,0.0,0.0,0.0,0.0
2025-05-04 13:00:00+00:00,0.0,27.32,0.0,0.0,0.0,0.0
2025-05-04 14:00:00+00:00,68.62,27.47,2.6525,36.1942,96.0061,288.0182
2025-05-04 15:00:00+00:00,272.52,27.9,10.5746,38.8331,410.6454,1231.9363
2025-05-04 16:00:00+00:00,480.05,28.11,18.6482,39.7986,742.1721,2226.5164
2025-05-04 17:00:00+00:00,632.5,28.29,24.5801,40.2052,988.248,2964.744
2025-05-04 18:00:00+00:00,724.03,28.44,28.1414,40.3759,1136.2339,3408.7016
2025-05-04 19:00:00+00:00,737.58,28.57,28.6686,40.3751,1157.5002,3472.5006
2025-05-04 20:00:00+00:00,725.62,28.71,28.2035,40.3216,1137.2075,3411.6226
2025-05-04 21:00:00+00:00,686.62,28.82,26.6862,40.2165,1073.2261,3219.6783
2025-05-04 22:00:00+00:00,553.75,28.85,21.5163,39.8749,857.9583,2573.8748
2025-05-04 23:00:00+00:00,372.5,28.71,14.4638,39.2283,567.3904,1702.1713
2025-05-05 00:00:00+00:00,163.3,28.48,6.3284,37.7176,238.692,716.0759
2025-05-05 01:00:00+00:00,15.4,28.1,0.592,32.9408,19.5023,58.5069
2025-05-05 02:00:00+00:00,0.0,27.8,0.0,0.0,0.0,0.0
2025-05-05 03:00:00+00:00,0.0,27.63,0.0,0.0,0.0,0.0
2025-05-05 04:00:00+00:00,0.0,27.49,0.0,0.0,0.0,0.0
2025-05-05 05:00:00+00:00,0.0,27.35,0.0,0.0,0.0,0.0
2025-05-05 06:00:00+00:00,0.0,27.21,0.0,0.0,0.0,0.0
2025-05-05 07:00:00+00:00,0.0,27.08,0.0,0.0,0.0,0.0
2025-05-05 08:00:00+00:00,0.0,26.97,0.0,0.0,0.0,0.0
2025-05-05 09:00:00+00:00,0.0,26.91,0.0,0.0,0.0,0.0
2025-05-05 10:00:00+00:00,0.0,26.92,0.0,0.0,0.0,0.0
2025-05-05 11:00:00+00:00,0.0,26.96,0.0,0.0,0.0,0.0
2025-05-05 12:00:00+00:00,0.0,27.0,0.0,0.0,0.0,0.0
2025-05-05 13:00:00+00:00,0.0,27.06,0.0,0.0,0.0,0.0
2025-05-05 14:00:00+00:00,59.9,27.2,2.3145,35.9767,83.2673,249.8018
2025-05-05 15:00:00+00:00,250.95,27.6,9.7358,38.744,377.2033,1131.6099
2025-05-05 16:00:00+00:00,477.77,27.83,18.5594,39.851,739.6107,2218.8321
2025-05-05 17:00:00+00:00,683.4,28.03,26.5603,40.3782,1072.4577,3217.3731
2025-05-05 18:00:00+00:00,745.47,28.26,28.9753,40.4565,1172.24,3516.7199
2025-05-05 19:00:00+00:00,811.78,28.56,31.5552,40.5126,1278.3814,3835.1443
2025-05-05 20:00:00+00:00,807.72,28.71,31.3974,40.4738,1270.7717,3812.3151
2025-05-05 21:00:00+00:00,730.72,28.72,28.4019,40.3296,1145.4373,3436.3119
2025-05-05 22:00:00+00:00,541.0,28.68,21.0201,39.8736,838.1459,2514.4376
2025-05-05 23:00:00+00:00,349.88,28.59,13.5838,39.142,531.6956,1595.0867
2025-05-06 00:00:00+00:00,154.02,28.46,5.9678,37.6063,224.4273,673.2819
2025-05-06 01:00:00+00:00,13.88,28.23,0.5334,32.6922,17.437,52.311
2025-05-06 02:00:00+00:00,0.0,28.03,0.0,0.0,0.0,0.0
2025-05-06 03:00:00+00:00,0.0,28.01,0.0,0.0,0.0,0.0
2025-05-06 04:00:00+00:00,0.0,28.0,0.0,0.0,0.0,0.0
2025-05-06 05:00:00+00:00,0.0,27.98,0.0,0.0,0.0,0.0
2025-05-06 06:00:00+00:00,0.0,27.93,0.0,0.0,0.0,0.0
2025-05-06 07:00:00+00:00,0.0,27.84,0.0,0.0,0.0,0.0
2025-05-06 08:00:00+00:00,0.0,27.67,0.0,0.0,0.0,0.0
2025-05-06 09:00:00+00:00,0.0,27.5,0.0,0.0,0.0,0.0
2025-05-06 10:00:00+00:00,0.0,27.38,0.0,0.0,0.0,0.0
2025-05-06 11:00:00+00:00,0.0,27.36,0.0,0.0,0.0,0.0
2025-05-06 12:00:00+00:00,0.0,27.34,0.0,0.0,0.0,0.0
2025-05-06 13:00:00+00:00,0.0,27.19,0.0,0.0,0.0,0.0
2025-05-06 14:00:00+00:00,32.75,27.03,1.2628,34.7668,43.9051,131.7154
2025-05-06 15:00:00+00:00,123.5,27.22,4.7825,37.4436,179.0733,537.2198
2025-05-06 16:00:00+00:00,142.95,27.54,5.5379,37.6637,208.5773,625.732
2025-05-06 17:00:00+00:00,253.68,27.88,9.8419,38.7028,380.9109,1142.7328
2025-05-06 18:00:00+00:00,263.3,28.02,10.216,38.7422,395.792,1187.376
2025-05-06 19:00:00+00:00,212.82,28.01,8.2532,38.3389,316.4193,949.2578
2025-05-06 20:00:00+00:00,236.98,27.93,9.1926,38.5626,354.4892,1063.4676
2025-05-06 21:00:00+00:00,222.43,27.77,8.6268,38.4769,331.9339,995.8017
2025-05-06 22:00:00+00:00,286.45,27.57,11.1164,38.9985,433.5217,1300.5652
2025-05-06 23:00:00+00:00,204.68,27.39,7.9368,38.4009,304.7809,914.3426
2025-05-07 00:00:00+00:00,92.12,27.24,3.5642,36.8478,131.3341,394.0022
2025-05-07 01:00:00+00:00,11.15,27.01,0.4282,32.5245,13.9262,41.7785
2025-05-07 02:00:00+00:00,0.0,26.85,0.0,0.0,0.0,0.0
2025-05-07 03:00:00+00:00,0.0,26.82,0.0,0.0,0.0,0.0
2025-05-07 04:00:00+00:00,0.0,26.8,0.0,0.0,0.0,0.0
2025-05-07 05:00:00+00:00,0.0,26.75,0.0,0.0,0.0,0.0
2025-05-07 06:00:00+00:00,0.0,26.64,0.0,0.0,0.0,0.0
2025-05-07 07:00:00+00:00,0.0,26.52,0.0,0.0,0.0,0.0
2025-05-07 08:00:00+00:00,0.0,26.36,0.0,0.0,0.0,0.0
2025-05-07 09:00:00+00:00,0.0,26.19,0.0,0.0,0.0,0.0
2025-05-07 10:00:00+00:00,0.0,26.05,0.0,0.0,0.0,0.0
2025-05-07 11:00:00+00:00,0.0,25.95,0.0,0.0,0.0,0.0
2025-05-07 12:00:00+00:00,0.0,25.91,0.0,0.0,0.0,0.0
2025-05-07 13:00:00+00:00,0.0,25.96,0.0,0.0,0.0,0.0
2025-05-07 14:00:00+00:00,54.55,26.18,2.1073,36.0182,75.9002,227.7005
2025-05-07 15:00:00+00:00,199.48,26.73,7.7347,38.4975,297.7668,893.3004
2025-05-07 16:00:00+00:00,354.85,27.18,13.7769,39.4747,543.8382,1631.5145
2025-05-07 17:00:00+00:00,623.47,27.61,24.2283,40.3286,977.0937,2931.2811
2025-05-07 18:00:00+00:00,762.17,28.0,29.6247,40.5435,1201.0905,3603.2716
2025-05-07 19:00:00+00:00,718.75,28.37,27.9359,40.3802,1128.056,3384.168
2025-05-07 20:00:00+00:00,518.2,28.6,20.1328,39.8203,801.6953,2405.0859
2025-05-07 21:00:00+00:00,418.52,28.71,16.2543,39.4338,640.9694,1922.9082
2025-05-07 22:00:00+00:00,118.35,28.68,4.5822,37.03,169.6802,509.0405
2025-05-07 23:00:00+00:00,94.75,28.59,3.6661,36.5996,134.176,402.5281
2025-05-08 00:00:00+00:00,41.9,28.42,1.6168,34.9567,56.5195,169.5585
2025-05-08 01:00:00+00:00,6.55,28.07,0.2509,31.1563,7.817,23.4509
2025-05-08 02:00:00+00:00,0.0,27.75,0.0,0.0,0.0,0.0
2025-05-08 03:00:00+00:00,0.0,27.53,0.0,0.0,0.0,0.0
2025-05-08 04:00:00+00:00,0.0,27.33,0.0,0.0,0.0,0.0
2025-05-08 05:00:00+00:00,0.0,27.11,0.0,0.0,0.0,0.0
2025-05-08 06:00:00+00:00,0.0,26.95,0.0,0.0,0.0,0.0
2025-05-08 07:00:00+00:00,0.0,26.86,0.0,0.0,0.0,0.0
2025-05-08 08:00:00+00:00,0.0,26.8,0.0,0.0,0.0,0.0
2025-05-08 09:00:00+00:00,0.0,26.78,0.0,0.0,0.0,0.0
2025-05-08 10:00:00+00:00,0.0,26.75,0.0,0.0,0.0,0.0
2025-05-08 11:00:00+00:00,0.0,26.75,0.0,0.0,0.0,0.0
2025-05-08 12:00:00+00:00,0.0,26.78,0.0,0.0,0.0,0.0
2025-05-08 13:00:00+00:00,0.0,26.83,0.0,0.0,0.0,0.0
2025-05-08 14:00:00+00:00,57.7,27.04,2.2292,35.9364,80.1102,240.3307
2025-05-08 15:00:00+00:00,251.0,27.55,9.7377,38.7554,377.3895,1132.1684
2025-05-08 16:00:00+00:00,468.9,27.88,18.2143,39.8086,725.0857,2175.2571
2025-05-08 17:00:00+00:00,629.58,28.18,24.4664,40.2216,984.0788,2952.2363
2025-05-08 18:00:00+00:00,749.33,28.44,29.1256,40.4256,1177.4212,3532.2635
2025-05-08 19:00:00+00:00,777.15,28.56,30.208,40.4519,1221.971,3665.9131
2025-05-08 20:00:00+00:00,724.45,28.63,28.1579,40.3363,1135.7834,3407.3501
2025-05-08 21:00:00+00:00,628.67,28.69,24.4313,40.1102,979.9455,2939.8366
2025-05-08 22:00:00+00:00,459.42,28.74,17.8457,39.5881,706.4774,2119.4322
2025-05-08 23:00:00+00:00,279.65,28.74,10.8519,38.6971,419.9376,1259.8128
2025-05-09 00:00:00+00:00,115.93,28.62,4.4883,37.0019,166.0744,498.2231
2025-05-09 01:00:00+00:00,10.35,28.37,0.3972,32.0435,12.7284,38.1852
2025-05-09 02:00:00+00:00,0.0,28.2,0.0,0.0,0.0,0.0
2025-05-09 03:00:00+00:00,0.0,28.1,0.0,0.0,0.0,0.0
2025-05-09 04:00:00+00:00,0.0,28.0,0.0,0.0,0.0,0.0
2025-05-09 05:00:00+00:00,0.0,27.89,0.0,0.0,0.0,0.0
2025-05-09 06:00:00+00:00,0.0,27.76,0.0,0.0,0.0,0.0
2025-05-09 07:00:00+00:00,0.0,27.63,0.0,0.0,0.0,0.0
2025-05-09 08:00:00+00:00,0.0,27.49,0.0,0.0,0.0,0.0
2025-05-09 09:00:00+00:00,0.0,27.36,0.0,0.0,0.0,0.0
2025-05-09 10:00:00+00:00,0.0,27.27,0.0,0.0,0.0,0.0
2025-05-09 11:00:00+00:00,0.0,27.24,0.0,0.0,0.0,0.0
2025-05-09 12:00:00+00:00,0.0,27.25,0.0,0.0,0.0,0.0
2025-05-09 13:00:00+00:00,0.0,27.26,0.0,0.0,0.0,0.0
2025-05-09 14:00:00+00:00,53.17,27.42,2.0536,35.6806,73.2736,219.8207
2025-05-09 15:00:00+00:00,214.8,27.94,8.3302,38.3723,319.6482,958.9445
2025-05-09 16:00:00+00:00,398.1,28.22,15.4597,39.4526,609.9252,1829.7756
2025-05-09 17:00:00+00:00,607.0,28.41,23.588,40.1155,946.2457,2838.7371
2025-05-09 18:00:00+00:00,701.97,28.59,27.2832,40.2985,1099.4736,3298.4207
2025-05-09 19:00:00+00:00,739.45,28.75,28.7415,40.3404,1159.4468,3478.3404
2025-05-09 20:00:00+00:00,784.97,28.82,30.5125,40.4106,1233.0294,3699.0882
2025-05-09 21:00:00+00:00,669.17,28.86,26.0073,40.1693,1044.6941,3134.0822
2025-05-09 22:00:00+00:00,528.22,28.91,20.5229,39.785,816.503,2449.509
2025-05-09 23:00:00+00:00,334.92,28.92,13.0018,38.9908,506.9508,1520.8524
2025-05-10 00:00:00+00:00,145.57,28.86,5.6394,37.4048,210.9423,632.827
2025-05-10 01:00:00+00:00,13.43,28.58,0.516,32.5399,16.7897,50.3692
2025-05-10 02:00:00+00:00,0.0,28.33,0.0,0.0,0.0,0.0
2025-05-10 03:00:00+00:00,0.0,28.22,0.0,0.0,0.0,0.0
2025-05-10 04:00:00+00:00,0.0,28.13,0.0,0.0,0.0,0.0
2025-05-10 05:00:00+00:00,0.0,28.03,0.0,0.0,0.0,0.0
2025-05-10 06:00:00+00:00,0.0,27.92,0.0,0.0,0.0,0.0
2025-05-10 07:00:00+00:00,0.0,27.84,0.0,0.0,0.0,0.0
2025-05-10 08:00:00+00:00,0.0,27.79,0.0,0.0,0.0,0.0
2025-05-10 09:00:00+00:00,0.0,27.67,0.0,0.0,0.0,0.0
2025-05-10 10:00:00+00:00,0.0,27.53,0.0,0.0,0.0,0.0
2025-05-10 11:00:00+00:00,0.0,27.38,0.0,0.0,0.0,0.0
2025-05-10 12:00:00+00:00,0.0,27.26,0.0,0.0,0.0,0.0
2025-05-10 13:00:00+00:00,0.0,27.19,0.0,0.0,0.0,0.0
2025-05-10 14:00:00+00:00,41.7,27.28,1.6093,35.2102,56.6631,169.9893
2025-05-10 15:00:00+00:00,167.57,27.68,6.4944,37.9466,246.4421,739.3262
2025-05-10 16:00:00+00:00,348.73,27.89,13.5389,39.2886,531.9265,1595.7796
2025-05-10 17:00:00+00:00,538.47,28.15,20.9214,39.98,836.4363,2509.3089
2025-05-10 18:00:00+00:00,684.2,28.33,26.5917,40.3159,1072.0668,3216.2003
2025-05-10 19:00:00+00:00,665.03,28.44,25.8459,40.2497,1040.2891,3120.8674
2025-05-10 20:00:00+00:00,614.78,28.46,23.8908,40.1247,958.6099,2875.8298
2025-05-10 21:00:00+00:00,498.8,28.49,19.3779,39.7807,770.8677,2312.6032
2025-05-10 22:00:00+00:00,388.83,28.46,15.0991,39.3589,594.2836,1782.8509
2025-05-10 23:00:00+00:00,235.77,28.42,9.1455,38.4448,351.5965,1054.7896
2025-05-11 00:00:00+00:00,102.07,28.35,3.9502,36.8051,145.3881,436.1644
2025-05-11 01:00:00+00:00,9.35,28.14,0.3587,31.8855,11.4375,34.3124
2025-05-11 02:00:00+00:00,0.0,27.96,0.0,0.0,0.0,0.0
2025-05-11 03:00:00+00:00,0.0,27.87,0.0,0.0,0.0,0.0
2025-05-11 04:00:00+00:00,0.0,27.79,0.0,0.0,0.0,0.0
2025-05-11 05:00:00+00:00,0.0,27.72,0.0,0.0,0.0,0.0
2025-05-11 06:00:00+00:00,0.0,27.65,0.0,0.0,0.0,0.0
2025-05-11 07:00:00+00:00,0.0,27.57,0.0,0.0,0.0,0.0
2025-05-11 08:00:00+00:00,0.0,27.52,0.0,0.0,0.0,0.0
2025-05-11 09:00:00+00:00,0.0,27.45,0.0,0.0,0.0,0.0
2025-05-11 10:00:00+00:00,0.0,27.36,0.0,0.0,0.0,0.0
2025-05-11 11:00:00+00:00,0.0,27.29,0.0,0.0,0.0,0.0
2025-05-11 12:00:00+00:00,0.0,27.23,0.0,0.0,0.0,0.0
2025-05-11 13:00:00+00:00,0.0,27.19,0.0,0.0,0.0,0.0
2025-05-11 14:00:00+00:00,60.88,27.26,2.3525,35.9964,84.6799,254.0397
2025-05-11 15:00:00+00:00,259.35,27.63,10.0624,38.7995,390.4175,1171.2524
2025-05-11 16:00:00+00:00,473.42,27.86,18.3902,39.8291,732.4638,2197.3914
2025-05-11 17:00:00+00:00,627.72,28.1,24.394,40.2342,981.4722,2944.4166
2025-05-11 18:00:00+00:00,726.6,28.37,28.2413,40.396,1140.8355,3422.5066
2025-05-11 19:00:00+00:00,803.72,28.62,31.2417,40.4861,1264.8532,3794.5595
2025-05-11 20:00:00+00:00,821.3,28.85,31.9258,40.467,1291.9411,3875.8234
2025-05-11 21:00:00+00:00,701.97,29.02,27.2836,40.2068,1096.9836,3290.9507
2025-05-11 22:00:00+00:00,557.5,29.1,21.6623,39.8321,862.8539,2588.5617
2025-05-11 23:00:00+00:00,341.23,29.06,13.2473,38.9942,516.5675,1549.7024
2025-05-12 00:00:00+00:00,150.3,28.86,5.8232,37.4685,218.1867,654.5602
2025-05-12 01:00:00+00:00,12.18,28.36,0.4678,32.3873,15.1501,45.4503
2025-05-12 02:00:00+00:00,0.0,27.92,0.0,0.0,0.0,0.0
2025-05-12 03:00:00+00:00,0.0,27.7,0.0,0.0,0.0,0.0
2025-05-12 04:00:00+00:00,0.0,27.52,0.0,0.0,0.0,0.0
2025-05-12 05:00:00+00:00,0.0,27.4,0.0,0.0,0.0,0.0
2025-05-12 06:00:00+00:00,0.0,27.29,0.0,0.0,0.0,0.0
2025-05-12 07:00:00+00:00,0.0,27.22,0.0,0.0,0.0,0.0
2025-05-12 08:00:00+00:00,0.0,27.14,0.0,0.0,0.0,0.0
2025-05-12 09:00:00+00:00,0.0,27.07,0.0,0.0,0.0,0.0
2025-05-12 10:00:00+00:00,0.0,26.96,0.0,0.0,0.0,0.0
2025-05-12 11:00:00+00:00,0.0,26.87,0.0,0.0,0.0,0.0
2025-05-12 12:00:00+00:00,0.0,26.78,0.0,0.0,0.0,0.0
2025-05-12 13:00:00+00:00,0.0,26.72,0.0,0.0,0.0,0.0
2025-05-12 14:00:00+00:00,54.85,26.92,2.1188,35.8596,75.9787,227.9361
2025-05-12 15:00:00+00:00,236.8,27.56,9.1856,38.6428,354.9559,1064.8678
2025-05-12 16:00:00+00:00,465.42,27.91,18.0789,39.7895,719.3508,2158.0525
2025-05-12 17:00:00+00:00,590.53,28.22,22.947,40.113,920.4755,2761.4266
2025-05-12 18:00:00+00:00,654.65,28.54,25.4421,40.2044,1022.8853,3068.6559
2025-05-12 19:00:00+00:00,736.3,28.82,28.6191,40.3194,1153.9019,3461.7057
2025-05-12 20:00:00+00:00,541.97,29.02,21.0579,39.8034,838.1783,2514.535
2025-05-12 21:00:00+00:00,570.08,29.14,22.1518,39.8594,882.9587,2648.876
2025-05-12 22:00:00+00:00,437.5,29.16,16.9929,39.4133,669.7466,2009.2397
2025-05-12 23:00:00+00:00,278.75,29.11,10.8169,38.6099,417.6393,1252.918
2025-05-13 00:00:00+00:00,116.4,28.97,4.5065,36.9313,166.4293,499.2878
2025-05-13 01:00:00+00:00,11.8,28.62,0.4531,32.2589,14.6165,43.8496
2025-05-13 02:00:00+00:00,0.0,28.28,0.0,0.0,0.0,0.0
2025-05-13 03:00:00+00:00,0.0,28.15,0.0,0.0,0.0,0.0
2025-05-13 04:00:00+00:00,0.0,28.03,0.0,0.0,0.0,0.0
2025-05-13 05:00:00+00:00,0.0,27.91,0.0,0.0,0.0,0.0
2025-05-13 06:00:00+00:00,0.0,27.77,0.0,0.0,0.0,0.0
2025-05-13 07:00:00+00:00,0.0,27.64,0.0,0.0,0.0,0.0
2025-05-13 08:00:00+00:00,0.0,27.5,0.0,0.0,0.0,0.0
2025-05-13 09:00:00+00:00,0.0,27.34,0.0,0.0,0.0,0.0
2025-05-13 10:00:00+00:00,0.0,27.19,0.0,0.0,0.0,0.0
2025-05-13 11:00:00+00:00,0.0,27.06,0.0,0.0,0.0,0.0
2025-05-13 12:00:00+00:00,0.0,26.98,0.0,0.0,0.0,0.0
2025-05-13 13:00:00+00:00,0.0,26.94,0.0,0.0,0.0,0.0
2025-05-13 14:00:00+00:00,54.1,27.13,2.0897,35.783,74.7751,224.3254
2025-05-13 15:00:00+00:00,234.57,27.69,9.0989,38.5961,351.1804,1053.5411
2025-05-13 16:00:00+00:00,440.8,28.0,17.121,39.6774,679.316,2037.9481
2025-05-13 17:00:00+00:00,600.58,28.28,23.3381,40.1267,936.4829,2809.4488
2025-05-13 18:00:00+00:00,736.72,28.55,28.6352,40.3777,1156.2223,3468.667
2025-05-13 19:00:00+00:00,794.8,28.85,30.8949,40.4217,1248.8246,3746.4737
2025-05-13 20:00:00+00:00,724.45,29.12,28.1583,40.2318,1132.8582,3398.5746
2025-05-13 21:00:00+00:00,669.03,29.35,26.0021,40.0643,1041.7577,3125.273
2025-05-13 22:00:00+00:00,494.0,29.49,19.1915,39.5489,759.0022,2277.0066
2025-05-13 23:00:00+00:00,315.23,29.56,12.2359,38.74,474.0172,1422.0516
2025-05-14 00:00:00+00:00,139.1,29.51,5.388,37.1687,200.2636,600.7909
2025-05-14 01:00:00+00:00,12.18,29.25,0.4677,32.1754,15.0483,45.1449
2025-05-14 02:00:00+00:00,0.0,28.9,0.0,0.0,0.0,0.0
2025-05-14 03:00:00+00:00,0.0,28.75,0.0,0.0,0.0,0.0
2025-05-14 04:00:00+00:00,0.0,28.58,0.0,0.0,0.0,0.0
2025-05-14 05:00:00+00:00,0.0,28.39,0.0,0.0,0.0,0.0
2025-05-14 06:00:00+00:00,0.0,28.2,0.0,0.0,0.0,0.0
2025-05-14 07:00:00+00:00,0.0,27.99,0.0,0.0,0.0,0.0
2025-05-14 08:00:00+00:00,0.0,27.84,0.0,0.0,0.0,0.0
2025-05-14 09:00:00+00:00,0.0,27.68,0.0,0.0,0.0,0.0
2025-05-14 10:00:00+00:00,0.0,27.54,0.0,0.0,0.0,0.0
2025-05-14 11:00:00+00:00,0.0,27.41,0.0,0.0,0.0,0.0
2025-05-14 12:00:00+00:00,0.0,27.27,0.0,0.0,0.0,0.0
2025-05-14 13:00:00+00:00,0.0,27.19,0.0,0.0,0.0,0.0
2025-05-14 14:00:00+00:00,60.55,27.38,2.3396,35.9577,84.1282,252.3847
2025-05-14 15:00:00+00:00,225.93,27.97,8.7629,38.4626,337.0444,1011.1333
2025-05-14 16:00:00+00:00,438.12,28.32,17.0168,39.5976,673.8251,2021.4753
2025-05-14 17:00:00+00:00,584.42,28.74,22.7096,39.985,908.0427,2724.1281
2025-05-14 18:00:00+00:00,720.33,29.13,27.998,40.2213,1126.1162,3378.3486
2025-05-14 19:00:00+00:00,807.5,29.46,31.3895,40.3141,1265.4414,3796.3241
2025-05-14 20:00:00+00:00,805.55,29.66,31.3138,40.2683,1260.955,3782.8649
2025-05-14 21:00:00+00:00,746.25,29.75,29.0069,40.1407,1164.3574,3493.0722
2025-05-14 22:00:00+00:00,608.38,29.7,23.6424,39.8427,941.9761,2825.9284
2025-05-14 23:00:00+00:00,403.92,29.55,15.6864,39.1894,614.7405,1844.2214
2025-05-15 00:00:00+00:00,185.23,29.32,7.1805,37.7788,271.2722,813.8166
2025-05-15 01:00:00+00:00,16.33,28.92,0.6279,32.8696,20.6373,61.912
2025-05-15 02:00:00+00:00,0.0,28.54,0.0,0.0,0.0,0.0
2025-05-15 03:00:00+00:00,0.0,28.37,0.0,0.0,0.0,0.0
2025-05-15 04:00:00+00:00,0.0,28.24,0.0,0.0,0.0,0.0
2025-05-15 05:00:00+00:00,0.0,28.14,0.0,0.0,0.0,0.0
2025-05-15 06:00:00+00:00,0.0,28.03,0.0,0.0,0.0,0.0
2025-05-15 07:00:00+00:00,0.0,27.9,0.0,0.0,0.0,0.0
2025-05-15 08:00:00+00:00,0.0,27.77,0.0,0.0,0.0,0.0
2025-05-15 09:00:00+00:00,0.0,27.62,0.0,0.0,0.0,0.0
2025-05-15 10:00:00+00:00,0.0,27.48,0.0,0.0,0.0,0.0
2025-05-15 11:00:00+00:00,0.0,27.37,0.0,0.0,0.0,0.0
2025-05-15 12:00:00+00:00,0.0,27.27,0.0,0.0,0.0,0.0
2025-05-15 13:00:00+00:00,0.0,27.23,0.0,0.0,0.0,0.0
2025-05-15 14:00:00+00:00,70.28,27.47,2.7169,36.2433,98.4693,295.4079
2025-05-15 15:00:00+00:00,282.05,28.09,10.9453,38.8557,425.2851,1275.8553
2025-05-15 16:00:00+00:00,499.95,28.46,19.4227,39.791,772.8475,2318.5426
2025-05-15 17:00:00+00:00,631.4,28.78,24.5376,40.0976,983.9001,2951.7003
2025-05-15 18:00:00+00:00,736.92,29.07,28.6434,40.2673,1153.3921,3460.1762
2025-05-15 19:00:00+00:00,802.83,29.39,31.2078,40.3209,1258.3276,3774.9828
2025-05-15 20:00:00+00:00,777.5,29.57,30.2225,40.2377,1216.0854,3648.2562
2025-05-15 21:00:00+00:00,714.78,29.66,27.7824,40.097,1113.9915,3341.9745
2025-05-15 22:00:00+00:00,564.55,29.61,21.9368,39.7428,871.8315,2615.4946
2025-05-15 23:00:00+00:00,373.27,29.52,14.4938,39.0558,566.069,1698.2071
2025-05-16 00:00:00+00:00,165.68,29.34,6.4207,37.5547,241.1287,723.3861
2025-05-16 01:00:00+00:00,14.2,28.95,0.5456,32.5691,17.7711,53.3134
2025-05-16 02:00:00+00:00,0.0,28.6,0.0,0.0,0.0,0.0
2025-05-16 03:00:00+00:00,0.0,28.43,0.0,0.0,0.0,0.0
2025-05-16 04:00:00+00:00,0.0,28.29,0.0,0.0,0.0,0.0
2025-05-16 05:00:00+00:00,0.0,28.16,0.0,0.0,0.0,0.0
2025-05-16 06:00:00+00:00,0.0,28.05,0.0,0.0,0.0,0.0
2025-05-16 07:00:00+00:00,0.0,27.94,0.0,0.0,0.0,0.0
2025-05-16 08:00:00+00:00,0.0,27.79,0.0,0.0,0.0,0.0
2025-05-16 09:00:00+00:00,0.0,27.64,0.0,0.0,0.0,0.0
2025-05-16 10:00:00+00:00,0.0,27.5,0.0,0.0,0.0,0.0
2025-05-16 11:00:00+00:00,0.0,27.37,0.0,0.0,0.0,0.0
2025-05-16 12:00:00+00:00,0.0,27.24,0.0,0.0,0.0,0.0
2025-05-16 13:00:00+00:00,0.0,27.11,0.0,0.0,0.0,0.0
2025-05-16 14:00:00+00:00,60.85,27.29,2.3513,35.9885,84.6193,253.8579
2025-05-16 15:00:00+00:00,252.07,27.93,9.7793,38.6798,378.2625,1134.7875
2025-05-16 16:00:00+00:00,452.3,28.34,17.5686,39.6479,696.5565,2089.6694
2025-05-16 17:00:00+00:00,614.78,28.71,23.8909,40.0712,957.3363,2872.009
2025-05-16 18:00:00+00:00,733.45,29.06,28.5084,40.2626,1147.821,3443.4631
2025-05-16 19:00:00+00:00,785.12,29.35,30.5188,40.2982,1229.8537,3689.5612
2025-05-16 20:00:00+00:00,767.67,29.53,29.8401,40.2282,1200.4108,3601.2325
2025-05-16 21:00:00+00:00,704.97,29.59,27.4007,40.0915,1098.5342,3295.6027
2025-05-16 22:00:00+00:00,525.17,29.57,20.4044,39.6335,808.6979,2426.0936
2025-05-16 23:00:00+00:00,347.42,29.47,13.4881,38.9374,525.193,1575.5791
2025-05-17 00:00:00+00:00,153.6,29.22,5.9514,37.4313,222.7671,668.3014
2025-05-17 01:00:00+00:00,13.75,28.69,0.5283,32.5632,17.2034,51.6102
2025-05-17 02:00:00+00:00,0.0,28.27,0.0,0.0,0.0,0.0
2025-05-17 03:00:00+00:00,0.0,28.09,0.0,0.0,0.0,0.0
2025-05-17 04:00:00+00:00,0.0,27.96,0.0,0.0,0.0,0.0
2025-05-17 05:00:00+00:00,0.0,27.82,0.0,0.0,0.0,0.0
2025-05-17 06:00:00+00:00,0.0,27.7,0.0,0.0,0.0,0.0
2025-05-17 07:00:00+00:00,0.0,27.56,0.0,0.0,0.0,0.0
2025-05-17 08:00:00+00:00,0.0,27.41,0.0,0.0,0.0,0.0
2025-05-17 09:00:00+00:00,0.0,27.28,0.0,0.0,0.0,0.0
2025-05-17 10:00:00+00:00,0.0,27.15,0.0,0.0,0.0,0.0
2025-05-17 11:00:00+00:00,0.0,27.02,0.0,0.0,0.0,0.0
2025-05-17 12:00:00+00:00,0.0,26.91,0.0,0.0,0.0,0.0
2025-05-17 13:00:00+00:00,0.0,26.86,0.0,0.0,0.0,0.0
2025-05-17 14:00:00+00:00,49.7,27.01,1.9192,35.6356,68.3919,205.1758
2025-05-17 15:00:00+00:00,209.82,27.55,8.1366,38.4133,312.5545,937.6636
2025-05-17 16:00:00+00:00,395.58,27.87,15.3616,39.5174,607.0501,1821.1504
2025-05-17 17:00:00+00:00,547.28,28.17,21.2642,40.0021,850.6106,2551.8319
2025-05-17 18:00:00+00:00,667.4,28.48,25.9381,40.2465,1043.9195,3131.7584
2025-05-17 19:00:00+00:00,716.8,28.74,27.8603,40.2973,1122.696,3368.0879
2025-05-17 20:00:00+00:00,695.9,28.91,27.0473,40.2173,1087.771,3263.3131
2025-05-17 21:00:00+00:00,628.67,28.99,24.4315,40.0459,978.3837,2935.151
2025-05-17 22:00:00+00:00,465.92,28.97,18.0987,39.5623,716.0259,2148.0777
2025-05-17 23:00:00+00:00,302.77,28.84,11.7512,38.823,456.2159,1368.6476
2025-05-18 00:00:00+00:00,125.15,28.56,4.8463,37.1694,180.1352,540.4056
2025-05-18 01:00:00+00:00,12.95,28.0,0.4975,32.6015,16.2196,48.6589
2025-05-18 02:00:00+00:00,0.0,27.52,0.0,0.0,0.0,0.0
2025-05-18 03:00:00+00:00,0.0,27.3,0.0,0.0,0.0,0.0
2025-05-18 04:00:00+00:00,0.0,27.12,0.0,0.0,0.0,0.0
2025-05-18 05:00:00+00:00,0.0,27.02,0.0,0.0,0.0,0.0
2025-05-18 06:00:00+00:00,0.0,26.95,0.0,0.0,0.0,0.0
2025-05-18 07:00:00+00:00,0.0,26.92,0.0,0.0,0.0,0.0
2025-05-18 08:00:00+00:00,0.0,26.87,0.0,0.0,0.0,0.0
2025-05-18 09:00:00+00:00,0.0,26.8,0.0,0.0,0.0,0.0
2025-05-18 10:00:00+00:00,0.0,26.66,0.0,0.0,0.0,0.0
2025-05-18 11:00:00+00:00,0.0,26.52,0.0,0.0,0.0,0.0
2025-05-18 12:00:00+00:00,0.0,26.39,0.0,0.0,0.0,0.0
2025-05-18 13:00:00+00:00,0.0,26.32,0.0,0.0,0.0,0.0
2025-05-18 14:00:00+00:00,53.3,26.52,2.0588,35.8924,73.8945,221.6835
2025-05-18 15:00:00+00:00,212.35,27.3,8.235,38.4917,316.9787,950.9362
2025-05-18 16:00:00+00:00,400.67,27.71,15.5596,39.5746,615.7641,1847.2922
2025-05-18 17:00:00+00:00,562.6,28.02,21.8602,40.0788,876.1305,2628.3914
2025-05-18 18:00:00+00:00,669.05,28.34,26.0022,40.2802,1047.3739,3142.1217
2025-05-18 19:00:00+00:00,733.35,28.56,28.5041,40.3689,1150.6789,3452.0366
2025-05-18 20:00:00+00:00,736.1,28.69,28.6112,40.3467,1154.365,3463.0949
2025-05-18 21:00:00+00:00,656.53,28.73,25.5154,40.1682,1024.9062,3074.7185
2025-05-18 22:00:00+00:00,514.55,28.7,19.9909,39.787,795.3774,2386.1323
2025-05-18 23:00:00+00:00,325.48,28.56,12.6346,39.0172,492.9655,1478.8964
2025-05-19 00:00:00+00:00,134.02,28.32,5.1909,37.3605,193.9338,581.8015
2025-05-19 01:00:00+00:00,12.12,27.84,0.4655,32.5009,15.1295,45.3886
2025-05-19 02:00:00+00:00,0.0,27.42,0.0,0.0,0.0,0.0
2025-05-19 03:00:00+00:00,0.0,27.26,0.0,0.0,0.0,0.0
2025-05-19 04:00:00+00:00,0.0,27.17,0.0,0.0,0.0,0.0
2025-05-19 05:00:00+00:00,0.0,27.09,0.0,0.0,0.0,0.0
2025-05-19 06:00:00+00:00,0.0,27.04,0.0,0.0,0.0,0.0
2025-05-19 07:00:00+00:00,0.0,26.93,0.0,0.0,0.0,0.0
2025-05-19 08:00:00+00:00,0.0,26.75,0.0,0.0,0.0,0.0
2025-05-19 09:00:00+00:00,0.0,26.52,0.0,0.0,0.0,0.0
2025-05-19 10:00:00+00:00,0.0,26.26,0.0,0.0,0.0,0.0
2025-05-19 11:00:00+00:00,0.0,26.05,0.0,0.0,0.0,0.0
2025-05-19 12:00:00+00:00,0.0,25.91,0.0,0.0,0.0,0.0
2025-05-19 13:00:00+00:00,0.0,25.83,0.0,0.0,0.0,0.0
2025-05-19 14:00:00+00:00,46.38,26.02,1.7907,35.7211,63.9668,191.9004
2025-05-19 15:00:00+00:00,208.8,26.72,8.097,38.5877,312.4444,937.3332
2025-05-19 16:00:00+00:00,400.12,27.16,15.538,39.6916,616.7296,1850.1888
2025-05-19 17:00:00+00:00,548.92,27.53,21.3276,40.1446,856.188,2568.564
2025-05-19 18:00:00+00:00,680.88,27.9,26.4621,40.4005,1069.0835,3207.2504
2025-05-19 19:00:00+00:00,767.8,28.18,29.8439,40.5156,1209.1453,3627.436
2025-05-19 20:00:00+00:00,785.5,28.36,30.5327,40.5094,1236.86,3710.5801
2025-05-19 21:00:00+00:00,698.6,28.47,27.152,40.317,1094.6879,3284.0638
2025-05-19 22:00:00+00:00,540.6,28.45,21.0044,39.9219,838.5349,2515.6048
2025-05-19 23:00:00+00:00,336.88,28.31,13.078,39.1345,511.8014,1535.4043
2025-05-20 00:00:00+00:00,145.0,28.06,5.6174,37.5758,211.0797,633.239
2025-05-20 01:00:00+00:00,12.23,27.61,0.4698,32.5746,15.3027,45.9082
2025-05-20 02:00:00+00:00,0.0,27.21,0.0,0.0,0.0,0.0
2025-05-20 03:00:00+00:00,0.0,27.02,0.0,0.0,0.0,0.0
2025-05-20 04:00:00+00:00,0.0,26.91,0.0,0.0,0.0,0.0
2025-05-20 05:00:00+00:00,0.0,26.83,0.0,0.0,0.0,0.0
2025-05-20 06:00:00+00:00,0.0,26.79,0.0,0.0,0.0,0.0
2025-05-20 07:00:00+00:00,0.0,26.77,0.0,0.0,0.0,0.0
2025-05-20 08:00:00+00:00,0.0,26.7,0.0,0.0,0.0,0.0
2025-05-20 09:00:00+00:00,0.0,26.57,0.0,0.0,0.0,0.0
2025-05-20 10:00:00+00:00,0.0,26.4,0.0,0.0,0.0,0.0
2025-05-20 11:00:00+00:00,0.0,26.25,0.0,0.0,0.0,0.0
2025-05-20 12:00:00+00:00,0.0,26.12,0.0,0.0,0.0,0.0
2025-05-20 13:00:00+00:00,0.0,26.01,0.0,0.0,0.0,0.0
2025-05-20 14:00:00+00:00,55.25,26.17,2.1344,36.0467,76.9382,230.8146
2025-05-20 15:00:00+00:00,232.75,26.88,9.0281,38.76,349.9292,1049.7875
2025-05-20 16:00:00+00:00,419.85,27.26,16.3057,39.7537,648.2105,1944.6314
2025-05-20 17:00:00+00:00,586.53,27.61,22.791,40.2332,916.9559,2750.8676
2025-05-20 18:00:00+00:00,699.9,27.94,27.2022,40.4329,1099.8612,3299.5836
2025-05-20 19:00:00+00:00,743.17,28.18,28.8858,40.4691,1168.981,3506.943
2025-05-20 20:00:00+00:00,766.42,28.36,29.7904,40.4748,1205.7603,3617.2808
2025-05-20 21:00:00+00:00,652.67,28.42,25.365,40.2255,1020.3186,3060.9557
2025-05-20 22:00:00+00:00,514.62,28.36,19.9934,39.8605,796.9492,2390.8476
2025-05-20 23:00:00+00:00,305.2,28.25,11.8457,38.9669,461.5892,1384.7677
2025-05-21 00:00:00+00:00,134.2,28.04,5.1979,37.4259,194.5368,583.6104
2025-05-21 01:00:00+00:00,10.88,27.58,0.4177,32.337,13.5078,40.5233
2025-05-21 02:00:00+00:00,0.0,27.19,0.0,0.0,0.0,0.0
2025-05-21 03:00:00+00:00,0.0,26.99,0.0,0.0,0.0,0.0
2025-05-21 04:00:00+00:00,0.0,26.86,0.0,0.0,0.0,0.0
2025-05-21 05:00:00+00:00,0.0,26.74,0.0,0.0,0.0,0.0
2025-05-21 06:00:00+00:00,0.0,26.64,0.0,0.0,0.0,0.0
2025-05-21 07:00:00+00:00,0.0,26.58,0.0,0.0,0.0,0.0
2025-05-21 08:00:00+00:00,0.0,26.49,0.0,0.0,0.0,0.0
2025-05-21 09:00:00+00:00,0.0,26.4,0.0,0.0,0.0,0.0
2025-05-21 10:00:00+00:00,0.0,26.33,0.0,0.0,0.0,0.0
2025-05-21 11:00:00+00:00,0.0,26.3,0.0,0.0,0.0,0.0
2025-05-21 12:00:00+00:00,0.0,26.3,0.0,0.0,0.0,0.0
2025-05-21 13:00:00+00:00,0.0,26.31,0.0,0.0,0.0,0.0
2025-05-21 14:00:00+00:00,51.35,26.54,1.9832,35.8111,71.0209,213.0626
2025-05-21 15:00:00+00:00,228.98,27.22,8.8815,38.6538,343.3049,1029.9147
2025-05-21 16:00:00+00:00,428.08,27.66,16.626,39.7006,660.0612,1980.1837
2025-05-21 17:00:00+00:00,573.12,28.05,22.2695,40.102,893.053,2679.1591
2025-05-21 18:00:00+00:00,693.17,28.41,26.9407,40.3182,1086.2018,3258.6053
2025-05-21 19:00:00+00:00,707.28,28.74,27.4899,40.2776,1107.2299,3321.6897
2025-05-21 20:00:00+00:00,729.88,28.95,28.3694,40.2789,1142.689,3428.0669
2025-05-21 21:00:00+00:00,693.8,29.04,26.9657,40.1851,1083.6194,3250.8582
2025-05-21 22:00:00+00:00,536.05,29.04,20.8276,39.7812,828.5464,2485.6393
2025-05-21 23:00:00+00:00,334.42,28.9,12.9824,38.9924,506.2137,1518.641
2025-05-22 00:00:00+00:00,145.98,28.64,5.6554,37.4595,211.8493,635.5479
2025-05-22 01:00:00+00:00,12.23,28.12,0.4697,32.4531,15.2442,45.7325
2025-05-22 02:00:00+00:00,0.0,27.66,0.0,0.0,0.0,0.0
2025-05-22 03:00:00+00:00,0.0,27.48,0.0,0.0,0.0,0.0
2025-05-22 04:00:00+00:00,0.0,27.4,0.0,0.0,0.0,0.0
2025-05-22 05:00:00+00:00,0.0,27.32,0.0,0.0,0.0,0.0
2025-05-22 06:00:00+00:00,0.0,27.21,0.0,0.0,0.0,0.0
2025-05-22 07:00:00+00:00,0.0,27.1,0.0,0.0,0.0,0.0
2025-05-22 08:00:00+00:00,0.0,26.99,0.0,0.0,0.0,0.0
2025-05-22 09:00:00+00:00,0.0,26.91,0.0,0.0,0.0,0.0
2025-05-22 10:00:00+00:00,0.0,26.85,0.0,0.0,0.0,0.0
2025-05-22 11:00:00+00:00,0.0,26.75,0.0,0.0,0.0,0.0
2025-05-22 12:00:00+00:00,0.0,26.59,0.0,0.0,0.0,0.0
2025-05-22 13:00:00+00:00,0.0,26.45,0.0,0.0,0.0,0.0
2025-05-22 14:00:00+00:00,36.33,26.44,1.4015,35.1192,49.219,147.6571
2025-05-22 15:00:00+00:00,145.25,26.64,5.6273,37.8967,213.2578,639.7735
2025-05-22 16:00:00+00:00,279.88,26.93,10.8608,39.0958,424.612,1273.8361
2025-05-22 17:00:00+00:00,492.98,27.29,19.1509,40.02,766.4218,2299.2654
2025-05-22 18:00:00+00:00,597.3,27.62,23.2101,40.2597,934.4307,2803.2922
2025-05-22 19:00:00+00:00,648.03,27.77,25.184,40.3537,1016.2654,3048.7961
2025-05-22 20:00:00+00:00,631.05,27.97,24.5235,40.2702,987.5643,2962.6929
2025-05-22 21:00:00+00:00,578.97,28.22,22.4973,40.0817,901.7278,2705.1833
2025-05-22 22:00:00+00:00,461.02,28.38,17.9079,39.6718,710.4373,2131.3118
2025-05-22 23:00:00+00:00,290.38,28.45,11.2692,38.8309,437.5952,1312.7855
2025-05-23 00:00:00+00:00,119.28,28.42,4.6184,37.1042,171.362,514.086
2025-05-23 01:00:00+00:00,11.35,28.14,0.4358,32.2918,14.0725,42.2176
2025-05-23 02:00:00+00:00,0.0,27.92,0.0,0.0,0.0,0.0
2025-05-23 03:00:00+00:00,0.0,27.82,0.0,0.0,0.0,0.0
2025-05-23 04:00:00+00:00,0.0,27.7,0.0,0.0,0.0,0.0
2025-05-23 05:00:00+00:00,0.0,27.56,0.0,0.0,0.0,0.0
2025-05-23 06:00:00+00:00,0.0,27.41,0.0,0.0,0.0,0.0
2025-05-23 07:00:00+00:00,0.0,27.27,0.0,0.0,0.0,0.0
2025-05-23 08:00:00+00:00,0.0,27.14,0.0,0.0,0.0,0.0
2025-05-23 09:00:00+00:00,0.0,27.04,0.0,0.0,0.0,0.0
2025-05-23 10:00:00+00:00,0.0,26.95,0.0,0.0,0.0,0.0
2025-05-23 11:00:00+00:00,0.0,26.9,0.0,0.0,0.0,0.0
2025-05-23 12:00:00+00:00,0.0,26.89,0.0,0.0,0.0,0.0
2025-05-23 13:00:00+00:00,0.0,26.89,0.0,0.0,0.0,0.0
2025-05-23 14:00:00+00:00,51.0,27.02,1.9696,35.6866,70.2873,210.8619
2025-05-23 15:00:00+00:00,227.15,27.49,8.8104,38.5789,339.8942,1019.6827
2025-05-23 16:00:00+00:00,448.02,27.83,17.4019,39.742,691.5846,2074.7538
2025-05-23 17:00:00+00:00,629.25,28.2,24.4536,40.2165,983.4384,2950.3151
2025-05-23 18:00:00+00:00,719.92,28.53,27.9815,40.3484,1129.0114,3387.0342
2025-05-23 19:00:00+00:00,775.4,28.81,30.1402,40.3955,1217.528,3652.5839
2025-05-23 20:00:00+00:00,729.3,29.04,28.3469,40.2586,1141.2065,3423.6194
2025-05-23 21:00:00+00:00,660.22,29.18,25.6593,40.0805,1028.4355,3085.3065
2025-05-23 22:00:00+00:00,497.77,29.2,19.3381,39.6242,766.256,2298.7681
2025-05-23 23:00:00+00:00,325.65,29.14,12.6412,38.8915,491.6354,1474.9061
2025-05-24 00:00:00+00:00,140.75,28.98,5.4522,37.3108,203.4249,610.2746
2025-05-24 01:00:00+00:00,12.07,28.54,0.4635,32.3254,14.9835,44.9505
2025-05-24 02:00:00+00:00,0.0,28.13,0.0,0.0,0.0,0.0
2025-05-24 03:00:00+00:00,0.0,27.91,0.0,0.0,0.0,0.0
2025-05-24 04:00:00+00:00,0.0,27.72,0.0,0.0,0.0,0.0
2025-05-24 05:00:00+00:00,0.0,27.62,0.0,0.0,0.0,0.0
2025-05-24 06:00:00+00:00,0.0,27.55,0.0,0.0,0.0,0.0
2025-05-24 07:00:00+00:00,0.0,27.45,0.0,0.0,0.0,0.0
2025-05-24 08:00:00+00:00,0.0,27.3,0.0,0.0,0.0,0.0
2025-05-24 09:00:00+00:00,0.0,27.13,0.0,0.0,0.0,0.0
2025-05-24 10:00:00+00:00,0.0,27.0,0.0,0.0,0.0,0.0
2025-05-24 11:00:00+00:00,0.0,26.89,0.0,0.0,0.0,0.0
2025-05-24 12:00:00+00:00,0.0,26.83,0.0,0.0,0.0,0.0
2025-05-24 13:00:00+00:00,0.0,26.85,0.0,0.0,0.0,0.0
2025-05-24 14:00:00+00:00,41.3,27.03,1.5938,35.2481,56.1793,168.538
2025-05-24 15:00:00+00:00,175.02,27.61,6.784,38.0476,258.1133,774.34
2025-05-24 16:00:00+00:00,343.17,28.04,13.3227,39.2269,522.6073,1567.8218
2025-05-24 17:00:00+00:00,506.67,28.47,19.6842,39.811,783.6467,2350.9401
2025-05-24 18:00:00+00:00,643.08,28.85,24.9921,40.1109,1002.456,3007.3681
2025-05-24 19:00:00+00:00,700.2,29.13,27.2148,40.1795,1093.4773,3280.4319
2025-05-24 20:00:00+00:00,719.03,29.32,27.9475,40.1782,1122.8816,3368.6447
2025-05-24 21:00:00+00:00,643.9,29.52,25.0244,39.9695,1000.2143,3000.6429
2025-05-24 22:00:00+00:00,498.23,29.61,19.3561,39.5373,765.2892,2295.8675
2025-05-24 23:00:00+00:00,301.42,29.59,11.6987,38.6506,452.1598,1356.4793
2025-05-25 00:00:00+00:00,124.43,29.43,4.8182,36.9626,178.0928,534.2785
2025-05-25 01:00:00+00:00,9.9,29.05,0.3798,31.7875,12.0736,36.2209
2025-05-25 02:00:00+00:00,0.0,28.63,0.0,0.0,0.0,0.0
2025-05-25 03:00:00+00:00,0.0,28.34,0.0,0.0,0.0,0.0
2025-05-25 04:00:00+00:00,0.0,28.05,0.0,0.0,0.0,0.0
2025-05-25 05:00:00+00:00,0.0,27.75,0.0,0.0,0.0,0.0
2025-05-25 06:00:00+00:00,0.0,27.51,0.0,0.0,0.0,0.0
2025-05-25 07:00:00+00:00,0.0,27.33,0.0,0.0,0.0,0.0
2025-05-25 08:00:00+00:00,0.0,27.18,0.0,0.0,0.0,0.0
2025-05-25 09:00:00+00:00,0.0,27.04,0.0,0.0,0.0,0.0
2025-05-25 10:00:00+00:00,0.0,26.96,0.0,0.0,0.0,0.0
2025-05-25 11:00:00+00:00,0.0,26.91,0.0,0.0,0.0,0.0
2025-05-25 12:00:00+00:00,0.0,26.88,0.0,0.0,0.0,0.0
2025-05-25 13:00:00+00:00,0.0,26.89,0.0,0.0,0.0,0.0
2025-05-25 14:00:00+00:00,52.42,27.05,2.0246,35.7363,72.3515,217.0544
2025-05-25 15:00:00+00:00,250.68,27.61,9.7253,38.7398,376.7553,1130.2659
2025-05-25 16:00:00+00:00,454.92,28.06,17.6704,39.7183,701.839,2105.5169
2025-05-25 17:00:00+00:00,638.08,28.46,24.7973,40.1823,996.4145,2989.2434
2025-05-25 18:00:00+00:00,714.78,28.78,27.7818,40.2846,1119.1783,3357.5348
2025-05-25 19:00:00+00:00,761.35,28.97,29.5937,40.3355,1193.6785,3581.0354
2025-05-25 20:00:00+00:00,752.38,29.02,29.2448,40.3079,1178.7972,3536.3916
2025-05-25 21:00:00+00:00,686.45,29.02,26.6797,40.1735,1071.8167,3215.4502
2025-05-25 22:00:00+00:00,512.7,28.98,19.919,39.7208,791.1973,2373.5919
2025-05-25 23:00:00+00:00,323.85,28.92,12.5712,38.9294,489.3883,1468.1648
2025-05-26 00:00:00+00:00,129.0,28.82,4.9958,37.172,185.7038,557.1115
2025-05-26 01:00:00+00:00,10.62,28.57,0.4076,32.0497,13.0639,39.1916
2025-05-26 02:00:00+00:00,0.0,28.41,0.0,0.0,0.0,0.0
2025-05-26 03:00:00+00:00,0.0,28.34,0.0,0.0,0.0,0.0
2025-05-26 04:00:00+00:00,0.0,28.28,0.0,0.0,0.0,0.0
2025-05-26 05:00:00+00:00,0.0,28.21,0.0,0.0,0.0,0.0
2025-05-26 06:00:00+00:00,0.0,28.13,0.0,0.0,0.0,0.0
2025-05-26 07:00:00+00:00,0.0,28.04,0.0,0.0,0.0,0.0
2025-05-26 08:00:00+00:00,0.0,27.93,0.0,0.0,0.0,0.0
2025-05-26 09:00:00+00:00,0.0,27.85,0.0,0.0,0.0,0.0
2025-05-26 10:00:00+00:00,0.0,27.77,0.0,0.0,0.0,0.0
2025-05-26 11:00:00+00:00,0.0,27.73,0.0,0.0,0.0,0.0
2025-05-26 12:00:00+00:00,0.0,27.69,0.0,0.0,0.0,0.0
2025-05-26 13:00:00+00:00,0.0,27.69,0.0,0.0,0.0,0.0
2025-05-26 14:00:00+00:00,48.67,27.8,1.8792,35.4104,66.5422,199.6267
2025-05-26 15:00:00+00:00,215.98,28.35,8.376,38.2922,320.7364,962.2092
2025-05-26 16:00:00+00:00,392.88,28.68,15.2567,39.3294,600.0373,1800.1118
2025-05-26 17:00:00+00:00,519.95,28.94,20.2011,39.7526,803.0454,2409.1363
2025-05-26 18:00:00+00:00,553.9,29.15,21.5222,39.8109,856.8181,2570.4543
2025-05-26 19:00:00+00:00,594.03,29.29,23.0838,39.8929,920.8796,2762.6388
2025-05-26 20:00:00+00:00,627.45,29.34,24.3843,39.968,974.5901,2923.7704
2025-05-26 21:00:00+00:00,487.42,29.3,18.9354,39.5673,749.2232,2247.6696
2025-05-26 22:00:00+00:00,381.55,29.21,14.816,39.1624,580.2284,1740.6852
2025-05-26 23:00:00+00:00,227.05,29.07,8.8064,38.2293,336.6611,1009.9834
2025-05-27 00:00:00+00:00,87.2,28.87,3.373,36.3668,122.6653,367.9959
2025-05-27 01:00:00+00:00,8.35,28.55,0.3202,31.5498,10.1008,30.3023
2025-05-27 02:00:00+00:00,0.0,28.34,0.0,0.0,0.0,0.0
2025-05-27 03:00:00+00:00,0.0,28.23,0.0,0.0,0.0,0.0
2025-05-27 04:00:00+00:00,0.0,28.14,0.0,0.0,0.0,0.0
2025-05-27 05:00:00+00:00,0.0,28.02,0.0,0.0,0.0,0.0
2025-05-27 06:00:00+00:00,0.0,27.92,0.0,0.0,0.0,0.0
2025-05-27 07:00:00+00:00,0.0,27.82,0.0,0.0,0.0,0.0
2025-05-27 08:00:00+00:00,0.0,27.72,0.0,0.0,0.0,0.0
2025-05-27 09:00:00+00:00,0.0,27.62,0.0,0.0,0.0,0.0
2025-05-27 10:00:00+00:00,0.0,27.57,0.0,0.0,0.0,0.0
2025-05-27 11:00:00+00:00,0.0,27.53,0.0,0.0,0.0,0.0
2025-05-27 12:00:00+00:00,0.0,27.55,0.0,0.0,0.0,0.0
2025-05-27 13:00:00+00:00,0.0,27.58,0.0,0.0,0.0,0.0
2025-05-27 14:00:00+00:00,54.38,27.7,2.1004,35.6628,74.9075,224.7226
2025-05-27 15:00:00+00:00,243.3,28.12,9.4383,38.5708,364.0429,1092.1288
2025-05-27 16:00:00+00:00,433.05,28.42,16.8196,39.5559,665.313,1995.9391
2025-05-27 17:00:00+00:00,592.2,28.63,23.0123,40.0295,921.1702,2763.5106
2025-05-27 18:00:00+00:00,693.97,28.78,26.9721,40.241,1085.3842,3256.1525
2025-05-27 19:00:00+00:00,701.0,28.8,27.2457,40.2516,1096.6827,3290.048
2025-05-27 20:00:00+00:00,668.05,28.87,25.9637,40.1646,1042.8226,3128.4679
2025-05-27 21:00:00+00:00,595.97,28.86,23.1591,39.9902,926.1371,2778.4113
2025-05-27 22:00:00+00:00,454.35,28.74,17.6484,39.5691,698.3333,2095.0
2025-05-27 23:00:00+00:00,281.73,28.61,10.9328,38.7395,423.5314,1270.5943
2025-05-28 00:00:00+00:00,112.68,28.49,4.3621,36.9737,161.2831,483.8493
2025-05-28 01:00:00+00:00,10.02,28.3,0.3845,31.9923,12.3013,36.904
2025-05-28 02:00:00+00:00,0.0,28.11,0.0,0.0,0.0,0.0
2025-05-28 03:00:00+00:00,0.0,27.97,0.0,0.0,0.0,0.0
2025-05-28 04:00:00+00:00,0.0,27.77,0.0,0.0,0.0,0.0
2025-05-28 05:00:00+00:00,0.0,27.61,0.0,0.0,0.0,0.0
2025-05-28 06:00:00+00:00,0.0,27.5,0.0,0.0,0.0,0.0
2025-05-28 07:00:00+00:00,0.0,27.4,0.0,0.0,0.0,0.0
2025-05-28 08:00:00+00:00,0.0,27.31,0.0,0.0,0.0,0.0
2025-05-28 09:00:00+00:00,0.0,27.24,0.0,0.0,0.0,0.0
2025-05-28 10:00:00+00:00,0.0,27.16,0.0,0.0,0.0,0.0
2025-05-28 11:00:00+00:00,0.0,27.1,0.0,0.0,0.0,0.0
2025-05-28 12:00:00+00:00,0.0,27.07,0.0,0.0,0.0,0.0
2025-05-28 13:00:00+00:00,0.0,27.03,0.0,0.0,0.0,0.0
2025-05-28 14:00:00+00:00,50.9,27.1,1.9657,35.6641,70.1044,210.3133
2025-05-28 15:00:00+00:00,245.23,27.51,9.5134,38.7202,368.3592,1105.0777
2025-05-28 16:00:00+00:00,459.75,27.79,17.8582,39.7947,710.663,2131.9891
2025-05-28 17:00:00+00:00,627.35,28.12,24.3796,40.229,980.7669,2942.3007
2025-05-28 18:00:00+00:00,732.22,28.47,28.46,40.3859,1149.3832,3448.1497
2025-05-28 19:00:00+00:00,797.33,28.74,30.9932,40.4495,1253.6604,3760.9812
2025-05-28 20:00:00+00:00,765.62,28.9,29.7598,40.3584,1201.0568,3603.1704
2025-05-28 21:00:00+00:00,684.83,28.99,26.6167,40.1763,1069.3601,3208.0802
2025-05-28 22:00:00+00:00,541.6,29.0,21.0435,39.8066,837.672,2513.016
2025-05-28 23:00:00+00:00,351.58,28.95,13.6499,39.0723,533.3342,1600.0025
2025-05-29 00:00:00+00:00,149.1,28.81,5.7766,37.4637,216.4126,649.2377
2025-05-29 01:00:00+00:00,11.95,28.55,0.4589,32.3021,14.8232,44.4695
2025-05-29 02:00:00+00:00,0.0,28.32,0.0,0.0,0.0,0.0
2025-05-29 03:00:00+00:00,0.0,28.23,0.0,0.0,0.0,0.0
2025-05-29 04:00:00+00:00,0.0,28.14,0.0,0.0,0.0,0.0
2025-05-29 05:00:00+00:00,0.0,28.04,0.0,0.0,0.0,0.0
2025-05-29 06:00:00+00:00,0.0,27.94,0.0,0.0,0.0,0.0
2025-05-29 07:00:00+00:00,0.0,27.81,0.0,0.0,0.0,0.0
2025-05-29 08:00:00+00:00,0.0,27.71,0.0,0.0,0.0,0.0
2025-05-29 09:00:00+00:00,0.0,27.62,0.0,0.0,0.0,0.0
2025-05-29 10:00:00+00:00,0.0,27.56,0.0,0.0,0.0,0.0
2025-05-29 11:00:00+00:00,0.0,27.48,0.0,0.0,0.0,0.0
2025-05-29 12:00:00+00:00,0.0,27.4,0.0,0.0,0.0,0.0
2025-05-29 13:00:00+00:00,0.0,27.36,0.0,0.0,0.0,0.0
2025-05-29 14:00:00+00:00,49.78,27.48,1.9222,35.5307,68.2982,204.8945
2025-05-29 15:00:00+00:00,237.38,27.96,9.2081,38.5592,355.0576,1065.1728
2025-05-29 16:00:00+00:00,462.8,28.22,17.9771,39.7129,713.9223,2141.7669
2025-05-29 17:00:00+00:00,635.5,28.43,24.6969,40.1825,992.3846,2977.1539
2025-05-29 18:00:00+00:00,748.78,28.56,29.1044,40.399,1175.7861,3527.3584
2025-05-29 19:00:00+00:00,792.55,28.66,30.8072,40.4581,1246.4015,3739.2046
2025-05-29 20:00:00+00:00,777.42,28.74,30.2187,40.4141,1221.2606,3663.7819
2025-05-29 21:00:00+00:00,685.95,28.8,26.6601,40.2193,1072.2521,3216.7563
2025-05-29 22:00:00+00:00,538.22,28.87,20.912,39.8244,832.8055,2498.4166
2025-05-29 23:00:00+00:00,327.42,28.89,12.7101,38.956,495.1328,1485.3983
2025-05-30 00:00:00+00:00,138.98,28.82,5.3834,37.3213,200.9171,602.7514
2025-05-30 01:00:00+00:00,10.88,28.56,0.4176,32.1028,13.4073,40.2219
2025-05-30 02:00:00+00:00,0.0,28.24,0.0,0.0,0.0,0.0
2025-05-30 03:00:00+00:00,0.0,28.05,0.0,0.0,0.0,0.0
2025-05-30 04:00:00+00:00,0.0,27.87,0.0,0.0,0.0,0.0
2025-05-30 05:00:00+00:00,0.0,27.72,0.0,0.0,0.0,0.0
2025-05-30 06:00:00+00:00,0.0,27.57,0.0,0.0,0.0,0.0
2025-05-30 07:00:00+00:00,0.0,27.43,0.0,0.0,0.0,0.0
2025-05-30 08:00:00+00:00,0.0,27.37,0.0,0.0,0.0,0.0
2025-05-30 09:00:00+00:00,0.0,27.37,0.0,0.0,0.0,0.0
2025-05-30 10:00:00+00:00,0.0,27.35,0.0,0.0,0.0,0.0
2025-05-30 11:00:00+00:00,0.0,27.37,0.0,0.0,0.0,0.0
2025-05-30 12:00:00+00:00,0.0,27.38,0.0,0.0,0.0,0.0
2025-05-30 13:00:00+00:00,0.0,27.38,0.0,0.0,0.0,0.0
2025-05-30 14:00:00+00:00,39.2,27.5,1.5124,35.0311,52.9825,158.9476
2025-05-30 15:00:00+00:00,198.7,27.9,7.7043,38.2306,294.5402,883.6207
2025-05-30 16:00:00+00:00,415.75,28.12,16.1464,39.5502,638.5927,1915.778
2025-05-30 17:00:00+00:00,533.75,28.24,20.7377,39.9463,828.3962,2485.1886
2025-05-30 18:00:00+00:00,675.05,28.36,26.2357,40.2893,1057.0181,3171.0542
2025-05-30 19:00:00+00:00,719.8,28.43,27.9768,40.3695,1129.4094,3388.2281
2025-05-30 20:00:00+00:00,700.25,28.49,27.2162,40.3162,1097.2556,3291.7669
2025-05-30 21:00:00+00:00,542.38,28.54,21.0737,39.9079,841.0064,2523.0192
2025-05-30 22:00:00+00:00,380.05,28.59,14.7575,39.2901,579.8252,1739.4755
2025-05-30 23:00:00+00:00,237.8,28.6,9.2244,38.4215,354.4156,1063.2467
2025-05-31 00:00:00+00:00,106.0,28.53,4.1027,36.841,151.1496,453.4487
2025-05-31 01:00:00+00:00,9.0,28.29,0.3452,31.7695,10.9671,32.9014
2025-05-31 02:00:00+00:00,0.0,28.14,0.0,0.0,0.0,0.0
2025-05-31 03:00:00+00:00,0.0,28.08,0.0,0.0,0.0,0.0
2025-05-31 04:00:00+00:00,0.0,28.03,0.0,0.0,0.0,0.0
2025-05-31 05:00:00+00:00,0.0,27.98,0.0,0.0,0.0,0.0
2025-05-31 06:00:00+00:00,0.0,27.92,0.0,0.0,0.0,0.0
2025-05-31 07:00:00+00:00,0.0,27.81,0.0,0.0,0.0,0.0
2025-05-31 08:00:00+00:00,0.0,27.69,0.0,0.0,0.0,0.0
2025-05-31 09:00:00+00:00,0.0,27.6,0.0,0.0,0.0,0.0
2025-05-31 10:00:00+00:00,0.0,27.54,0.0,0.0,0.0,0.0
2025-05-31 11:00:00+00:00,0.0,27.48,0.0,0.0,0.0,0.0
2025-05-31 12:00:00+00:00,0.0,27.44,0.0,0.0,0.0,0.0
2025-05-31 13:00:00+00:00,0.0,27.36,0.0,0.0,0.0,0.0
2025-05-31 14:00:00+00:00,43.22,27.42,1.6681,35.2521,58.8048,176.4144
2025-05-31 15:00:00+00:00,210.65,27.78,8.1689,38.3701,313.4398,940.3195
2025-05-31 16:00:00+00:00,400.83,27.98,15.5659,39.5167,615.1114,1845.3343
2025-05-31 17:00:00+00:00,556.25,28.15,21.6132,40.0326,865.2324,2595.6973
2025-05-31 18:00:00+00:00,603.67,28.37,23.4584,40.1155,941.0459,2823.1377
2025-05-31 19:00:00+00:00,622.9,28.55,24.2068,40.1259,971.3168,2913.9503
2025-05-31 20:00:00+00:00,603.78,28.64,23.4629,40.0579,939.8726,2819.6178
2025-05-31 21:00:00+00:00,578.5,28.64,22.4792,39.9902,898.9482,2696.8447
2025-05-31 22:00:00+00:00,471.88,28.54,18.3305,39.6767,727.2935,2181.8804
2025-05-31 23:00:00+00:00,302.33,28.47,11.7341,38.9013,456.4699,1369.4096
2025-06-01 00:00:00+00:00,126.38,28.36,4.8941,37.234,182.2279,546.6837
2025-06-01 01:00:00+00:00,11.1,28.1,0.4262,32.2547,13.7456,41.2367
2025-06-01 02:00:00+00:00,0.0,27.91,0.0,0.0,0.0,0.0
2025-06-01 03:00:00+00:00,0.0,27.81,0.0,0.0,0.0,0.0
2025-06-01 04:00:00+00:00,0.0,27.73,0.0,0.0,0.0,0.0
2025-06-01 05:00:00+00:00,0.0,27.67,0.0,0.0,0.0,0.0
2025-06-01 06:00:00+00:00,0.0,27.63,0.0,0.0,0.0,0.0
2025-06-01 07:00:00+00:00,0.0,27.58,0.0,0.0,0.0,0.0
2025-06-01 08:00:00+00:00,0.0,27.5,0.0,0.0,0.0,0.0
2025-06-01 09:00:00+00:00,0.0,27.41,0.0,0.0,0.0,0.0
2025-06-01 10:00:00+00:00,0.0,27.34,0.0,0.0,0.0,0.0
2025-06-01 11:00:00+00:00,0.0,27.27,0.0,0.0,0.0,0.0
2025-06-01 12:00:00+00:00,0.0,27.2,0.0,0.0,0.0,0.0
2025-06-01 13:00:00+00:00,0.0,27.12,0.0,0.0,0.0,0.0
2025-06-01 14:00:00+00:00,43.83,27.19,1.6918,35.3342,59.7779,179.3336
2025-06-01 15:00:00+00:00,199.1,27.67,7.7199,38.2854,295.559,886.677
2025-06-01 16:00:00+00:00,378.7,27.99,14.7049,39.4143,579.583,1738.749
2025-06-01 17:00:00+00:00,513.03,28.23,19.9315,39.8834,794.9373,2384.8119
2025-06-01 18:00:00+00:00,584.58,28.45,22.7157,40.0476,909.7088,2729.1265
2025-06-01 19:00:00+00:00,607.58,28.61,23.6107,40.0742,946.179,2838.5369
2025-06-01 20:00:00+00:00,576.8,28.74,22.4131,39.9641,895.7187,2687.1561
2025-06-01 21:00:00+00:00,519.92,28.85,20.1999,39.7719,803.3872,2410.1616
2025-06-01 22:00:00+00:00,351.77,28.89,13.6573,39.0863,533.8147,1601.444
2025-06-01 23:00:00+00:00,223.68,28.85,8.6754,38.2491,331.8248,995.4744
2025-06-02 00:00:00+00:00,98.82,28.7,3.824,36.6603,140.1891,420.5672
2025-06-02 01:00:00+00:00,8.73,28.37,0.3348,31.6864,10.6087,31.8261
2025-06-02 02:00:00+00:00,0.0,28.03,0.0,0.0,0.0,0.0
2025-06-02 03:00:00+00:00,0.0,27.88,0.0,0.0,0.0,0.0
2025-06-02 04:00:00+00:00,0.0,27.75,0.0,0.0,0.0,0.0
2025-06-02 05:00:00+00:00,0.0,27.67,0.0,0.0,0.0,0.0
2025-06-02 06:00:00+00:00,0.0,27.57,0.0,0.0,0.0,0.0
2025-06-02 07:00:00+00:00,0.0,27.41,0.0,0.0,0.0,0.0
2025-06-02 08:00:00+00:00,0.0,27.24,0.0,0.0,0.0,0.0
2025-06-02 09:00:00+00:00,0.0,27.12,0.0,0.0,0.0,0.0
2025-06-02 10:00:00+00:00,0.0,27.0,0.0,0.0,0.0,0.0
2025-06-02 11:00:00+00:00,0.0,26.92,0.0,0.0,0.0,0.0
2025-06-02 12:00:00+00:00,0.0,26.86,0.0,0.0,0.0,0.0
2025-06-02 13:00:00+00:00,0.0,26.79,0.0,0.0,0.0,0.0
2025-06-02 14:00:00+00:00,34.45,26.91,1.3287,34.8998,46.3698,139.1093
2025-06-02 15:00:00+00:00,149.98,27.34,5.811,37.8037,219.6777,659.0332
2025-06-02 16:00:00+00:00,306.67,27.58,11.9028,39.1224,465.6662,1396.9985
2025-06-02 17:00:00+00:00,408.7,27.75,15.872,39.6006,628.5412,1885.6236
2025-06-02 18:00:00+00:00,505.15,27.84,19.6247,39.9419,783.8489,2351.5466
2025-06-02 19:00:00+00:00,594.25,27.92,23.0916,40.1873,927.9891,2783.9672
2025-06-02 20:00:00+00:00,631.95,27.91,24.5584,40.2852,989.3421,2968.0264
2025-06-02 21:00:00+00:00,582.88,27.72,22.6491,40.1997,910.4866,2731.4597
2025-06-02 22:00:00+00:00,435.62,27.54,16.9193,39.7567,672.6551,2017.9652
2025-06-02 23:00:00+00:00,272.85,27.5,10.5874,38.9233,412.0974,1236.2923
2025-06-03 00:00:00+00:00,122.32,27.53,4.7366,37.3548,176.9347,530.804
2025-06-03 01:00:00+00:00,9.62,27.49,0.3692,32.1009,11.8503,35.551
2025-06-03 02:00:00+00:00,0.0,27.41,0.0,0.0,0.0,0.0
2025-06-03 03:00:00+00:00,0.0,27.34,0.0,0.0,0.0,0.0
2025-06-03 04:00:00+00:00,0.0,27.21,0.0,0.0,0.0,0.0
2025-06-03 05:00:00+00:00,0.0,27.19,0.0,0.0,0.0,0.0
2025-06-03 06:00:00+00:00,0.0,27.13,0.0,0.0,0.0,0.0
2025-06-03 07:00:00+00:00,0.0,27.07,0.0,0.0,0.0,0.0
2025-06-03 08:00:00+00:00,0.0,27.0,0.0,0.0,0.0,0.0
2025-06-03 09:00:00+00:00,0.0,26.9,0.0,0.0,0.0,0.0
2025-06-03 10:00:00+00:00,0.0,26.84,0.0,0.0,0.0,0.0
2025-06-03 11:00:00+00:00,0.0,26.75,0.0,0.0,0.0,0.0
2025-06-03 12:00:00+00:00,0.0,26.7,0.0,0.0,0.0,0.0
2025-06-03 13:00:00+00:00,0.0,26.64,0.0,0.0,0.0,0.0
2025-06-03 14:00:00+00:00,25.35,26.74,0.9766,34.3019,33.5003,100.5008
2025-06-03 15:00:00+00:00,123.78,27.21,4.7933,37.4504,179.513,538.539
2025-06-03 16:00:00+00:00,252.65,27.42,9.8019,38.7964,380.2779,1140.8336
2025-06-03 17:00:00+00:00,344.23,27.56,13.3638,39.3372,525.6957,1577.087
2025-06-03 18:00:00+00:00,450.5,27.69,17.4983,39.7817,696.1125,2088.3374
2025-06-03 19:00:00+00:00,441.6,27.9,17.1521,39.7021,680.9745,2042.9234
2025-06-03 20:00:00+00:00,410.38,28.1,15.9375,39.5318,630.037,1890.1111
2025-06-03 21:00:00+00:00,342.95,28.13,13.3141,39.2061,521.9952,1565.9856
2025-06-03 22:00:00+00:00,338.2,28.11,13.1293,39.1852,514.4762,1543.4287
2025-06-03 23:00:00+00:00,208.85,28.08,8.0989,38.2871,310.0822,930.2467
2025-06-04 00:00:00+00:00,84.5,27.95,3.2684,36.5111,119.3336,358.0008
2025-06-04 01:00:00+00:00,8.68,27.69,0.3329,31.8377,10.5996,31.7989
2025-06-04 02:00:00+00:00,0.0,27.44,0.0,0.0,0.0,0.0
2025-06-04 03:00:00+00:00,0.0,27.35,0.0,0.0,0.0,0.0
2025-06-04 04:00:00+00:00,0.0,27.28,0.0,0.0,0.0,0.0
2025-06-04 05:00:00+00:00,0.0,27.21,0.0,0.0,0.0,0.0
2025-06-04 06:00:00+00:00,0.0,27.1,0.0,0.0,0.0,0.0
2025-06-04 07:00:00+00:00,0.0,26.95,0.0,0.0,0.0,0.0
2025-06-04 08:00:00+00:00,0.0,26.79,0.0,0.0,0.0,0.0
2025-06-04 09:00:00+00:00,0.0,26.7,0.0,0.0,0.0,0.0
2025-06-04 10:00:00+00:00,0.0,26.65,0.0,0.0,0.0,0.0
2025-06-04 11:00:00+00:00,0.0,26.64,0.0,0.0,0.0,0.0
2025-06-04 12:00:00+00:00,0.0,26.63,0.0,0.0,0.0,0.0
2025-06-04 13:00:00+00:00,0.0,26.69,0.0,0.0,0.0,0.0
2025-06-04 14:00:00+00:00,33.97,26.87,1.3101,34.88,45.6956,137.0869
2025-06-04 15:00:00+00:00,156.9,27.4,6.0799,37.8794,230.302,690.906
2025-06-04 16:00:00+00:00,315.17,27.72,12.2335,39.1419,478.8405,1436.5214
2025-06-04 17:00:00+00:00,506.23,28.01,19.6668,39.9088,784.8792,2354.6375
2025-06-04 18:00:00+00:00,634.1,28.25,24.6423,40.2177,991.0567,2973.1702
2025-06-04 19:00:00+00:00,677.75,28.39,26.3408,40.2889,1061.2403,3183.721
2025-06-04 20:00:00+00:00,516.6,28.46,20.0705,39.8453,799.7167,2399.1501
2025-06-04 21:00:00+00:00,503.58,28.52,19.5639,39.7901,778.4512,2335.3536
2025-06-04 22:00:00+00:00,356.9,28.55,13.8569,39.1865,543.0019,1629.0058
2025-06-04 23:00:00+00:00,226.8,28.53,8.7967,38.3464,337.3213,1011.9638
2025-06-05 00:00:00+00:00,95.35,28.43,3.6894,36.6486,135.2104,405.6311
2025-06-05 01:00:00+00:00,9.27,28.08,0.3556,31.8818,11.3381,34.0142
2025-06-05 02:00:00+00:00,0.0,27.73,0.0,0.0,0.0,0.0
2025-06-05 03:00:00+00:00,0.0,27.53,0.0,0.0,0.0,0.0
2025-06-05 04:00:00+00:00,0.0,27.35,0.0,0.0,0.0,0.0
2025-06-05 05:00:00+00:00,0.0,27.21,0.0,0.0,0.0,0.0
2025-06-05 06:00:00+00:00,0.0,27.09,0.0,0.0,0.0,0.0
2025-06-05 07:00:00+00:00,0.0,26.98,0.0,0.0,0.0,0.0
2025-06-05 08:00:00+00:00,0.0,26.86,0.0,0.0,0.0,0.0
2025-06-05 09:00:00+00:00,0.0,26.75,0.0,0.0,0.0,0.0
2025-06-05 10:00:00+00:00,0.0,26.63,0.0,0.0,0.0,0.0
2025-06-05 11:00:00+00:00,0.0,26.51,0.0,0.0,0.0,0.0
2025-06-05 12:00:00+00:00,0.0,26.45,0.0,0.0,0.0,0.0
2025-06-05 13:00:00+00:00,0.0,26.42,0.0,0.0,0.0,0.0
2025-06-05 14:00:00+00:00,31.08,26.54,1.1983,34.7722,41.6672,125.0017
2025-06-05 15:00:00+00:00,144.43,26.99,5.5955,37.8072,211.5483,634.6448
2025-06-05 16:00:00+00:00,267.62,27.24,10.384,38.9442,404.3975,1213.1926
2025-06-05 17:00:00+00:00,414.85,27.45,16.1112,39.6917,639.4808,1918.4425
2025-06-05 18:00:00+00:00,417.67,27.62,16.221,39.6666,643.4304,1930.2913
2025-06-05 19:00:00+00:00,448.17,27.72,17.4077,39.7664,692.2393,2076.718
2025-06-05 20:00:00+00:00,519.5,27.71,20.183,40.0161,807.6459,2422.9378
2025-06-05 21:00:00+00:00,469.92,27.66,18.2539,39.8598,727.597,2182.7909
2025-06-05 22:00:00+00:00,352.33,27.55,13.6789,39.3812,538.6932,1616.0795
2025-06-05 23:00:00+00:00,227.9,27.44,8.8395,38.5962,341.1725,1023.5175
2025-06-06 00:00:00+00:00,104.9,27.38,4.0603,37.0793,150.5513,451.6539
2025-06-06 01:00:00+00:00,9.12,27.24,0.3499,32.0492,11.2144,33.6431
2025-06-06 02:00:00+00:00,0.0,27.15,0.0,0.0,0.0,0.0
2025-06-06 03:00:00+00:00,0.0,27.14,0.0,0.0,0.0,0.0
2025-06-06 04:00:00+00:00,0.0,27.14,0.0,0.0,0.0,0.0
2025-06-06 05:00:00+00:00,0.0,27.11,0.0,0.0,0.0,0.0
2025-06-06 06:00:00+00:00,0.0,27.08,0.0,0.0,0.0,0.0
2025-06-06 07:00:00+00:00,0.0,27.02,0.0,0.0,0.0,0.0
2025-06-06 08:00:00+00:00,0.0,26.98,0.0,0.0,0.0,0.0
2025-06-06 09:00:00+00:00,0.0,26.93,0.0,0.0,0.0,0.0
2025-06-06 10:00:00+00:00,0.0,26.9,0.0,0.0,0.0,0.0
2025-06-06 11:00:00+00:00,0.0,26.87,0.0,0.0,0.0,0.0
2025-06-06 12:00:00+00:00,0.0,26.83,0.0,0.0,0.0,0.0
2025-06-06 13:00:00+00:00,0.0,26.78,0.0,0.0,0.0,0.0
2025-06-06 14:00:00+00:00,26.77,26.84,1.0315,34.3919,35.4763,106.4288
2025-06-06 15:00:00+00:00,138.35,27.18,5.3592,37.6793,201.9324,605.7971
2025-06-06 16:00:00+00:00,242.18,27.34,9.3948,38.7339,363.8963,1091.6889
2025-06-06 17:00:00+00:00,382.55,27.52,14.8546,39.5344,587.2669,1761.8008
2025-06-06 18:00:00+00:00,495.38,27.77,19.2446,39.9245,768.3302,2304.9907
2025-06-06 19:00:00+00:00,465.15,28.06,18.0685,39.7561,718.3315,2154.9944
2025-06-06 20:00:00+00:00,547.45,28.25,21.2708,39.9854,850.5216,2551.5648
2025-06-06 21:00:00+00:00,435.85,28.36,16.9285,39.58,670.03,2010.0901
2025-06-06 22:00:00+00:00,385.83,28.33,14.9824,39.3734,589.9067,1769.7202
2025-06-06 23:00:00+00:00,249.2,28.26,9.6677,38.5855,373.0334,1119.1003
2025-06-07 00:00:00+00:00,107.03,28.08,4.1428,36.9621,153.1272,459.3816
2025-06-07 01:00:00+00:00,11.57,27.73,0.4443,32.4299,14.4089,43.2268
2025-06-07 02:00:00+00:00,0.0,27.47,0.0,0.0,0.0,0.0
2025-06-07 03:00:00+00:00,0.0,27.38,0.0,0.0,0.0,0.0
2025-06-07 04:00:00+00:00,0.0,27.28,0.0,0.0,0.0,0.0
2025-06-07 05:00:00+00:00,0.0,27.16,0.0,0.0,0.0,0.0
2025-06-07 06:00:00+00:00,0.0,27.06,0.0,0.0,0.0,0.0
2025-06-07 07:00:00+00:00,0.0,26.97,0.0,0.0,0.0,0.0
2025-06-07 08:00:00+00:00,0.0,26.92,0.0,0.0,0.0,0.0
2025-06-07 09:00:00+00:00,0.0,26.93,0.0,0.0,0.0,0.0
2025-06-07 10:00:00+00:00,0.0,26.89,0.0,0.0,0.0,0.0
2025-06-07 11:00:00+00:00,0.0,26.8,0.0,0.0,0.0,0.0
2025-06-07 12:00:00+00:00,0.0,26.73,0.0,0.0,0.0,0.0
2025-06-07 13:00:00+00:00,0.0,26.65,0.0,0.0,0.0,0.0
2025-06-07 14:00:00+00:00,39.22,26.8,1.5133,35.1943,53.2602,159.7806
2025-06-07 15:00:00+00:00,210.8,27.45,8.1747,38.4444,314.2725,942.8175
2025-06-07 16:00:00+00:00,432.05,27.85,16.7805,39.6753,665.7724,1997.3171
2025-06-07 17:00:00+00:00,614.3,28.21,23.8719,40.1771,959.1039,2877.3118
2025-06-07 18:00:00+00:00,721.83,28.55,28.0559,40.348,1131.9993,3395.9979
2025-06-07 19:00:00+00:00,752.97,28.83,29.2676,40.3495,1180.9327,3542.798
2025-06-07 20:00:00+00:00,760.28,29.03,29.5522,40.3207,1191.5648,3574.6945
2025-06-07 21:00:00+00:00,690.58,29.13,26.8405,40.159,1077.8857,3233.657
2025-06-07 22:00:00+00:00,543.7,29.15,21.1253,39.7807,840.3791,2521.1373
2025-06-07 23:00:00+00:00,336.27,29.08,13.0543,38.9632,508.6387,1525.9162
2025-06-08 00:00:00+00:00,149.73,28.87,5.8011,37.4587,217.3001,651.9003
2025-06-08 01:00:00+00:00,13.15,28.4,0.5052,32.5385,16.4381,49.3143
2025-06-08 02:00:00+00:00,0.0,27.98,0.0,0.0,0.0,0.0
2025-06-08 03:00:00+00:00,0.0,27.76,0.0,0.0,0.0,0.0
2025-06-08 04:00:00+00:00,0.0,27.56,0.0,0.0,0.0,0.0
2025-06-08 05:00:00+00:00,0.0,27.37,0.0,0.0,0.0,0.0
2025-06-08 06:00:00+00:00,0.0,27.2,0.0,0.0,0.0,0.0
2025-06-08 07:00:00+00:00,0.0,27.08,0.0,0.0,0.0,0.0
2025-06-08 08:00:00+00:00,0.0,26.98,0.0,0.0,0.0,0.0
2025-06-08 09:00:00+00:00,0.0,26.87,0.0,0.0,0.0,0.0
2025-06-08 10:00:00+00:00,0.0,26.77,0.0,0.0,0.0,0.0
2025-06-08 11:00:00+00:00,0.0,26.71,0.0,0.0,0.0,0.0
2025-06-08 12:00:00+00:00,0.0,26.68,0.0,0.0,0.0,0.0
2025-06-08 13:00:00+00:00,0.0,26.65,0.0,0.0,0.0,0.0
2025-06-08 14:00:00+00:00,43.78,26.81,1.6899,35.4196,59.8558,179.5673
2025-06-08 15:00:00+00:00,212.23,27.45,8.2303,38.4575,316.5168,949.5504
2025-06-08 16:00:00+00:00,424.83,27.77,16.4996,39.6636,654.4318,1963.2955
2025-06-08 17:00:00+00:00,504.0,28.02,19.5801,39.8993,781.231,2343.6929
2025-06-08 18:00:00+00:00,699.25,28.26,27.1771,40.3632,1096.9561,3290.8684
2025-06-08 19:00:00+00:00,684.95,28.44,26.6209,40.294,1072.6648,3217.9944
2025-06-08 20:00:00+00:00,746.05,28.54,28.9981,40.398,1171.4661,3514.3983
2025-06-08 21:00:00+00:00,647.6,28.57,25.1678,40.1815,1011.2806,3033.8417
2025-06-08 22:00:00+00:00,499.02,28.52,19.3865,39.775,771.0976,2313.2927
2025-06-08 23:00:00+00:00,336.42,28.38,13.0601,39.1167,510.8695,1532.6085
2025-06-09 00:00:00+00:00,149.73,28.15,5.8012,37.6194,218.2374,654.7122
2025-06-09 01:00:00+00:00,13.8,27.68,0.5303,32.8107,17.4007,52.2021
2025-06-09 02:00:00+00:00,0.0,27.32,0.0,0.0,0.0,0.0
2025-06-09 03:00:00+00:00,0.0,27.23,0.0,0.0,0.0,0.0
2025-06-09 04:00:00+00:00,0.0,27.2,0.0,0.0,0.0,0.0
2025-06-09 05:00:00+00:00,0.0,27.19,0.0,0.0,0.0,0.0
2025-06-09 06:00:00+00:00,0.0,27.16,0.0,0.0,0.0,0.0
2025-06-09 07:00:00+00:00,0.0,27.06,0.0,0.0,0.0,0.0
2025-06-09 08:00:00+00:00,0.0,26.86,0.0,0.0,0.0,0.0
2025-06-09 09:00:00+00:00,0.0,26.61,0.0,0.0,0.0,0.0
2025-06-09 10:00:00+00:00,0.0,26.37,0.0,0.0,0.0,0.0
2025-06-09 11:00:00+00:00,0.0,26.22,0.0,0.0,0.0,0.0
2025-06-09 12:00:00+00:00,0.0,26.11,0.0,0.0,0.0,0.0
2025-06-09 13:00:00+00:00,0.0,26.06,0.0,0.0,0.0,0.0
2025-06-09 14:00:00+00:00,49.33,26.22,1.905,35.802,68.2025,204.6074
2025-06-09 15:00:00+00:00,241.07,26.85,9.3516,38.8332,363.1531,1089.4592
2025-06-09 16:00:00+00:00,454.7,27.09,17.6615,39.9273,705.1757,2115.5272
2025-06-09 17:00:00+00:00,631.7,27.19,24.5482,40.4388,992.6983,2978.095
2025-06-09 18:00:00+00:00,752.5,27.36,29.2479,40.6616,1189.2675,3567.8025
2025-06-09 19:00:00+00:00,817.28,27.55,31.768,40.7364,1294.1136,3882.3407
2025-06-09 20:00:00+00:00,801.28,27.75,31.1459,40.6667,1266.6008,3799.8025
2025-06-09 21:00:00+00:00,715.72,27.94,27.8176,40.4657,1125.66,3376.9799
2025-06-09 22:00:00+00:00,557.72,28.05,21.6703,40.0584,868.0779,2604.2337
2025-06-09 23:00:00+00:00,373.02,28.03,14.4839,39.3787,570.3585,1711.0756
2025-06-10 00:00:00+00:00,168.2,27.88,6.5189,37.9095,247.1279,741.3838
2025-06-10 01:00:00+00:00,15.15,27.5,0.5825,33.0487,19.2493,57.7479
2025-06-10 02:00:00+00:00,0.0,27.18,0.0,0.0,0.0,0.0
2025-06-10 03:00:00+00:00,0.0,27.05,0.0,0.0,0.0,0.0
2025-06-10 04:00:00+00:00,0.0,26.99,0.0,0.0,0.0,0.0
2025-06-10 05:00:00+00:00,0.0,26.93,0.0,0.0,0.0,0.0
2025-06-10 06:00:00+00:00,0.0,26.88,0.0,0.0,0.0,0.0
2025-06-10 07:00:00+00:00,0.0,26.8,0.0,0.0,0.0,0.0
2025-06-10 08:00:00+00:00,0.0,26.72,0.0,0.0,0.0,0.0
2025-06-10 09:00:00+00:00,0.0,26.68,0.0,0.0,0.0,0.0
2025-06-10 10:00:00+00:00,0.0,26.6,0.0,0.0,0.0,0.0
2025-06-10 11:00:00+00:00,0.0,26.54,0.0,0.0,0.0,0.0
2025-06-10 12:00:00+00:00,0.0,26.49,0.0,0.0,0.0,0.0
2025-06-10 13:00:00+00:00,0.0,26.42,0.0,0.0,0.0,0.0
2025-06-10 14:00:00+00:00,38.4,26.51,1.4816,35.2177,52.179,156.537
2025-06-10 15:00:00+00:00,195.55,27.0,7.5819,38.3991,291.1397,873.4192
2025-06-10 16:00:00+00:00,383.5,27.3,14.8915,39.5866,589.5036,1768.5107
2025-06-10 17:00:00+00:00,566.6,27.54,22.0155,40.1933,884.8773,2654.6319
2025-06-10 18:00:00+00:00,626.83,27.82,24.3592,40.292,981.4784,2944.4353
2025-06-10 19:00:00+00:00,717.62,28.1,27.8917,40.4354,1127.8131,3383.4394
2025-06-10 20:00:00+00:00,668.25,28.29,25.9711,40.289,1046.3493,3139.0479
2025-06-10 21:00:00+00:00,631.58,28.44,24.5444,40.1708,985.9695,2957.9086
2025-06-10 22:00:00+00:00,489.67,28.5,19.0227,39.7477,756.1074,2268.3221
2025-06-10 23:00:00+00:00,312.95,28.43,12.1471,38.9737,473.4189,1420.2568
2025-06-11 00:00:00+00:00,137.12,28.28,5.3113,37.4152,198.7231,596.1694
2025-06-11 01:00:00+00:00,12.82,27.88,0.4925,32.609,16.0602,48.1805
2025-06-11 02:00:00+00:00,0.0,27.52,0.0,0.0,0.0,0.0
2025-06-11 03:00:00+00:00,0.0,27.37,0.0,0.0,0.0,0.0
2025-06-11 04:00:00+00:00,0.0,27.27,0.0,0.0,0.0,0.0
2025-06-11 05:00:00+00:00,0.0,27.18,0.0,0.0,0.0,0.0
2025-06-11 06:00:00+00:00,0.0,27.13,0.0,0.0,0.0,0.0
2025-06-11 07:00:00+00:00,0.0,27.07,0.0,0.0,0.0,0.0
2025-06-11 08:00:00+00:00,0.0,26.97,0.0,0.0,0.0,0.0
2025-06-11 09:00:00+00:00,0.0,26.85,0.0,0.0,0.0,0.0
2025-06-11 10:00:00+00:00,0.0,26.76,0.0,0.0,0.0,0.0
2025-06-11 11:00:00+00:00,0.0,26.68,0.0,0.0,0.0,0.0
2025-06-11 12:00:00+00:00,0.0,26.64,0.0,0.0,0.0,0.0
2025-06-11 13:00:00+00:00,0.0,26.57,0.0,0.0,0.0,0.0
2025-06-11 14:00:00+00:00,28.75,26.68,1.1081,34.5777,38.3166,114.9499
2025-06-11 15:00:00+00:00,145.02,27.28,5.6183,37.7504,212.0945,636.2834
2025-06-11 16:00:00+00:00,320.98,27.67,12.4594,39.1862,488.2386,1464.7158
2025-06-11 17:00:00+00:00,445.95,28.04,17.3214,39.6886,687.4621,2062.3863
2025-06-11 18:00:00+00:00,489.77,28.34,19.0265,39.7825,756.923,2270.7691
2025-06-11 19:00:00+00:00,723.03,28.55,28.1026,40.3505,1133.9511,3401.8534
2025-06-11 20:00:00+00:00,736.65,28.65,28.6325,40.3563,1155.5019,3466.5056
2025-06-11 21:00:00+00:00,670.22,28.63,26.048,40.2208,1047.6705,3143.0114
2025-06-11 22:00:00+00:00,510.95,28.55,19.8507,39.8077,790.2126,2370.6378
2025-06-11 23:00:00+00:00,325.1,28.4,12.6198,39.05,492.8024,1478.4072
2025-06-12 00:00:00+00:00,143.38,28.14,5.5545,37.5355,208.4909,625.4726
2025-06-12 01:00:00+00:00,12.62,27.75,0.4848,32.607,15.808,47.4241
2025-06-12 02:00:00+00:00,0.0,27.46,0.0,0.0,0.0,0.0
2025-06-12 03:00:00+00:00,0.0,27.34,0.0,0.0,0.0,0.0
2025-06-12 04:00:00+00:00,0.0,27.22,0.0,0.0,0.0,0.0
2025-06-12 05:00:00+00:00,0.0,27.09,0.0,0.0,0.0,0.0
2025-06-12 06:00:00+00:00,0.0,26.93,0.0,0.0,0.0,0.0
2025-06-12 07:00:00+00:00,0.0,26.83,0.0,0.0,0.0,0.0
2025-06-12 08:00:00+00:00,0.0,26.75,0.0,0.0,0.0,0.0
2025-06-12 09:00:00+00:00,0.0,26.74,0.0,0.0,0.0,0.0
2025-06-12 10:00:00+00:00,0.0,26.73,0.0,0.0,0.0,0.0
2025-06-12 11:00:00+00:00,0.0,26.71,0.0,0.0,0.0,0.0
2025-06-12 12:00:00+00:00,0.0,26.67,0.0,0.0,0.0,0.0
2025-06-12 13:00:00+00:00,0.0,26.63,0.0,0.0,0.0,0.0
2025-06-12 14:00:00+00:00,34.65,26.79,1.3364,34.9397,46.6938,140.0814
2025-06-12 15:00:00+00:00,156.77,27.4,6.0748,37.8778,230.1007,690.3022
2025-06-12 16:00:00+00:00,314.55,27.78,12.2093,39.1252,477.6925,1433.0774
2025-06-12 17:00:00+00:00,452.95,28.14,17.5938,39.6936,698.3609,2095.0828
2025-06-12 18:00:00+00:00,604.78,28.48,23.5017,40.0948,942.2946,2826.8839
2025-06-12 19:00:00+00:00,678.03,28.73,26.3519,40.2169,1059.7918,3179.3755
2025-06-12 20:00:00+00:00,588.83,28.82,22.8812,39.9797,914.786,2744.3579
2025-06-12 21:00:00+00:00,544.65,28.79,21.1621,39.8609,843.5419,2530.6256
2025-06-12 22:00:00+00:00,350.0,28.68,13.5884,39.123,531.6205,1594.8616
2025-06-12 23:00:00+00:00,222.4,28.52,8.6256,38.311,330.4558,991.3675
2025-06-13 00:00:00+00:00,97.6,28.32,3.7767,36.7209,138.6846,416.0539
2025-06-13 01:00:00+00:00,9.3,28.01,0.3568,31.9054,11.3835,34.1505
2025-06-13 02:00:00+00:00,0.0,27.73,0.0,0.0,0.0,0.0
2025-06-13 03:00:00+00:00,0.0,27.62,0.0,0.0,0.0,0.0
2025-06-13 04:00:00+00:00,0.0,27.54,0.0,0.0,0.0,0.0
2025-06-13 05:00:00+00:00,0.0,27.47,0.0,0.0,0.0,0.0
2025-06-13 06:00:00+00:00,0.0,27.37,0.0,0.0,0.0,0.0
2025-06-13 07:00:00+00:00,0.0,27.24,0.0,0.0,0.0,0.0
2025-06-13 08:00:00+00:00,0.0,27.1,0.0,0.0,0.0,0.0
2025-06-13 09:00:00+00:00,0.0,26.95,0.0,0.0,0.0,0.0
2025-06-13 10:00:00+00:00,0.0,26.83,0.0,0.0,0.0,0.0
2025-06-13 11:00:00+00:00,0.0,26.74,0.0,0.0,0.0,0.0
2025-06-13 12:00:00+00:00,0.0,26.67,0.0,0.0,0.0,0.0
2025-06-13 13:00:00+00:00,0.0,26.64,0.0,0.0,0.0,0.0
2025-06-13 14:00:00+00:00,32.38,26.78,1.2486,34.8014,43.4517,130.3551
2025-06-13 15:00:00+00:00,164.1,27.27,6.3596,37.9968,241.6464,724.9392
2025-06-13 16:00:00+00:00,327.67,27.55,12.7197,39.25,499.2472,1497.7416
2025-06-13 17:00:00+00:00,448.8,27.81,17.4322,39.7493,692.9177,2078.753
2025-06-13 18:00:00+00:00,518.7,28.08,20.1521,39.9339,804.7501,2414.2504
2025-06-13 19:00:00+00:00,543.83,28.38,21.13,39.9466,844.0738,2532.2215
2025-06-13 20:00:00+00:00,579.75,28.63,22.5278,39.9958,901.0189,2703.0567
2025-06-13 21:00:00+00:00,529.95,28.81,20.5901,39.8119,819.7332,2459.1997
2025-06-13 22:00:00+00:00,446.75,28.88,17.3528,39.5099,685.6065,2056.8195
2025-06-13 23:00:00+00:00,258.73,28.84,10.0383,38.5289,386.7646,1160.2937
2025-06-14 00:00:00+00:00,111.1,28.68,4.3007,36.9024,158.7069,476.1206
2025-06-14 01:00:00+00:00,11.4,28.25,0.4377,32.2748,14.127,42.3811
2025-06-14 02:00:00+00:00,0.0,27.89,0.0,0.0,0.0,0.0
2025-06-14 03:00:00+00:00,0.0,27.73,0.0,0.0,0.0,0.0
2025-06-14 04:00:00+00:00,0.0,27.58,0.0,0.0,0.0,0.0
2025-06-14 05:00:00+00:00,0.0,27.43,0.0,0.0,0.0,0.0
2025-06-14 06:00:00+00:00,0.0,27.29,0.0,0.0,0.0,0.0
2025-06-14 07:00:00+00:00,0.0,27.17,0.0,0.0,0.0,0.0
2025-06-14 08:00:00+00:00,0.0,27.05,0.0,0.0,0.0,0.0
2025-06-14 09:00:00+00:00,0.0,26.95,0.0,0.0,0.0,0.0
2025-06-14 10:00:00+00:00,0.0,26.86,0.0,0.0,0.0,0.0
2025-06-14 11:00:00+00:00,0.0,26.75,0.0,0.0,0.0,0.0
2025-06-14 12:00:00+00:00,0.0,26.63,0.0,0.0,0.0,0.0
2025-06-14 13:00:00+00:00,0.0,26.5,0.0,0.0,0.0,0.0
2025-06-14 14:00:00+00:00,32.35,26.57,1.2474,34.8484,43.4709,130.4126
2025-06-14 15:00:00+00:00,176.77,27.05,6.852,38.1916,261.6899,785.0696
2025-06-14 16:00:00+00:00,378.52,27.35,14.6977,39.5527,581.335,1744.0051
2025-06-14 17:00:00+00:00,405.73,27.61,15.7564,39.6183,624.2419,1872.7256
2025-06-14 18:00:00+00:00,630.9,27.87,24.5176,40.2912,987.8424,2963.5272
2025-06-14 19:00:00+00:00,657.0,28.09,25.5332,40.3061,1029.1444,3087.4332
2025-06-14 20:00:00+00:00,695.53,28.27,27.0324,40.3532,1090.8435,3272.5304
2025-06-14 21:00:00+00:00,617.85,28.39,24.0102,40.1475,963.9475,2891.8425
2025-06-14 22:00:00+00:00,459.23,28.45,17.8382,39.65,707.287,2121.8611
2025-06-14 23:00:00+00:00,298.12,28.44,11.5703,38.8819,449.8754,1349.6262
2025-06-15 00:00:00+00:00,132.0,28.33,5.1124,37.3279,190.8356,572.5069
2025-06-15 01:00:00+00:00,11.9,27.92,0.457,32.4435,14.8273,44.4819
2025-06-15 02:00:00+00:00,0.0,27.57,0.0,0.0,0.0,0.0
2025-06-15 03:00:00+00:00,0.0,27.45,0.0,0.0,0.0,0.0
2025-06-15 04:00:00+00:00,0.0,27.37,0.0,0.0,0.0,0.0
2025-06-15 05:00:00+00:00,0.0,27.32,0.0,0.0,0.0,0.0
2025-06-15 06:00:00+00:00,0.0,27.25,0.0,0.0,0.0,0.0
2025-06-15 07:00:00+00:00,0.0,27.2,0.0,0.0,0.0,0.0
2025-06-15 08:00:00+00:00,0.0,27.14,0.0,0.0,0.0,0.0
2025-06-15 09:00:00+00:00,0.0,27.06,0.0,0.0,0.0,0.0
2025-06-15 10:00:00+00:00,0.0,27.0,0.0,0.0,0.0,0.0
2025-06-15 11:00:00+00:00,0.0,26.97,0.0,0.0,0.0,0.0
2025-06-15 12:00:00+00:00,0.0,26.95,0.0,0.0,0.0,0.0
2025-06-15 13:00:00+00:00,0.0,26.91,0.0,0.0,0.0,0.0
2025-06-15 14:00:00+00:00,34.35,26.98,1.3248,34.8775,46.2048,138.6144
2025-06-15 15:00:00+00:00,186.0,27.52,7.2107,38.1865,275.3514,826.0541
2025-06-15 16:00:00+00:00,365.42,27.88,14.1882,39.3747,558.6568,1675.9704
2025-06-15 17:00:00+00:00,504.83,28.18,19.6124,39.8675,781.8993,2345.6979
2025-06-15 18:00:00+00:00,631.17,28.52,24.5285,40.1527,984.8861,2954.6583
2025-06-15 19:00:00+00:00,721.95,28.8,28.0607,40.295,1130.7072,3392.1216
2025-06-15 20:00:00+00:00,754.62,28.98,29.3319,40.3207,1182.6833,3548.0499
2025-06-15 21:00:00+00:00,667.08,29.01,25.9261,40.1325,1040.4779,3121.4338
2025-06-15 22:00:00+00:00,528.55,28.91,20.5357,39.7861,817.0349,2451.1048
2025-06-15 23:00:00+00:00,308.77,28.7,11.9846,38.8899,466.078,1398.2341
2025-06-16 00:00:00+00:00,137.0,28.4,5.3066,37.3866,198.3961,595.1883
2025-06-16 01:00:00+00:00,12.0,27.86,0.4609,32.4753,14.9673,44.9018
2025-06-16 02:00:00+00:00,0.0,27.49,0.0,0.0,0.0,0.0
2025-06-16 03:00:00+00:00,0.0,27.3,0.0,0.0,0.0,0.0
2025-06-16 04:00:00+00:00,0.0,27.15,0.0,0.0,0.0,0.0
2025-06-16 05:00:00+00:00,0.0,27.05,0.0,0.0,0.0,0.0
2025-06-16 06:00:00+00:00,0.0,26.98,0.0,0.0,0.0,0.0
2025-06-16 07:00:00+00:00,0.0,26.91,0.0,0.0,0.0,0.0
2025-06-16 08:00:00+00:00,0.0,26.8,0.0,0.0,0.0,0.0
2025-06-16 09:00:00+00:00,0.0,26.66,0.0,0.0,0.0,0.0
2025-06-16 10:00:00+00:00,0.0,26.53,0.0,0.0,0.0,0.0
2025-06-16 11:00:00+00:00,0.0,26.39,0.0,0.0,0.0,0.0
2025-06-16 12:00:00+00:00,0.0,26.26,0.0,0.0,0.0,0.0
2025-06-16 13:00:00+00:00,0.0,26.11,0.0,0.0,0.0,0.0
2025-06-16 14:00:00+00:00,39.85,26.19,1.5378,35.3685,54.3897,163.1691
2025-06-16 15:00:00+00:00,219.5,26.94,8.513,38.6349,328.8972,986.6917
2025-06-16 16:00:00+00:00,423.73,27.37,16.4566,39.7458,654.0824,1962.2473
2025-06-16 17:00:00+00:00,601.17,27.68,23.3607,40.257,940.4304,2821.2912
2025-06-16 18:00:00+00:00,723.78,27.98,28.1312,40.4735,1138.5695,3415.7086
2025-06-16 19:00:00+00:00,793.6,28.24,30.8476,40.5492,1250.8481,3752.5444
2025-06-16 20:00:00+00:00,783.45,28.46,30.453,40.4845,1232.8744,3698.6232
2025-06-16 21:00:00+00:00,706.28,28.61,27.4509,40.3033,1106.3627,3319.0882
2025-06-16 22:00:00+00:00,569.03,28.66,22.1107,39.9596,883.5346,2650.6038
2025-06-16 23:00:00+00:00,377.9,28.59,14.6739,39.28,576.3906,1729.1718
2025-06-17 00:00:00+00:00,168.62,28.36,6.5351,37.8076,247.0779,741.2337
2025-06-17 01:00:00+00:00,15.2,27.8,0.5844,32.9845,19.2746,57.8237
2025-06-17 02:00:00+00:00,0.0,27.26,0.0,0.0,0.0,0.0
2025-06-17 03:00:00+00:00,0.0,26.97,0.0,0.0,0.0,0.0
2025-06-17 04:00:00+00:00,0.0,26.76,0.0,0.0,0.0,0.0
2025-06-17 05:00:00+00:00,0.0,26.63,0.0,0.0,0.0,0.0
2025-06-17 06:00:00+00:00,0.0,26.52,0.0,0.0,0.0,0.0
2025-06-17 07:00:00+00:00,0.0,26.44,0.0,0.0,0.0,0.0
2025-06-17 08:00:00+00:00,0.0,26.31,0.0,0.0,0.0,0.0
2025-06-17 09:00:00+00:00,0.0,26.16,0.0,0.0,0.0,0.0
2025-06-17 10:00:00+00:00,0.0,25.99,0.0,0.0,0.0,0.0
2025-06-17 11:00:00+00:00,0.0,25.81,0.0,0.0,0.0,0.0
2025-06-17 12:00:00+00:00,0.0,25.67,0.0,0.0,0.0,0.0
2025-06-17 13:00:00+00:00,0.0,25.54,0.0,0.0,0.0,0.0
2025-06-17 14:00:00+00:00,42.12,25.63,1.6258,35.6125,57.8982,173.6945
2025-06-17 15:00:00+00:00,224.8,26.15,8.719,38.855,338.7774,1016.3323
2025-06-17 16:00:00+00:00,427.05,26.44,16.5855,39.9609,662.7697,1988.3092
2025-06-17 17:00:00+00:00,608.88,26.78,23.66,40.4699,957.5168,2872.5504
2025-06-17 18:00:00+00:00,731.17,27.18,28.4179,40.6588,1155.4393,3466.3178
2025-06-17 19:00:00+00:00,799.97,27.53,31.0947,40.7112,1265.9024,3797.7071
2025-06-17 20:00:00+00:00,796.42,27.8,30.9569,40.6477,1258.3255,3774.9765
2025-06-17 21:00:00+00:00,727.03,27.98,28.2577,40.48,1143.8709,3431.6126
2025-06-17 22:00:00+00:00,563.5,28.06,21.8952,40.0728,877.4028,2632.2084
2025-06-17 23:00:00+00:00,375.45,28.0,14.5785,39.3968,574.3446,1723.0339
2025-06-18 00:00:00+00:00,169.43,27.8,6.5667,37.9416,249.1513,747.454
2025-06-18 01:00:00+00:00,15.98,27.33,0.6145,33.2005,20.402,61.2061
2025-06-18 02:00:00+00:00,0.0,26.93,0.0,0.0,0.0,0.0
2025-06-18 03:00:00+00:00,0.0,26.74,0.0,0.0,0.0,0.0
2025-06-18 04:00:00+00:00,0.0,26.61,0.0,0.0,0.0,0.0
2025-06-18 05:00:00+00:00,0.0,26.49,0.0,0.0,0.0,0.0
2025-06-18 06:00:00+00:00,0.0,26.4,0.0,0.0,0.0,0.0
2025-06-18 07:00:00+00:00,0.0,26.32,0.0,0.0,0.0,0.0
2025-06-18 08:00:00+00:00,0.0,26.22,0.0,0.0,0.0,0.0
2025-06-18 09:00:00+00:00,0.0,26.13,0.0,0.0,0.0,0.0
2025-06-18 10:00:00+00:00,0.0,26.03,0.0,0.0,0.0,0.0
2025-06-18 11:00:00+00:00,0.0,25.98,0.0,0.0,0.0,0.0
2025-06-18 12:00:00+00:00,0.0,25.95,0.0,0.0,0.0,0.0
2025-06-18 13:00:00+00:00,0.0,25.9,0.0,0.0,0.0,0.0
2025-06-18 14:00:00+00:00,35.75,26.04,1.3791,35.1787,48.5146,145.5437
2025-06-18 15:00:00+00:00,184.48,26.85,7.1517,38.3193,274.0475,822.1425
2025-06-18 16:00:00+00:00,367.62,27.28,14.2737,39.516,564.0394,1692.1181
2025-06-18 17:00:00+00:00,559.95,27.63,21.7568,40.1551,873.6477,2620.9431
2025-06-18 18:00:00+00:00,675.92,27.94,26.2692,40.381,1060.7767,3182.33
2025-06-18 19:00:00+00:00,664.92,28.2,25.8414,40.3007,1041.4289,3124.2868
2025-06-18 20:00:00+00:00,672.38,28.4,26.1318,40.2748,1052.4549,3157.3646
2025-06-18 21:00:00+00:00,647.35,28.53,25.1581,40.1895,1011.089,3033.2671
2025-06-18 22:00:00+00:00,512.55,28.6,19.913,39.8022,792.5802,2377.7407
2025-06-18 23:00:00+00:00,295.42,28.57,11.4653,38.8366,445.2723,1335.817
2025-06-19 00:00:00+00:00,136.73,28.39,5.2961,37.3849,197.9951,593.9852
2025-06-19 01:00:00+00:00,12.77,27.96,0.4906,32.5817,15.9837,47.951
2025-06-19 02:00:00+00:00,0.0,27.55,0.0,0.0,0.0,0.0
2025-06-19 03:00:00+00:00,0.0,27.36,0.0,0.0,0.0,0.0
2025-06-19 04:00:00+00:00,0.0,27.2,0.0,0.0,0.0,0.0
2025-06-19 05:00:00+00:00,0.0,27.07,0.0,0.0,0.0,0.0
2025-06-19 06:00:00+00:00,0.0,26.95,0.0,0.0,0.0,0.0
2025-06-19 07:00:00+00:00,0.0,26.86,0.0,0.0,0.0,0.0
2025-06-19 08:00:00+00:00,0.0,26.77,0.0,0.0,0.0,0.0
2025-06-19 09:00:00+00:00,0.0,26.68,0.0,0.0,0.0,0.0
2025-06-19 10:00:00+00:00,0.0,26.6,0.0,0.0,0.0,0.0
2025-06-19 11:00:00+00:00,0.0,26.5,0.0,0.0,0.0,0.0
2025-06-19 12:00:00+00:00,0.0,26.41,0.0,0.0,0.0,0.0
2025-06-19 13:00:00+00:00,0.0,26.32,0.0,0.0,0.0,0.0
2025-06-19 14:00:00+00:00,35.55,26.43,1.3713,35.0765,48.1003,144.3008
2025-06-19 15:00:00+00:00,195.4,27.09,7.5761,38.3777,290.7532,872.2595
2025-06-19 16:00:00+00:00,391.58,27.5,15.2059,39.5799,601.8473,1805.5418
2025-06-19 17:00:00+00:00,577.85,27.85,22.4534,40.1581,901.6868,2705.0605
2025-06-19 18:00:00+00:00,711.62,28.2,27.6584,40.4018,1117.4479,3352.3438
2025-06-19 19:00:00+00:00,748.5,28.55,29.0935,40.4006,1175.392,3526.1761
2025-06-19 20:00:00+00:00,712.22,28.81,27.6822,40.273,1114.8438,3344.5315
2025-06-19 21:00:00+00:00,655.03,28.92,25.4571,40.1241,1021.444,3064.3319
2025-06-19 22:00:00+00:00,534.15,28.87,20.7536,39.8119,826.2411,2478.7232
2025-06-19 23:00:00+00:00,339.0,28.7,13.1605,39.0608,514.0603,1542.181
2025-06-20 00:00:00+00:00,154.4,28.42,5.9826,37.6201,225.0654,675.1962
2025-06-20 01:00:00+00:00,14.07,28.01,0.5407,32.7729,17.721,53.1631
2025-06-20 02:00:00+00:00,0.0,27.61,0.0,0.0,0.0,0.0
2025-06-20 03:00:00+00:00,0.0,27.38,0.0,0.0,0.0,0.0
2025-06-20 04:00:00+00:00,0.0,27.2,0.0,0.0,0.0,0.0
2025-06-20 05:00:00+00:00,0.0,27.05,0.0,0.0,0.0,0.0
2025-06-20 06:00:00+00:00,0.0,26.9,0.0,0.0,0.0,0.0
2025-06-20 07:00:00+00:00,0.0,26.74,0.0,0.0,0.0,0.0
2025-06-20 08:00:00+00:00,0.0,26.57,0.0,0.0,0.0,0.0
2025-06-20 09:00:00+00:00,0.0,26.43,0.0,0.0,0.0,0.0
2025-06-20 10:00:00+00:00,0.0,26.33,0.0,0.0,0.0,0.0
2025-06-20 11:00:00+00:00,0.0,26.27,0.0,0.0,0.0,0.0
2025-06-20 12:00:00+00:00,0.0,26.28,0.0,0.0,0.0,0.0
2025-06-20 13:00:00+00:00,0.0,26.29,0.0,0.0,0.0,0.0
2025-06-20 14:00:00+00:00,17.88,26.41,0.688,33.6525,23.152,69.4561
2025-06-20 15:00:00+00:00,106.1,26.66,4.107,37.2646,153.0441,459.1324
2025-06-20 16:00:00+00:00,217.93,26.97,8.4519,38.6145,326.3668,979.1005
2025-06-20 17:00:00+00:00,322.02,27.28,12.4998,39.2774,490.9612,1472.8837
2025-06-20 18:00:00+00:00,417.9,27.61,16.2299,39.6697,643.836,1931.508
2025-06-20 19:00:00+00:00,441.83,27.93,17.1611,39.6965,681.234,2043.7021
2025-06-20 20:00:00+00:00,381.02,28.21,14.7952,39.3773,582.5947,1747.7841
2025-06-20 21:00:00+00:00,380.85,28.38,14.7886,39.3395,581.7771,1745.3314
2025-06-20 22:00:00+00:00,275.88,28.4,10.7053,38.7463,414.7905,1244.3715
2025-06-20 23:00:00+00:00,163.68,28.29,6.3432,37.7645,239.5476,718.6428
2025-06-21 00:00:00+00:00,66.57,28.0,2.5729,36.011,92.6539,277.9617
2025-06-21 01:00:00+00:00,8.62,27.5,0.3306,31.8688,10.5368,31.6103
2025-06-21 02:00:00+00:00,0.0,27.15,0.0,0.0,0.0,0.0
2025-06-21 03:00:00+00:00,0.0,26.92,0.0,0.0,0.0,0.0
2025-06-21 04:00:00+00:00,0.0,26.74,0.0,0.0,0.0,0.0
2025-06-21 05:00:00+00:00,0.0,26.6,0.0,0.0,0.0,0.0
2025-06-21 06:00:00+00:00,0.0,26.51,0.0,0.0,0.0,0.0
2025-06-21 07:00:00+00:00,0.0,26.44,0.0,0.0,0.0,0.0
2025-06-21 08:00:00+00:00,0.0,26.34,0.0,0.0,0.0,0.0
2025-06-21 09:00:00+00:00,0.0,26.21,0.0,0.0,0.0,0.0
2025-06-21 10:00:00+00:00,0.0,26.07,0.0,0.0,0.0,0.0
2025-06-21 11:00:00+00:00,0.0,25.95,0.0,0.0,0.0,0.0
2025-06-21 12:00:00+00:00,0.0,25.89,0.0,0.0,0.0,0.0
2025-06-21 13:00:00+00:00,0.0,25.82,0.0,0.0,0.0,0.0
2025-06-21 14:00:00+00:00,37.0,25.95,1.4275,35.2707,50.3486,151.0457
2025-06-21 15:00:00+00:00,200.27,26.68,7.7654,38.5162,299.0944,897.2831
2025-06-21 16:00:00+00:00,382.52,27.07,14.8533,39.6321,588.6677,1766.0032
2025-06-21 17:00:00+00:00,584.4,27.43,22.708,40.2661,914.3637,2743.091
2025-06-21 18:00:00+00:00,708.3,27.79,27.5288,40.4824,1114.434,3343.302
2025-06-21 19:00:00+00:00,723.95,28.09,28.138,40.4504,1138.1909,3414.5728
2025-06-21 20:00:00+00:00,673.2,28.26,26.1636,40.3066,1054.5662,3163.6985
2025-06-21 21:00:00+00:00,547.95,28.31,21.2903,39.9739,851.0575,2553.1726
2025-06-21 22:00:00+00:00,410.12,28.22,15.9274,39.5047,629.206,1887.6181
2025-06-21 23:00:00+00:00,257.33,28.0,9.9839,38.7034,386.41,1159.2299
2025-06-22 00:00:00+00:00,106.18,27.56,4.1099,37.0632,152.3265,456.9795
2025-06-22 01:00:00+00:00,12.02,26.94,0.4617,32.6981,15.0978,45.2934
2025-06-22 02:00:00+00:00,0.0,26.49,0.0,0.0,0.0,0.0
2025-06-22 03:00:00+00:00,0.0,26.29,0.0,0.0,0.0,0.0
2025-06-22 04:00:00+00:00,0.0,26.16,0.0,0.0,0.0,0.0
2025-06-22 05:00:00+00:00,0.0,26.08,0.0,0.0,0.0,0.0
2025-06-22 06:00:00+00:00,0.0,26.06,0.0,0.0,0.0,0.0
2025-06-22 07:00:00+00:00,0.0,26.06,0.0,0.0,0.0,0.0
2025-06-22 08:00:00+00:00,0.0,26.05,0.0,0.0,0.0,0.0
2025-06-22 09:00:00+00:00,0.0,25.99,0.0,0.0,0.0,0.0
2025-06-22 10:00:00+00:00,0.0,25.88,0.0,0.0,0.0,0.0
2025-06-22 11:00:00+00:00,0.0,25.73,0.0,0.0,0.0,0.0
2025-06-22 12:00:00+00:00,0.0,25.65,0.0,0.0,0.0,0.0
2025-06-22 13:00:00+00:00,0.0,25.65,0.0,0.0,0.0,0.0
2025-06-22 14:00:00+00:00,27.92,25.82,1.0761,34.7178,37.3609,112.0827
2025-06-22 15:00:00+00:00,164.85,26.59,6.3889,38.1573,243.7817,731.3452
2025-06-22 16:00:00+00:00,323.92,27.1,12.5737,39.3274,494.4924,1483.4771
2025-06-22 17:00:00+00:00,532.28,27.46,20.6801,40.1097,829.4744,2488.4233
2025-06-22 18:00:00+00:00,632.47,27.83,24.5786,40.3036,990.607,2971.8209
2025-06-22 19:00:00+00:00,689.0,28.13,26.7783,40.369,1081.0121,3243.0363
2025-06-22 20:00:00+00:00,636.72,28.23,24.7443,40.2283,995.4189,2986.2566
2025-06-22 21:00:00+00:00,463.65,28.23,18.0101,39.7139,715.2531,2145.7592
2025-06-22 22:00:00+00:00,340.83,28.15,13.2317,39.1905,518.5557,1555.6671
2025-06-22 23:00:00+00:00,221.68,27.95,8.5977,38.4306,330.414,991.2419
2025-06-23 00:00:00+00:00,99.22,27.64,3.8397,36.9079,141.7164,425.1491
2025-06-23 01:00:00+00:00,13.3,27.19,0.5111,32.85,16.7893,50.3679
2025-06-23 02:00:00+00:00,0.0,26.81,0.0,0.0,0.0,0.0
2025-06-23 03:00:00+00:00,0.0,26.69,0.0,0.0,0.0,0.0
2025-06-23 04:00:00+00:00,0.0,26.68,0.0,0.0,0.0,0.0
2025-06-23 05:00:00+00:00,0.0,26.65,0.0,0.0,0.0,0.0
2025-06-23 06:00:00+00:00,0.0,26.56,0.0,0.0,0.0,0.0
2025-06-23 07:00:00+00:00,0.0,26.43,0.0,0.0,0.0,0.0
2025-06-23 08:00:00+00:00,0.0,26.33,0.0,0.0,0.0,0.0
2025-06-23 09:00:00+00:00,0.0,26.21,0.0,0.0,0.0,0.0
2025-06-23 10:00:00+00:00,0.0,26.12,0.0,0.0,0.0,0.0
2025-06-23 11:00:00+00:00,0.0,26.07,0.0,0.0,0.0,0.0
2025-06-23 12:00:00+00:00,0.0,26.01,0.0,0.0,0.0,0.0
2025-06-23 13:00:00+00:00,0.0,25.94,0.0,0.0,0.0,0.0
2025-06-23 14:00:00+00:00,30.08,26.0,1.1597,34.8303,40.3916,121.1748
2025-06-23 15:00:00+00:00,171.85,26.42,6.6609,38.2766,254.956,764.868
2025-06-23 16:00:00+00:00,339.33,26.62,13.173,39.5165,520.5523,1561.6568
2025-06-23 17:00:00+00:00,540.62,26.79,21.0042,40.2792,846.0331,2538.0993
2025-06-23 18:00:00+00:00,652.35,26.99,25.3514,40.5307,1027.5089,3082.5266
2025-06-23 19:00:00+00:00,600.17,27.17,23.3214,40.3638,941.34,2824.02
2025-06-23 20:00:00+00:00,657.72,27.24,25.5605,40.4896,1034.9352,3104.8055
2025-06-23 21:00:00+00:00,575.58,27.27,22.3647,40.2764,900.771,2702.313
2025-06-23 22:00:00+00:00,366.9,27.27,14.2457,39.5147,562.9137,1688.7412
2025-06-23 23:00:00+00:00,236.05,27.28,9.1564,38.6985,354.3394,1063.0182
2025-06-24 00:00:00+00:00,104.78,27.22,4.0556,37.1131,150.5166,451.5497
2025-06-24 01:00:00+00:00,10.95,26.97,0.4205,32.4962,13.6636,40.9908
2025-06-24 02:00:00+00:00,0.0,26.75,0.0,0.0,0.0,0.0
2025-06-24 03:00:00+00:00,0.0,26.68,0.0,0.0,0.0,0.0
2025-06-24 04:00:00+00:00,0.0,26.59,0.0,0.0,0.0,0.0
2025-06-24 05:00:00+00:00,0.0,26.49,0.0,0.0,0.0,0.0
2025-06-24 06:00:00+00:00,0.0,26.37,0.0,0.0,0.0,0.0
2025-06-24 07:00:00+00:00,0.0,26.26,0.0,0.0,0.0,0.0
2025-06-24 08:00:00+00:00,0.0,26.18,0.0,0.0,0.0,0.0
2025-06-24 09:00:00+00:00,0.0,26.11,0.0,0.0,0.0,0.0
2025-06-24 10:00:00+00:00,0.0,26.09,0.0,0.0,0.0,0.0
2025-06-24 11:00:00+00:00,0.0,26.02,0.0,0.0,0.0,0.0
2025-06-24 12:00:00+00:00,0.0,25.97,0.0,0.0,0.0,0.0
2025-06-24 13:00:00+00:00,0.0,25.92,0.0,0.0,0.0,0.0
2025-06-24 14:00:00+00:00,16.98,26.01,0.6533,33.6396,21.9752,65.9255
2025-06-24 15:00:00+00:00,104.68,26.59,4.0518,37.2533,150.9443,452.833
2025-06-24 16:00:00+00:00,204.05,26.99,7.9123,38.4836,304.4952,913.4855
2025-06-24 17:00:00+00:00,352.55,27.35,13.6875,39.4259,539.6408,1618.9225
2025-06-24 18:00:00+00:00,387.25,27.68,15.0375,39.5212,594.2986,1782.8958
2025-06-24 19:00:00+00:00,383.02,27.9,14.8729,39.454,586.7966,1760.3899
2025-06-24 20:00:00+00:00,421.42,28.06,16.367,39.5867,647.9153,1943.746
2025-06-24 21:00:00+00:00,367.95,28.14,14.2867,39.3304,561.9015,1685.7045
2025-06-24 22:00:00+00:00,376.85,28.08,14.6329,39.386,576.3332,1728.9996
2025-06-24 23:00:00+00:00,235.23,27.92,9.1245,38.5507,351.7565,1055.2694
2025-06-25 00:00:00+00:00,91.2,27.64,3.5285,36.7368,129.6244,388.8733
2025-06-25 01:00:00+00:00,10.98,27.17,0.4216,32.4541,13.6829,41.0487
2025-06-25 02:00:00+00:00,0.0,26.74,0.0,0.0,0.0,0.0
2025-06-25 03:00:00+00:00,0.0,26.52,0.0,0.0,0.0,0.0
2025-06-25 04:00:00+00:00,0.0,26.4,0.0,0.0,0.0,0.0
2025-06-25 05:00:00+00:00,0.0,26.34,0.0,0.0,0.0,0.0
2025-06-25 06:00:00+00:00,0.0,26.3,0.0,0.0,0.0,0.0
2025-06-25 07:00:00+00:00,0.0,26.25,0.0,0.0,0.0,0.0
2025-06-25 08:00:00+00:00,0.0,26.2,0.0,0.0,0.0,0.0
2025-06-25 09:00:00+00:00,0.0,26.14,0.0,0.0,0.0,0.0
2025-06-25 10:00:00+00:00,0.0,26.11,0.0,0.0,0.0,0.0
2025-06-25 11:00:00+00:00,0.0,26.12,0.0,0.0,0.0,0.0
2025-06-25 12:00:00+00:00,0.0,26.12,0.0,0.0,0.0,0.0
2025-06-25 13:00:00+00:00,0.0,26.13,0.0,0.0,0.0,0.0
2025-06-25 14:00:00+00:00,29.05,26.32,1.1198,34.6833,38.8377,116.5132
2025-06-25 15:00:00+00:00,155.88,26.97,6.0403,37.9625,229.3046,687.9138
2025-06-25 16:00:00+00:00,326.0,27.43,12.6547,39.267,496.911,1490.7329
2025-06-25 17:00:00+00:00,493.02,27.79,19.1527,39.9123,764.4294,2293.2883
2025-06-25 18:00:00+00:00,648.75,28.13,25.2123,40.2783,1015.5075,3046.5224
2025-06-25 19:00:00+00:00,691.03,28.35,26.8574,40.3264,1083.0635,3249.1906
2025-06-25 20:00:00+00:00,606.3,28.51,23.5608,40.0923,944.6079,2833.8236
2025-06-25 21:00:00+00:00,462.25,28.58,17.9558,39.6331,711.6436,2134.9307
2025-06-25 22:00:00+00:00,315.58,28.54,12.2495,38.965,477.3,1431.9001
2025-06-25 23:00:00+00:00,198.1,28.45,7.6809,38.1028,292.6652,877.9955
2025-06-26 00:00:00+00:00,65.57,28.3,2.5341,35.9113,91.0031,273.0092
2025-06-26 01:00:00+00:00,11.85,27.93,0.4551,32.4323,14.7596,44.2789
2025-06-26 02:00:00+00:00,0.0,27.63,0.0,0.0,0.0,0.0
2025-06-26 03:00:00+00:00,0.0,27.51,0.0,0.0,0.0,0.0
2025-06-26 04:00:00+00:00,0.0,27.44,0.0,0.0,0.0,0.0
2025-06-26 05:00:00+00:00,0.0,27.37,0.0,0.0,0.0,0.0
2025-06-26 06:00:00+00:00,0.0,27.26,0.0,0.0,0.0,0.0
2025-06-26 07:00:00+00:00,0.0,27.14,0.0,0.0,0.0,0.0
2025-06-26 08:00:00+00:00,0.0,27.0,0.0,0.0,0.0,0.0
2025-06-26 09:00:00+00:00,0.0,26.87,0.0,0.0,0.0,0.0
2025-06-26 10:00:00+00:00,0.0,26.73,0.0,0.0,0.0,0.0
2025-06-26 11:00:00+00:00,0.0,26.58,0.0,0.0,0.0,0.0
2025-06-26 12:00:00+00:00,0.0,26.48,0.0,0.0,0.0,0.0
2025-06-26 13:00:00+00:00,0.0,26.41,0.0,0.0,0.0,0.0
2025-06-26 14:00:00+00:00,36.3,26.58,1.4003,35.085,49.1297,147.389
2025-06-26 15:00:00+00:00,213.5,27.22,8.2797,38.5198,318.9322,956.7966
2025-06-26 16:00:00+00:00,425.73,27.62,16.5345,39.6997,656.4169,1969.2508
2025-06-26 17:00:00+00:00,603.9,27.99,23.4671,40.1976,943.3213,2829.9638
2025-06-26 18:00:00+00:00,722.28,28.35,28.0732,40.3916,1133.9214,3401.7643
2025-06-26 19:00:00+00:00,764.5,28.61,29.716,40.418,1201.0598,3603.1793
2025-06-26 20:00:00+00:00,727.28,28.78,28.2681,40.31,1139.4863,3418.4589
2025-06-26 21:00:00+00:00,651.65,28.84,25.3256,40.1333,1016.3984,3049.1951
2025-06-26 22:00:00+00:00,475.95,28.83,18.4889,39.6286,732.6912,2198.0735
2025-06-26 23:00:00+00:00,310.17,28.78,12.039,38.8807,468.0857,1404.2571
2025-06-27 00:00:00+00:00,142.23,28.66,5.5097,37.4032,206.0816,618.2447
2025-06-27 01:00:00+00:00,15.18,28.28,0.5835,32.868,19.1795,57.5385
2025-06-27 02:00:00+00:00,0.0,27.91,0.0,0.0,0.0,0.0
2025-06-27 03:00:00+00:00,0.0,27.73,0.0,0.0,0.0,0.0
2025-06-27 04:00:00+00:00,0.0,27.55,0.0,0.0,0.0,0.0
2025-06-27 05:00:00+00:00,0.0,27.38,0.0,0.0,0.0,0.0
2025-06-27 06:00:00+00:00,0.0,27.18,0.0,0.0,0.0,0.0
2025-06-27 07:00:00+00:00,0.0,26.87,0.0,0.0,0.0,0.0
2025-06-27 08:00:00+00:00,0.0,26.51,0.0,0.0,0.0,0.0
2025-06-27 09:00:00+00:00,0.0,26.21,0.0,0.0,0.0,0.0
2025-06-27 10:00:00+00:00,0.0,26.0,0.0,0.0,0.0,0.0
2025-06-27 11:00:00+00:00,0.0,25.89,0.0,0.0,0.0,0.0
2025-06-27 12:00:00+00:00,0.0,25.87,0.0,0.0,0.0,0.0
2025-06-27 13:00:00+00:00,0.0,25.88,0.0,0.0,0.0,0.0
2025-06-27 14:00:00+00:00,29.7,26.09,1.145,34.7829,39.8249,119.4748
2025-06-27 15:00:00+00:00,167.15,26.73,6.4782,38.1533,247.1654,741.4962
2025-06-27 16:00:00+00:00,344.73,27.14,13.3832,39.4314,527.719,1583.1571
2025-06-27 17:00:00+00:00,482.92,27.53,18.7596,39.9338,749.144,2247.4319
2025-06-27 18:00:00+00:00,591.88,27.94,22.9994,40.1767,924.0402,2772.1207
2025-06-27 19:00:00+00:00,631.35,28.26,24.5353,40.2088,986.5369,2959.6108
2025-06-27 20:00:00+00:00,620.03,28.47,24.095,40.1358,967.074,2901.2219
2025-06-27 21:00:00+00:00,621.7,28.62,24.1601,40.1079,969.0104,2907.0313
2025-06-27 22:00:00+00:00,498.73,28.7,19.3753,39.7352,769.8806,2309.6418
2025-06-27 23:00:00+00:00,320.12,28.68,12.4261,38.9606,484.1271,1452.3812
2025-06-28 00:00:00+00:00,140.38,28.51,5.4379,37.4106,203.4349,610.3047
2025-06-28 01:00:00+00:00,15.0,28.06,0.5766,32.8951,18.9676,56.9027
2025-06-28 02:00:00+00:00,0.0,27.62,0.0,0.0,0.0,0.0
2025-06-28 03:00:00+00:00,0.0,27.38,0.0,0.0,0.0,0.0
2025-06-28 04:00:00+00:00,0.0,27.19,0.0,0.0,0.0,0.0
2025-06-28 05:00:00+00:00,0.0,27.04,0.0,0.0,0.0,0.0
2025-06-28 06:00:00+00:00,0.0,26.89,0.0,0.0,0.0,0.0
2025-06-28 07:00:00+00:00,0.0,26.7,0.0,0.0,0.0,0.0
2025-06-28 08:00:00+00:00,0.0,26.44,0.0,0.0,0.0,0.0
2025-06-28 09:00:00+00:00,0.0,26.17,0.0,0.0,0.0,0.0
2025-06-28 10:00:00+00:00,0.0,25.92,0.0,0.0,0.0,0.0
2025-06-28 11:00:00+00:00,0.0,25.75,0.0,0.0,0.0,0.0
2025-06-28 12:00:00+00:00,0.0,25.66,0.0,0.0,0.0,0.0
2025-06-28 13:00:00+00:00,0.0,25.62,0.0,0.0,0.0,0.0
2025-06-28 14:00:00+00:00,33.28,25.82,1.2835,35.0817,45.0279,135.0836
2025-06-28 15:00:00+00:00,193.27,26.49,7.4933,38.4895,288.4154,865.2462
2025-06-28 16:00:00+00:00,387.3,26.9,15.0392,39.691,596.9208,1790.7625
2025-06-28 17:00:00+00:00,558.75,27.27,21.7099,40.229,873.3694,2620.1081
2025-06-28 18:00:00+00:00,667.42,27.63,25.9382,40.4283,1048.638,3145.9139
2025-06-28 19:00:00+00:00,691.72,27.94,26.8839,40.4155,1086.5258,3259.5774
2025-06-28 20:00:00+00:00,687.62,28.2,26.7246,40.3511,1078.3677,3235.1032
2025-06-28 21:00:00+00:00,613.58,28.41,23.844,40.1324,956.918,2870.7541
2025-06-28 22:00:00+00:00,497.45,28.56,19.3254,39.7611,768.4001,2305.2002
2025-06-28 23:00:00+00:00,334.0,28.61,12.966,39.0534,506.3668,1519.1003
2025-06-29 00:00:00+00:00,153.27,28.47,5.9387,37.5944,223.2606,669.7819
2025-06-29 01:00:00+00:00,16.62,28.01,0.6391,33.1217,21.1697,63.5091
2025-06-29 02:00:00+00:00,0.0,27.52,0.0,0.0,0.0,0.0
2025-06-29 03:00:00+00:00,0.0,27.27,0.0,0.0,0.0,0.0
2025-06-29 04:00:00+00:00,0.0,27.1,0.0,0.0,0.0,0.0
2025-06-29 05:00:00+00:00,0.0,26.93,0.0,0.0,0.0,0.0
2025-06-29 06:00:00+00:00,0.0,26.79,0.0,0.0,0.0,0.0
2025-06-29 07:00:00+00:00,0.0,26.63,0.0,0.0,0.0,0.0
2025-06-29 08:00:00+00:00,0.0,26.43,0.0,0.0,0.0,0.0
2025-06-29 09:00:00+00:00,0.0,26.17,0.0,0.0,0.0,0.0
2025-06-29 10:00:00+00:00,0.0,25.9,0.0,0.0,0.0,0.0
2025-06-29 11:00:00+00:00,0.0,25.7,0.0,0.0,0.0,0.0
2025-06-29 12:00:00+00:00,0.0,25.59,0.0,0.0,0.0,0.0
2025-06-29 13:00:00+00:00,0.0,25.51,0.0,0.0,0.0,0.0
2025-06-29 14:00:00+00:00,27.27,25.63,1.051,34.7134,36.4842,109.4526
2025-06-29 15:00:00+00:00,164.55,26.32,6.3772,38.2139,243.6988,731.0963
2025-06-29 16:00:00+00:00,332.98,26.79,12.9261,39.4452,509.8722,1529.6167
2025-06-29 17:00:00+00:00,467.02,27.2,18.1409,39.9488,724.7058,2174.1174
2025-06-29 18:00:00+00:00,532.2,27.57,20.6771,40.0858,828.8573,2486.5718
2025-06-29 19:00:00+00:00,650.47,27.86,25.279,40.3401,1019.7569,3059.2708
2025-06-29 20:00:00+00:00,725.45,28.06,28.1963,40.4598,1140.8156,3422.4467
2025-06-29 21:00:00+00:00,675.53,28.19,26.2542,40.3267,1058.7468,3176.2405
2025-06-29 22:00:00+00:00,551.08,28.26,21.4121,39.9939,856.3525,2569.0575
2025-06-29 23:00:00+00:00,342.0,28.23,13.2772,39.1793,520.1905,1560.5715
2025-06-30 00:00:00+00:00,157.5,28.04,6.1031,37.7442,230.3565,691.0695
2025-06-30 01:00:00+00:00,16.23,27.58,0.6241,33.1738,20.705,62.1149
2025-06-30 02:00:00+00:00,0.0,27.13,0.0,0.0,0.0,0.0
2025-06-30 03:00:00+00:00,0.0,26.91,0.0,0.0,0.0,0.0
2025-06-30 04:00:00+00:00,0.0,26.77,0.0,0.0,0.0,0.0
2025-06-30 05:00:00+00:00,0.0,26.64,0.0,0.0,0.0,0.0
2025-06-30 06:00:00+00:00,0.0,26.51,0.0,0.0,0.0,0.0
2025-06-30 07:00:00+00:00,0.0,26.39,0.0,0.0,0.0,0.0
2025-06-30 08:00:00+00:00,0.0,26.27,0.0,0.0,0.0,0.0
2025-06-30 09:00:00+00:00,0.0,26.09,0.0,0.0,0.0,0.0
2025-06-30 10:00:00+00:00,0.0,25.87,0.0,0.0,0.0,0.0
2025-06-30 11:00:00+00:00,0.0,25.65,0.0,0.0,0.0,0.0
2025-06-30 12:00:00+00:00,0.0,25.49,0.0,0.0,0.0,0.0
2025-06-30 13:00:00+00:00,0.0,25.41,0.0,0.0,0.0,0.0
2025-06-30 14:00:00+00:00,31.5,25.6,1.2147,35.0191,42.5363,127.609
2025-06-30 15:00:00+00:00,187.45,26.32,7.2671,38.468,279.5529,838.6587
2025-06-30 16:00:00+00:00,377.85,26.81,14.6715,39.667,581.9762,1745.9285
2025-06-30 17:00:00+00:00,512.03,27.23,19.8921,40.0957,797.5893,2392.7679
2025-06-30 18:00:00+00:00,620.85,27.62,24.1264,40.32,972.7742,2918.3225
2025-06-30 19:00:00+00:00,666.1,27.97,25.8872,40.3526,1044.6141,3133.8422
2025-06-30 20:00:00+00:00,690.17,28.24,26.8239,40.3481,1082.291,3246.8729
2025-06-30 21:00:00+00:00,617.85,28.43,24.0102,40.1389,963.7428,2891.2283
2025-06-30 22:00:00+00:00,424.77,28.5,16.4974,39.5051,651.7331,1955.1992
2025-06-30 23:00:00+00:00,279.92,28.48,10.8624,38.756,420.9833,1262.9498
2025-07-01 00:00:00+00:00,129.25,28.31,5.0056,37.2902,186.6601,559.9803
2025-07-01 01:00:00+00:00,14.85,27.89,0.5708,32.9144,18.7887,56.366
2025-07-01 02:00:00+00:00,0.0,27.44,0.0,0.0,0.0,0.0
2025-07-01 03:00:00+00:00,0.0,27.19,0.0,0.0,0.0,0.0
2025-07-01 04:00:00+00:00,0.0,26.96,0.0,0.0,0.0,0.0
2025-07-01 05:00:00+00:00,0.0,26.76,0.0,0.0,0.0,0.0
2025-07-01 06:00:00+00:00,0.0,26.59,0.0,0.0,0.0,0.0
2025-07-01 07:00:00+00:00,0.0,26.45,0.0,0.0,0.0,0.0
