datetime_local,ALLSKY_SFC_SW_DWN,T2M
2025-01-01 08:00:00+00:00,0.0,27.36
2025-01-01 09:00:00+00:00,0.0,27.26
2025-01-01 10:00:00+00:00,0.0,27.19
2025-01-01 11:00:00+00:00,0.0,27.14
2025-01-01 12:00:00+00:00,0.0,27.13
2025-01-01 13:00:00+00:00,3.67,27.12
2025-01-01 14:00:00+00:00,73.8,27.36
2025-01-01 15:00:00+00:00,226.57,27.58
2025-01-01 16:00:00+00:00,301.73,27.71
2025-01-01 17:00:00+00:00,391.4,27.82
2025-01-01 18:00:00+00:00,470.1,27.9
2025-01-01 19:00:00+00:00,400.27,27.97
2025-01-01 20:00:00+00:00,286.35,28.01
2025-01-01 21:00:00+00:00,195.52,27.97
2025-01-01 22:00:00+00:00,115.12,27.92
2025-01-01 23:00:00+00:00,78.32,27.84
2025-01-02 00:00:00+00:00,47.38,27.73
2025-01-02 01:00:00+00:00,16.12,27.56
2025-01-02 02:00:00+00:00,0.0,27.32
2025-01-02 03:00:00+00:00,0.0,27.24
2025-01-02 04:00:00+00:00,0.0,27.2
2025-01-02 05:00:00+00:00,0.0,27.16
2025-01-02 06:00:00+00:00,0.0,27.11
2025-01-02 07:00:00+00:00,0.0,27.0
2025-01-02 08:00:00+00:00,0.0,26.88
2025-01-02 09:00:00+00:00,0.0,26.81
2025-01-02 10:00:00+00:00,0.0,26.76
2025-01-02 11:00:00+00:00,0.0,26.77
2025-01-02 12:00:00+00:00,0.0,26.81
2025-01-02 13:00:00+00:00,2.75,26.88
2025-01-02 14:00:00+00:00,56.7,27.17
2025-01-02 15:00:00+00:00,166.57,27.46
2025-01-02 16:00:00+00:00,280.8,27.59
2025-01-02 17:00:00+00:00,341.4,27.78
2025-01-02 18:00:00+00:00,393.33,27.89
2025-01-02 19:00:00+00:00,577.0,27.98
2025-01-02 20:00:00+00:00,486.17,28.05
2025-01-02 21:00:00+00:00,452.38,28.08
2025-01-02 22:00:00+00:00,427.88,28.08
2025-01-02 23:00:00+00:00,348.15,28.03
2025-01-03 00:00:00+00:00,191.05,27.84
2025-01-03 01:00:00+00:00,50.25,27.6
2025-01-03 02:00:00+00:00,0.0,27.4
2025-01-03 03:00:00+00:00,0.0,27.3
2025-01-03 04:00:00+00:00,0.0,27.24
2025-01-03 05:00:00+00:00,0.0,27.19
2025-01-03 06:00:00+00:00,0.0,27.09
2025-01-03 07:00:00+00:00,0.0,26.96
2025-01-03 08:00:00+00:00,0.0,26.86
2025-01-03 09:00:00+00:00,0.0,26.79
2025-01-03 10:00:00+00:00,0.0,26.75
2025-01-03 11:00:00+00:00,0.0,26.76
2025-01-03 12:00:00+00:00,0.0,26.76
2025-01-03 13:00:00+00:00,2.5,26.77
2025-01-03 14:00:00+00:00,76.0,26.92
2025-01-03 15:00:00+00:00,207.98,27.1
2025-01-03 16:00:00+00:00,343.7,27.23
2025-01-03 17:00:00+00:00,439.35,27.5
2025-01-03 18:00:00+00:00,623.22,27.79
2025-01-03 19:00:00+00:00,709.45,27.99
2025-01-03 20:00:00+00:00,720.97,28.09
2025-01-03 21:00:00+00:00,692.9,28.06
2025-01-03 22:00:00+00:00,503.0,27.91
2025-01-03 23:00:00+00:00,313.73,27.68
2025-01-04 00:00:00+00:00,168.0,27.38
2025-01-04 01:00:00+00:00,44.22,27.09
2025-01-04 02:00:00+00:00,0.0,26.84
2025-01-04 03:00:00+00:00,0.0,26.7
2025-01-04 04:00:00+00:00,0.0,26.64
2025-01-04 05:00:00+00:00,0.0,26.6
2025-01-04 06:00:00+00:00,0.0,26.54
2025-01-04 07:00:00+00:00,0.0,26.47
2025-01-04 08:00:00+00:00,0.0,26.33
2025-01-04 09:00:00+00:00,0.0,26.21
2025-01-04 10:00:00+00:00,0.0,26.14
2025-01-04 11:00:00+00:00,0.0,26.09
2025-01-04 12:00:00+00:00,0.0,26.1
2025-01-04 13:00:00+00:00,2.92,26.11
2025-01-04 14:00:00+00:00,50.47,26.29
2025-01-04 15:00:00+00:00,171.98,26.52
2025-01-04 16:00:00+00:00,338.2,26.68
2025-01-04 17:00:00+00:00,582.55,26.86
2025-01-04 18:00:00+00:00,731.35,27.01
2025-01-04 19:00:00+00:00,686.97,27.07
2025-01-04 20:00:00+00:00,687.7,27.1
2025-01-04 21:00:00+00:00,635.7,27.11
2025-01-04 22:00:00+00:00,483.75,27.1
2025-01-04 23:00:00+00:00,311.17,27.19
2025-01-05 00:00:00+00:00,172.45,27.33
2025-01-05 01:00:00+00:00,47.95,27.43
2025-01-05 02:00:00+00:00,0.0,27.32
2025-01-05 03:00:00+00:00,0.0,27.29
2025-01-05 04:00:00+00:00,0.0,27.26
2025-01-05 05:00:00+00:00,0.0,27.16
2025-01-05 06:00:00+00:00,0.0,27.01
2025-01-05 07:00:00+00:00,0.0,26.83
2025-01-05 08:00:00+00:00,0.0,26.64
2025-01-05 09:00:00+00:00,0.0,26.49
2025-01-05 10:00:00+00:00,0.0,26.43
2025-01-05 11:00:00+00:00,0.0,26.42
2025-01-05 12:00:00+00:00,0.0,26.45
2025-01-05 13:00:00+00:00,3.28,26.51
2025-01-05 14:00:00+00:00,100.93,26.71
2025-01-05 15:00:00+00:00,301.45,26.98
2025-01-05 16:00:00+00:00,519.05,27.17
2025-01-05 17:00:00+00:00,689.42,27.35
2025-01-05 18:00:00+00:00,797.72,27.55
2025-01-05 19:00:00+00:00,859.6,27.81
2025-01-05 20:00:00+00:00,845.2,28.0
2025-01-05 21:00:00+00:00,745.45,28.08
2025-01-05 22:00:00+00:00,609.78,28.07
2025-01-05 23:00:00+00:00,434.7,27.98
2025-01-06 00:00:00+00:00,239.9,27.83
2025-01-06 01:00:00+00:00,66.47,27.59
2025-01-06 02:00:00+00:00,0.0,27.28
2025-01-06 03:00:00+00:00,0.0,27.12
2025-01-06 04:00:00+00:00,0.0,27.04
2025-01-06 05:00:00+00:00,0.0,26.96
2025-01-06 06:00:00+00:00,0.0,26.88
2025-01-06 07:00:00+00:00,0.0,26.78
2025-01-06 08:00:00+00:00,0.0,26.7
2025-01-06 09:00:00+00:00,0.0,26.62
2025-01-06 10:00:00+00:00,0.0,26.55
2025-01-06 11:00:00+00:00,0.0,26.52
2025-01-06 12:00:00+00:00,0.0,26.54
2025-01-06 13:00:00+00:00,3.45,26.59
2025-01-06 14:00:00+00:00,110.97,27.02
2025-01-06 15:00:00+00:00,338.75,27.47
2025-01-06 16:00:00+00:00,580.97,27.86
2025-01-06 17:00:00+00:00,770.6,28.27
2025-01-06 18:00:00+00:00,913.25,28.68
2025-01-06 19:00:00+00:00,1000.35,28.98
2025-01-06 20:00:00+00:00,984.67,29.15
2025-01-06 21:00:00+00:00,913.85,29.22
2025-01-06 22:00:00+00:00,772.45,29.23
2025-01-06 23:00:00+00:00,588.1,29.17
2025-01-07 00:00:00+00:00,333.2,29.03
2025-01-07 01:00:00+00:00,106.15,28.76
2025-01-07 02:00:00+00:00,0.0,28.34
2025-01-07 03:00:00+00:00,0.0,28.1
2025-01-07 04:00:00+00:00,0.0,27.92
2025-01-07 05:00:00+00:00,0.0,27.76
2025-01-07 06:00:00+00:00,0.0,27.62
2025-01-07 07:00:00+00:00,0.0,27.5
2025-01-07 08:00:00+00:00,0.0,27.39
2025-01-07 09:00:00+00:00,0.0,27.29
2025-01-07 10:00:00+00:00,0.0,27.22
2025-01-07 11:00:00+00:00,0.0,27.17
2025-01-07 12:00:00+00:00,0.0,27.15
2025-01-07 13:00:00+00:00,3.42,27.19
2025-01-07 14:00:00+00:00,113.93,27.59
2025-01-07 15:00:00+00:00,337.6,28.03
2025-01-07 16:00:00+00:00,570.12,28.46
2025-01-07 17:00:00+00:00,767.22,28.93
2025-01-07 18:00:00+00:00,898.45,29.32
2025-01-07 19:00:00+00:00,969.53,29.62
2025-01-07 20:00:00+00:00,991.2,29.79
2025-01-07 21:00:00+00:00,916.33,29.88
2025-01-07 22:00:00+00:00,746.7,29.96
2025-01-07 23:00:00+00:00,574.0,29.96
2025-01-08 00:00:00+00:00,328.2,29.87
2025-01-08 01:00:00+00:00,105.28,29.65
2025-01-08 02:00:00+00:00,0.0,29.23
2025-01-08 03:00:00+00:00,0.0,29.04
2025-01-08 04:00:00+00:00,0.0,28.93
2025-01-08 05:00:00+00:00,0.0,28.83
2025-01-08 06:00:00+00:00,0.0,28.72
2025-01-08 07:00:00+00:00,0.0,28.55
2025-01-08 08:00:00+00:00,0.0,28.36
2025-01-08 09:00:00+00:00,0.0,28.19
2025-01-08 10:00:00+00:00,0.0,28.05
2025-01-08 11:00:00+00:00,0.0,27.98
2025-01-08 12:00:00+00:00,0.0,27.94
2025-01-08 13:00:00+00:00,3.22,28.0
2025-01-08 14:00:00+00:00,115.3,28.4
2025-01-08 15:00:00+00:00,338.08,28.81
2025-01-08 16:00:00+00:00,587.53,29.04
2025-01-08 17:00:00+00:00,782.3,29.22
2025-01-08 18:00:00+00:00,917.97,29.41
2025-01-08 19:00:00+00:00,940.33,29.5
2025-01-08 20:00:00+00:00,834.1,29.58
2025-01-08 21:00:00+00:00,658.6,29.62
2025-01-08 22:00:00+00:00,491.12,29.59
2025-01-08 23:00:00+00:00,254.3,29.53
2025-01-09 00:00:00+00:00,158.23,29.45
2025-01-09 01:00:00+00:00,50.47,29.27
2025-01-09 02:00:00+00:00,0.0,29.01
2025-01-09 03:00:00+00:00,0.0,28.92
2025-01-09 04:00:00+00:00,0.0,28.82
2025-01-09 05:00:00+00:00,0.0,28.69
2025-01-09 06:00:00+00:00,0.0,28.53
2025-01-09 07:00:00+00:00,0.0,28.35
2025-01-09 08:00:00+00:00,0.0,28.16
2025-01-09 09:00:00+00:00,0.0,27.98
2025-01-09 10:00:00+00:00,0.0,27.84
2025-01-09 11:00:00+00:00,0.0,27.75
2025-01-09 12:00:00+00:00,0.0,27.72
2025-01-09 13:00:00+00:00,0.0,27.74
2025-01-09 14:00:00+00:00,104.1,28.07
2025-01-09 15:00:00+00:00,282.95,28.35
2025-01-09 16:00:00+00:00,491.75,28.58
2025-01-09 17:00:00+00:00,696.08,28.81
2025-01-09 18:00:00+00:00,781.78,28.94
2025-01-09 19:00:00+00:00,750.4,29.01
2025-01-09 20:00:00+00:00,642.35,29.03
2025-01-09 21:00:00+00:00,572.55,28.97
2025-01-09 22:00:00+00:00,522.38,28.87
2025-01-09 23:00:00+00:00,404.83,28.7
2025-01-10 00:00:00+00:00,218.15,28.45
2025-01-10 01:00:00+00:00,76.9,28.15
2025-01-10 02:00:00+00:00,0.0,27.84
2025-01-10 03:00:00+00:00,0.0,27.72
2025-01-10 04:00:00+00:00,0.0,27.65
2025-01-10 05:00:00+00:00,0.0,27.55
2025-01-10 06:00:00+00:00,0.0,27.45
2025-01-10 07:00:00+00:00,0.0,27.35
2025-01-10 08:00:00+00:00,0.0,27.27
2025-01-10 09:00:00+00:00,0.0,27.23
2025-01-10 10:00:00+00:00,0.0,27.22
2025-01-10 11:00:00+00:00,0.0,27.25
2025-01-10 12:00:00+00:00,0.0,27.3
2025-01-10 13:00:00+00:00,0.0,27.35
2025-01-10 14:00:00+00:00,90.3,27.67
2025-01-10 15:00:00+00:00,251.7,27.97
2025-01-10 16:00:00+00:00,453.08,28.11
2025-01-10 17:00:00+00:00,594.97,28.17
2025-01-10 18:00:00+00:00,619.75,28.19
2025-01-10 19:00:00+00:00,541.97,28.16
2025-01-10 20:00:00+00:00,306.73,28.11
2025-01-10 21:00:00+00:00,164.45,28.05
2025-01-10 22:00:00+00:00,183.95,27.95
2025-01-10 23:00:00+00:00,169.7,27.84
2025-01-11 00:00:00+00:00,94.5,27.71
2025-01-11 01:00:00+00:00,37.55,27.57
2025-01-11 02:00:00+00:00,0.0,27.42
2025-01-11 03:00:00+00:00,0.0,27.38
2025-01-11 04:00:00+00:00,0.0,27.35
2025-01-11 05:00:00+00:00,0.0,27.34
2025-01-11 06:00:00+00:00,0.0,27.31
2025-01-11 07:00:00+00:00,0.0,27.29
2025-01-11 08:00:00+00:00,0.0,27.22
2025-01-11 09:00:00+00:00,0.0,27.17
2025-01-11 10:00:00+00:00,0.0,27.14
2025-01-11 11:00:00+00:00,0.0,27.1
2025-01-11 12:00:00+00:00,0.0,27.07
2025-01-11 13:00:00+00:00,0.0,27.05
2025-01-11 14:00:00+00:00,71.38,27.44
2025-01-11 15:00:00+00:00,241.95,27.82
2025-01-11 16:00:00+00:00,446.08,28.0
2025-01-11 17:00:00+00:00,597.45,28.14
2025-01-11 18:00:00+00:00,667.08,28.2
2025-01-11 19:00:00+00:00,692.72,28.25
2025-01-11 20:00:00+00:00,674.97,28.3
2025-01-11 21:00:00+00:00,593.9,28.31
2025-01-11 22:00:00+00:00,452.35,28.25
2025-01-11 23:00:00+00:00,234.55,28.15
2025-01-12 00:00:00+00:00,179.85,28.02
2025-01-12 01:00:00+00:00,63.6,27.77
2025-01-12 02:00:00+00:00,0.0,27.48
2025-01-12 03:00:00+00:00,0.0,27.34
2025-01-12 04:00:00+00:00,0.0,27.26
2025-01-12 05:00:00+00:00,0.0,27.19
2025-01-12 06:00:00+00:00,0.0,27.13
2025-01-12 07:00:00+00:00,0.0,27.09
2025-01-12 08:00:00+00:00,0.0,27.04
2025-01-12 09:00:00+00:00,0.0,27.0
2025-01-12 10:00:00+00:00,0.0,26.99
2025-01-12 11:00:00+00:00,0.0,26.99
2025-01-12 12:00:00+00:00,0.0,27.0
2025-01-12 13:00:00+00:00,0.0,27.03
2025-01-12 14:00:00+00:00,101.9,27.37
2025-01-12 15:00:00+00:00,305.77,27.75
2025-01-12 16:00:00+00:00,518.62,27.94
2025-01-12 17:00:00+00:00,641.9,28.13
2025-01-12 18:00:00+00:00,741.65,28.31
2025-01-12 19:00:00+00:00,751.97,28.45
2025-01-12 20:00:00+00:00,809.9,28.48
2025-01-12 21:00:00+00:00,819.03,28.43
2025-01-12 22:00:00+00:00,649.72,28.39
2025-01-12 23:00:00+00:00,477.77,28.34
2025-01-13 00:00:00+00:00,294.33,28.23
2025-01-13 01:00:00+00:00,92.8,28.06
2025-01-13 02:00:00+00:00,0.0,27.83
2025-01-13 03:00:00+00:00,0.0,27.78
2025-01-13 04:00:00+00:00,0.0,27.74
2025-01-13 05:00:00+00:00,0.0,27.7
2025-01-13 06:00:00+00:00,0.0,27.64
2025-01-13 07:00:00+00:00,0.0,27.57
2025-01-13 08:00:00+00:00,0.0,27.5
2025-01-13 09:00:00+00:00,0.0,27.43
2025-01-13 10:00:00+00:00,0.0,27.39
2025-01-13 11:00:00+00:00,0.0,27.37
2025-01-13 12:00:00+00:00,0.0,27.35
2025-01-13 13:00:00+00:00,0.0,27.37
2025-01-13 14:00:00+00:00,98.93,27.69
2025-01-13 15:00:00+00:00,295.65,28.07
2025-01-13 16:00:00+00:00,509.52,28.27
2025-01-13 17:00:00+00:00,653.65,28.43
2025-01-13 18:00:00+00:00,751.6,28.57
2025-01-13 19:00:00+00:00,841.72,28.68
2025-01-13 20:00:00+00:00,853.65,28.71
2025-01-13 21:00:00+00:00,813.2,28.69
2025-01-13 22:00:00+00:00,635.2,28.64
2025-01-13 23:00:00+00:00,479.17,28.55
2025-01-14 00:00:00+00:00,285.55,28.43
2025-01-14 01:00:00+00:00,91.5,28.24
2025-01-14 02:00:00+00:00,0.0,27.98
2025-01-14 03:00:00+00:00,0.0,27.92
2025-01-14 04:00:00+00:00,0.0,27.91
2025-01-14 05:00:00+00:00,0.0,27.89
2025-01-14 06:00:00+00:00,0.0,27.85
2025-01-14 07:00:00+00:00,0.0,27.78
2025-01-14 08:00:00+00:00,0.0,27.68
2025-01-14 09:00:00+00:00,0.0,27.59
2025-01-14 10:00:00+00:00,0.0,27.49
2025-01-14 11:00:00+00:00,0.0,27.42
2025-01-14 12:00:00+00:00,0.0,27.34
2025-01-14 13:00:00+00:00,0.0,27.29
2025-01-14 14:00:00+00:00,80.25,27.57
2025-01-14 15:00:00+00:00,251.02,27.93
2025-01-14 16:00:00+00:00,457.0,28.1
2025-01-14 17:00:00+00:00,590.58,28.21
2025-01-14 18:00:00+00:00,731.78,28.26
2025-01-14 19:00:00+00:00,813.92,28.28
2025-01-14 20:00:00+00:00,798.65,28.3
2025-01-14 21:00:00+00:00,780.28,28.23
2025-01-14 22:00:00+00:00,618.15,28.14
2025-01-14 23:00:00+00:00,451.62,28.04
2025-01-15 00:00:00+00:00,246.6,27.95
2025-01-15 01:00:00+00:00,71.93,27.8
2025-01-15 02:00:00+00:00,0.0,27.62
2025-01-15 03:00:00+00:00,0.0,27.58
2025-01-15 04:00:00+00:00,0.0,27.55
2025-01-15 05:00:00+00:00,0.0,27.52
2025-01-15 06:00:00+00:00,0.0,27.46
2025-01-15 07:00:00+00:00,0.0,27.37
2025-01-15 08:00:00+00:00,0.0,27.28
2025-01-15 09:00:00+00:00,0.0,27.21
2025-01-15 10:00:00+00:00,0.0,27.2
2025-01-15 11:00:00+00:00,0.0,27.24
2025-01-15 12:00:00+00:00,0.0,27.31
2025-01-15 13:00:00+00:00,0.0,27.39
2025-01-15 14:00:00+00:00,46.1,27.76
2025-01-15 15:00:00+00:00,154.52,28.17
2025-01-15 16:00:00+00:00,264.42,28.34
2025-01-15 17:00:00+00:00,422.23,28.46
2025-01-15 18:00:00+00:00,490.92,28.54
2025-01-15 19:00:00+00:00,523.78,28.58
2025-01-15 20:00:00+00:00,495.25,28.55
2025-01-15 21:00:00+00:00,406.0,28.46
2025-01-15 22:00:00+00:00,364.17,28.26
2025-01-15 23:00:00+00:00,289.62,28.04
2025-01-16 00:00:00+00:00,148.52,27.8
2025-01-16 01:00:00+00:00,46.9,27.54
2025-01-16 02:00:00+00:00,0.0,27.35
2025-01-16 03:00:00+00:00,0.0,27.31
2025-01-16 04:00:00+00:00,0.0,27.26
2025-01-16 05:00:00+00:00,0.0,27.21
2025-01-16 06:00:00+00:00,0.0,27.14
2025-01-16 07:00:00+00:00,0.0,27.06
2025-01-16 08:00:00+00:00,0.0,26.99
2025-01-16 09:00:00+00:00,0.0,26.92
2025-01-16 10:00:00+00:00,0.0,26.88
2025-01-16 11:00:00+00:00,0.0,26.87
2025-01-16 12:00:00+00:00,0.0,26.9
2025-01-16 13:00:00+00:00,0.0,26.96
2025-01-16 14:00:00+00:00,14.12,27.23
2025-01-16 15:00:00+00:00,44.78,27.53
2025-01-16 16:00:00+00:00,86.82,27.65
2025-01-16 17:00:00+00:00,255.02,27.72
2025-01-16 18:00:00+00:00,424.05,27.73
2025-01-16 19:00:00+00:00,575.5,27.74
2025-01-16 20:00:00+00:00,566.58,27.75
2025-01-16 21:00:00+00:00,589.6,27.74
2025-01-16 22:00:00+00:00,446.73,27.73
2025-01-16 23:00:00+00:00,338.48,27.73
2025-01-17 00:00:00+00:00,153.15,27.71
2025-01-17 01:00:00+00:00,53.2,27.6
2025-01-17 02:00:00+00:00,0.0,27.45
2025-01-17 03:00:00+00:00,0.0,27.44
2025-01-17 04:00:00+00:00,0.0,27.43
2025-01-17 05:00:00+00:00,0.0,27.4
2025-01-17 06:00:00+00:00,0.0,27.36
2025-01-17 07:00:00+00:00,0.0,27.28
2025-01-17 08:00:00+00:00,0.0,27.19
2025-01-17 09:00:00+00:00,0.0,27.11
2025-01-17 10:00:00+00:00,0.0,27.09
2025-01-17 11:00:00+00:00,0.0,27.12
2025-01-17 12:00:00+00:00,0.0,27.14
2025-01-17 13:00:00+00:00,0.0,27.13
2025-01-17 14:00:00+00:00,84.15,27.36
2025-01-17 15:00:00+00:00,237.6,27.7
2025-01-17 16:00:00+00:00,426.52,27.9
2025-01-17 17:00:00+00:00,552.78,28.05
2025-01-17 18:00:00+00:00,540.42,28.17
2025-01-17 19:00:00+00:00,522.62,28.23
2025-01-17 20:00:00+00:00,460.95,28.23
2025-01-17 21:00:00+00:00,445.2,28.22
2025-01-17 22:00:00+00:00,357.48,28.22
2025-01-17 23:00:00+00:00,246.12,28.2
2025-01-18 00:00:00+00:00,158.1,28.15
2025-01-18 01:00:00+00:00,51.28,27.98
2025-01-18 02:00:00+00:00,0.0,27.79
2025-01-18 03:00:00+00:00,0.0,27.76
2025-01-18 04:00:00+00:00,0.0,27.75
2025-01-18 05:00:00+00:00,0.0,27.73
2025-01-18 06:00:00+00:00,0.0,27.69
2025-01-18 07:00:00+00:00,0.0,27.61
2025-01-18 08:00:00+00:00,0.0,27.54
2025-01-18 09:00:00+00:00,0.0,27.47
2025-01-18 10:00:00+00:00,0.0,27.42
2025-01-18 11:00:00+00:00,0.0,27.4
2025-01-18 12:00:00+00:00,0.0,27.41
2025-01-18 13:00:00+00:00,0.0,27.47
2025-01-18 14:00:00+00:00,74.95,27.75
2025-01-18 15:00:00+00:00,233.4,28.1
2025-01-18 16:00:00+00:00,421.42,28.35
2025-01-18 17:00:00+00:00,628.85,28.57
2025-01-18 18:00:00+00:00,704.1,28.72
2025-01-18 19:00:00+00:00,674.3,28.83
2025-01-18 20:00:00+00:00,691.42,28.86
2025-01-18 21:00:00+00:00,546.28,28.85
2025-01-18 22:00:00+00:00,473.38,28.77
2025-01-18 23:00:00+00:00,295.3,28.65
2025-01-19 00:00:00+00:00,167.5,28.43
2025-01-19 01:00:00+00:00,62.3,28.16
2025-01-19 02:00:00+00:00,0.0,27.86
2025-01-19 03:00:00+00:00,0.0,27.74
2025-01-19 04:00:00+00:00,0.0,27.63
2025-01-19 05:00:00+00:00,0.0,27.56
2025-01-19 06:00:00+00:00,0.0,27.49
2025-01-19 07:00:00+00:00,0.0,27.38
2025-01-19 08:00:00+00:00,0.0,27.32
2025-01-19 09:00:00+00:00,0.0,27.23
2025-01-19 10:00:00+00:00,0.0,27.15
2025-01-19 11:00:00+00:00,0.0,27.06
2025-01-19 12:00:00+00:00,0.0,27.04
2025-01-19 13:00:00+00:00,0.0,27.02
2025-01-19 14:00:00+00:00,51.97,27.22
2025-01-19 15:00:00+00:00,164.6,27.47
2025-01-19 16:00:00+00:00,272.5,27.58
2025-01-19 17:00:00+00:00,478.35,27.73
2025-01-19 18:00:00+00:00,545.35,27.88
2025-01-19 19:00:00+00:00,500.6,27.98
2025-01-19 20:00:00+00:00,538.92,28.01
2025-01-19 21:00:00+00:00,534.78,27.95
2025-01-19 22:00:00+00:00,407.17,27.8
2025-01-19 23:00:00+00:00,316.7,27.58
2025-01-20 00:00:00+00:00,178.57,27.29
2025-01-20 01:00:00+00:00,62.3,27.01
2025-01-20 02:00:00+00:00,0.0,26.78
2025-01-20 03:00:00+00:00,0.0,26.69
2025-01-20 04:00:00+00:00,0.0,26.65
2025-01-20 05:00:00+00:00,0.0,26.66
2025-01-20 06:00:00+00:00,0.0,26.67
2025-01-20 07:00:00+00:00,0.0,26.66
2025-01-20 08:00:00+00:00,0.0,26.64
2025-01-20 09:00:00+00:00,0.0,26.62
2025-01-20 10:00:00+00:00,0.0,26.61
2025-01-20 11:00:00+00:00,0.0,26.61
2025-01-20 12:00:00+00:00,0.0,26.63
2025-01-20 13:00:00+00:00,0.0,26.62
2025-01-20 14:00:00+00:00,69.7,26.78
2025-01-20 15:00:00+00:00,196.4,27.07
2025-01-20 16:00:00+00:00,328.3,27.19
2025-01-20 17:00:00+00:00,462.67,27.29
2025-01-20 18:00:00+00:00,543.1,27.44
2025-01-20 19:00:00+00:00,643.88,27.56
2025-01-20 20:00:00+00:00,660.92,27.57
2025-01-20 21:00:00+00:00,681.88,27.51
2025-01-20 22:00:00+00:00,507.3,27.41
2025-01-20 23:00:00+00:00,338.0,27.25
2025-01-21 00:00:00+00:00,185.75,27.09
2025-01-21 01:00:00+00:00,61.2,26.93
2025-01-21 02:00:00+00:00,0.0,26.8
2025-01-21 03:00:00+00:00,0.0,26.77
2025-01-21 04:00:00+00:00,0.0,26.75
2025-01-21 05:00:00+00:00,0.0,26.73
2025-01-21 06:00:00+00:00,0.0,26.74
2025-01-21 07:00:00+00:00,0.0,26.72
2025-01-21 08:00:00+00:00,0.0,26.68
2025-01-21 09:00:00+00:00,0.0,26.64
2025-01-21 10:00:00+00:00,0.0,26.6
2025-01-21 11:00:00+00:00,0.0,26.55
2025-01-21 12:00:00+00:00,0.0,26.49
2025-01-21 13:00:00+00:00,0.0,26.46
2025-01-21 14:00:00+00:00,43.83,26.55
2025-01-21 15:00:00+00:00,122.62,26.84
2025-01-21 16:00:00+00:00,224.02,26.96
2025-01-21 17:00:00+00:00,430.55,27.09
2025-01-21 18:00:00+00:00,665.6,27.17
2025-01-21 19:00:00+00:00,707.85,27.2
2025-01-21 20:00:00+00:00,650.67,27.25
2025-01-21 21:00:00+00:00,493.67,27.32
2025-01-21 22:00:00+00:00,460.65,27.35
2025-01-21 23:00:00+00:00,342.38,27.29
2025-01-22 00:00:00+00:00,178.62,27.21
2025-01-22 01:00:00+00:00,51.58,27.08
2025-01-22 02:00:00+00:00,0.0,26.95
2025-01-22 03:00:00+00:00,0.0,26.93
2025-01-22 04:00:00+00:00,0.0,26.96
2025-01-22 05:00:00+00:00,0.0,27.02
2025-01-22 06:00:00+00:00,0.0,27.04
2025-01-22 07:00:00+00:00,0.0,26.99
2025-01-22 08:00:00+00:00,0.0,26.9
2025-01-22 09:00:00+00:00,0.0,26.83
2025-01-22 10:00:00+00:00,0.0,26.8
2025-01-22 11:00:00+00:00,0.0,26.79
2025-01-22 12:00:00+00:00,0.0,26.78
2025-01-22 13:00:00+00:00,0.0,26.77
2025-01-22 14:00:00+00:00,56.6,26.99
2025-01-22 15:00:00+00:00,190.18,27.37
2025-01-22 16:00:00+00:00,343.77,27.6
2025-01-22 17:00:00+00:00,522.35,27.82
2025-01-22 18:00:00+00:00,672.5,28.08
2025-01-22 19:00:00+00:00,806.45,28.32
2025-01-22 20:00:00+00:00,806.0,28.45
2025-01-22 21:00:00+00:00,690.83,28.53
2025-01-22 22:00:00+00:00,573.65,28.48
2025-01-22 23:00:00+00:00,416.52,28.35
2025-01-23 00:00:00+00:00,233.8,28.18
2025-01-23 01:00:00+00:00,74.57,27.99
2025-01-23 02:00:00+00:00,0.0,27.77
2025-01-23 03:00:00+00:00,0.0,27.67
2025-01-23 04:00:00+00:00,0.0,27.61
2025-01-23 05:00:00+00:00,0.0,27.46
2025-01-23 06:00:00+00:00,0.0,27.37
2025-01-23 07:00:00+00:00,0.0,27.24
2025-01-23 08:00:00+00:00,0.0,27.1
2025-01-23 09:00:00+00:00,0.0,26.97
2025-01-23 10:00:00+00:00,0.0,26.86
2025-01-23 11:00:00+00:00,0.0,26.79
2025-01-23 12:00:00+00:00,0.0,26.78
2025-01-23 13:00:00+00:00,0.0,26.86
2025-01-23 14:00:00+00:00,97.2,27.19
2025-01-23 15:00:00+00:00,324.77,27.62
2025-01-23 16:00:00+00:00,561.4,27.93
2025-01-23 17:00:00+00:00,713.1,28.21
2025-01-23 18:00:00+00:00,880.05,28.42
2025-01-23 19:00:00+00:00,865.9,28.59
2025-01-23 20:00:00+00:00,878.42,28.71
2025-01-23 21:00:00+00:00,755.7,28.78
2025-01-23 22:00:00+00:00,693.4,28.8
2025-01-23 23:00:00+00:00,450.0,28.78
2025-01-24 00:00:00+00:00,251.98,28.72
2025-01-24 01:00:00+00:00,79.95,28.48
2025-01-24 02:00:00+00:00,0.0,28.1
2025-01-24 03:00:00+00:00,0.0,27.88
2025-01-24 04:00:00+00:00,0.0,27.72
2025-01-24 05:00:00+00:00,0.0,27.56
2025-01-24 06:00:00+00:00,0.0,27.42
2025-01-24 07:00:00+00:00,0.0,27.3
2025-01-24 08:00:00+00:00,0.0,27.19
2025-01-24 09:00:00+00:00,0.0,27.14
2025-01-24 10:00:00+00:00,0.0,27.15
2025-01-24 11:00:00+00:00,0.0,27.23
2025-01-24 12:00:00+00:00,0.0,27.34
2025-01-24 13:00:00+00:00,0.0,27.42
2025-01-24 14:00:00+00:00,88.82,27.62
2025-01-24 15:00:00+00:00,299.98,27.97
2025-01-24 16:00:00+00:00,531.15,28.38
2025-01-24 17:00:00+00:00,711.58,28.97
2025-01-24 18:00:00+00:00,842.75,29.58
2025-01-24 19:00:00+00:00,902.8,29.9
2025-01-24 20:00:00+00:00,863.15,29.96
2025-01-24 21:00:00+00:00,815.58,29.88
2025-01-24 22:00:00+00:00,675.62,29.75
2025-01-24 23:00:00+00:00,469.52,29.6
2025-01-25 00:00:00+00:00,270.42,29.36
2025-01-25 01:00:00+00:00,90.62,29.05
2025-01-25 02:00:00+00:00,0.0,28.69
2025-01-25 03:00:00+00:00,0.0,28.48
2025-01-25 04:00:00+00:00,0.0,28.32
2025-01-25 05:00:00+00:00,0.0,28.17
2025-01-25 06:00:00+00:00,0.0,28.05
2025-01-25 07:00:00+00:00,0.0,27.92
2025-01-25 08:00:00+00:00,0.0,27.79
2025-01-25 09:00:00+00:00,0.0,27.71
2025-01-25 10:00:00+00:00,0.0,27.64
2025-01-25 11:00:00+00:00,0.0,27.64
2025-01-25 12:00:00+00:00,0.0,27.68
2025-01-25 13:00:00+00:00,0.0,27.7
2025-01-25 14:00:00+00:00,26.55,28.05
2025-01-25 15:00:00+00:00,149.82,28.43
2025-01-25 16:00:00+00:00,299.6,28.67
2025-01-25 17:00:00+00:00,377.62,28.83
2025-01-25 18:00:00+00:00,462.3,28.93
2025-01-25 19:00:00+00:00,630.95,29.01
2025-01-25 20:00:00+00:00,634.42,29.07
2025-01-25 21:00:00+00:00,563.3,29.11
2025-01-25 22:00:00+00:00,444.92,29.11
2025-01-25 23:00:00+00:00,289.55,29.08
2025-01-26 00:00:00+00:00,157.4,29.0
2025-01-26 01:00:00+00:00,53.4,28.77
2025-01-26 02:00:00+00:00,0.0,28.49
2025-01-26 03:00:00+00:00,0.0,28.35
2025-01-26 04:00:00+00:00,0.0,28.24
2025-01-26 05:00:00+00:00,0.0,28.14
2025-01-26 06:00:00+00:00,0.0,28.0
2025-01-26 07:00:00+00:00,0.0,27.88
2025-01-26 08:00:00+00:00,0.0,27.77
2025-01-26 09:00:00+00:00,0.0,27.68
2025-01-26 10:00:00+00:00,0.0,27.64
2025-01-26 11:00:00+00:00,0.0,27.63
2025-01-26 12:00:00+00:00,0.0,27.63
2025-01-26 13:00:00+00:00,0.0,27.71
2025-01-26 14:00:00+00:00,60.15,27.9
2025-01-26 15:00:00+00:00,207.6,28.1
2025-01-26 16:00:00+00:00,393.15,28.17
2025-01-26 17:00:00+00:00,601.92,28.31
2025-01-26 18:00:00+00:00,726.58,28.43
2025-01-26 19:00:00+00:00,730.83,28.53
2025-01-26 20:00:00+00:00,735.47,28.55
2025-01-26 21:00:00+00:00,719.03,28.49
2025-01-26 22:00:00+00:00,582.12,28.38
2025-01-26 23:00:00+00:00,438.17,28.25
2025-01-27 00:00:00+00:00,241.52,28.1
2025-01-27 01:00:00+00:00,78.1,27.87
2025-01-27 02:00:00+00:00,0.0,27.62
2025-01-27 03:00:00+00:00,0.0,27.49
2025-01-27 04:00:00+00:00,0.0,27.36
2025-01-27 05:00:00+00:00,0.0,27.24
2025-01-27 06:00:00+00:00,0.0,27.12
2025-01-27 07:00:00+00:00,0.0,27.02
2025-01-27 08:00:00+00:00,0.0,26.96
2025-01-27 09:00:00+00:00,0.0,26.92
2025-01-27 10:00:00+00:00,0.0,26.91
2025-01-27 11:00:00+00:00,0.0,26.9
2025-01-27 12:00:00+00:00,0.0,26.9
2025-01-27 13:00:00+00:00,0.0,26.95
2025-01-27 14:00:00+00:00,74.38,27.3
2025-01-27 15:00:00+00:00,264.35,27.71
2025-01-27 16:00:00+00:00,481.95,27.91
2025-01-27 17:00:00+00:00,663.53,28.05
2025-01-27 18:00:00+00:00,726.83,28.22
2025-01-27 19:00:00+00:00,794.17,28.44
2025-01-27 20:00:00+00:00,790.12,28.52
2025-01-27 21:00:00+00:00,632.7,28.51
2025-01-27 22:00:00+00:00,472.17,28.45
2025-01-27 23:00:00+00:00,251.07,28.3
2025-01-28 00:00:00+00:00,160.48,28.0
2025-01-28 01:00:00+00:00,59.25,27.65
2025-01-28 02:00:00+00:00,0.0,27.34
2025-01-28 03:00:00+00:00,0.0,27.25
2025-01-28 04:00:00+00:00,0.0,27.2
2025-01-28 05:00:00+00:00,0.0,27.17
2025-01-28 06:00:00+00:00,0.0,27.13
2025-01-28 07:00:00+00:00,0.0,27.04
2025-01-28 08:00:00+00:00,0.0,26.94
2025-01-28 09:00:00+00:00,0.0,26.83
2025-01-28 10:00:00+00:00,0.0,26.76
2025-01-28 11:00:00+00:00,0.0,26.72
2025-01-28 12:00:00+00:00,0.0,26.68
2025-01-28 13:00:00+00:00,0.0,26.63
2025-01-28 14:00:00+00:00,52.75,26.76
2025-01-28 15:00:00+00:00,150.38,26.96
2025-01-28 16:00:00+00:00,290.65,27.09
2025-01-28 17:00:00+00:00,373.77,27.27
2025-01-28 18:00:00+00:00,400.77,27.42
2025-01-28 19:00:00+00:00,415.48,27.58
2025-01-28 20:00:00+00:00,472.08,27.68
2025-01-28 21:00:00+00:00,438.12,27.74
2025-01-28 22:00:00+00:00,399.25,27.71
2025-01-28 23:00:00+00:00,373.48,27.61
2025-01-29 00:00:00+00:00,198.12,27.48
2025-01-29 01:00:00+00:00,78.12,27.31
2025-01-29 02:00:00+00:00,0.0,27.14
2025-01-29 03:00:00+00:00,0.0,27.1
2025-01-29 04:00:00+00:00,0.0,27.06
2025-01-29 05:00:00+00:00,0.0,27.0
2025-01-29 06:00:00+00:00,0.0,26.89
2025-01-29 07:00:00+00:00,0.0,26.75
2025-01-29 08:00:00+00:00,0.0,26.6
2025-01-29 09:00:00+00:00,0.0,26.47
2025-01-29 10:00:00+00:00,0.0,26.4
2025-01-29 11:00:00+00:00,0.0,26.37
2025-01-29 12:00:00+00:00,0.0,26.36
2025-01-29 13:00:00+00:00,0.0,26.37
2025-01-29 14:00:00+00:00,63.62,26.54
2025-01-29 15:00:00+00:00,221.68,26.91
2025-01-29 16:00:00+00:00,394.15,27.08
2025-01-29 17:00:00+00:00,535.65,27.21
2025-01-29 18:00:00+00:00,744.5,27.36
2025-01-29 19:00:00+00:00,783.53,27.52
2025-01-29 20:00:00+00:00,770.22,27.64
2025-01-29 21:00:00+00:00,777.28,27.68
2025-01-29 22:00:00+00:00,571.72,27.65
2025-01-29 23:00:00+00:00,402.77,27.59
2025-01-30 00:00:00+00:00,218.93,27.51
2025-01-30 01:00:00+00:00,70.95,27.39
2025-01-30 02:00:00+00:00,0.0,27.23
2025-01-30 03:00:00+00:00,0.0,27.22
2025-01-30 04:00:00+00:00,0.0,27.22
2025-01-30 05:00:00+00:00,0.0,27.21
2025-01-30 06:00:00+00:00,0.0,27.18
2025-01-30 07:00:00+00:00,0.0,27.11
2025-01-30 08:00:00+00:00,0.0,27.03
2025-01-30 09:00:00+00:00,0.0,26.98
2025-01-30 10:00:00+00:00,0.0,26.95
2025-01-30 11:00:00+00:00,0.0,26.94
2025-01-30 12:00:00+00:00,0.0,26.92
2025-01-30 13:00:00+00:00,0.0,26.92
2025-01-30 14:00:00+00:00,21.62,27.17
2025-01-30 15:00:00+00:00,69.72,27.52
2025-01-30 16:00:00+00:00,127.97,27.63
2025-01-30 17:00:00+00:00,279.23,27.64
2025-01-30 18:00:00+00:00,368.3,27.62
2025-01-30 19:00:00+00:00,461.17,27.6
2025-01-30 20:00:00+00:00,447.0,27.62
2025-01-30 21:00:00+00:00,434.83,27.64
2025-01-30 22:00:00+00:00,412.12,27.55
2025-01-30 23:00:00+00:00,349.5,27.34
2025-01-31 00:00:00+00:00,180.77,27.13
2025-01-31 01:00:00+00:00,34.22,26.84
2025-01-31 02:00:00+00:00,0.0,26.54
2025-01-31 03:00:00+00:00,0.0,26.46
2025-01-31 04:00:00+00:00,0.0,26.54
2025-01-31 05:00:00+00:00,0.0,26.68
2025-01-31 06:00:00+00:00,0.0,26.81
2025-01-31 07:00:00+00:00,0.0,26.86
2025-01-31 08:00:00+00:00,0.0,26.89
2025-01-31 09:00:00+00:00,0.0,26.97
2025-01-31 10:00:00+00:00,0.0,27.08
2025-01-31 11:00:00+00:00,0.0,27.15
2025-01-31 12:00:00+00:00,0.0,27.17
2025-01-31 13:00:00+00:00,0.0,27.15
2025-01-31 14:00:00+00:00,27.9,27.25
2025-01-31 15:00:00+00:00,107.03,27.5
2025-01-31 16:00:00+00:00,161.65,27.67
2025-01-31 17:00:00+00:00,324.67,27.83
2025-01-31 18:00:00+00:00,420.15,27.96
2025-01-31 19:00:00+00:00,563.83,28.06
2025-01-31 20:00:00+00:00,581.85,28.07
2025-01-31 21:00:00+00:00,577.53,28.06
2025-01-31 22:00:00+00:00,361.88,28.0
2025-01-31 23:00:00+00:00,316.3,27.95
2025-02-01 00:00:00+00:00,160.85,27.87
2025-02-01 01:00:00+00:00,59.78,27.68
2025-02-01 02:00:00+00:00,0.0,27.47
2025-02-01 03:00:00+00:00,0.0,27.41
2025-02-01 04:00:00+00:00,0.0,27.35
2025-02-01 05:00:00+00:00,0.0,27.28
2025-02-01 06:00:00+00:00,0.0,27.19
2025-02-01 07:00:00+00:00,0.0,27.11
2025-02-01 08:00:00+00:00,0.0,27.06
2025-02-01 09:00:00+00:00,0.0,27.04
2025-02-01 10:00:00+00:00,0.0,27.06
2025-02-01 11:00:00+00:00,0.0,27.1
2025-02-01 12:00:00+00:00,0.0,27.15
2025-02-01 13:00:00+00:00,0.0,27.2
2025-02-01 14:00:00+00:00,57.88,27.48
2025-02-01 15:00:00+00:00,187.07,27.92
2025-02-01 16:00:00+00:00,456.25,28.1
2025-02-01 17:00:00+00:00,651.0,28.2
2025-02-01 18:00:00+00:00,776.7,28.21
2025-02-01 19:00:00+00:00,804.05,28.28
2025-02-01 20:00:00+00:00,779.88,28.35
2025-02-01 21:00:00+00:00,667.1,28.34
2025-02-01 22:00:00+00:00,550.7,28.34
2025-02-01 23:00:00+00:00,336.67,28.36
2025-02-02 00:00:00+00:00,196.82,28.31
2025-02-02 01:00:00+00:00,59.85,28.1
2025-02-02 02:00:00+00:00,0.0,27.78
2025-02-02 03:00:00+00:00,0.0,27.64
2025-02-02 04:00:00+00:00,0.0,27.57
2025-02-02 05:00:00+00:00,0.0,27.54
2025-02-02 06:00:00+00:00,0.0,27.51
2025-02-02 07:00:00+00:00,0.0,27.47
2025-02-02 08:00:00+00:00,0.0,27.46
2025-02-02 09:00:00+00:00,0.0,27.47
2025-02-02 10:00:00+00:00,0.0,27.42
2025-02-02 11:00:00+00:00,0.0,27.31
2025-02-02 12:00:00+00:00,0.0,27.24
2025-02-02 13:00:00+00:00,0.0,27.23
2025-02-02 14:00:00+00:00,53.78,27.38
2025-02-02 15:00:00+00:00,190.8,27.69
2025-02-02 16:00:00+00:00,351.0,27.93
2025-02-02 17:00:00+00:00,522.4,28.07
2025-02-02 18:00:00+00:00,655.42,28.15
2025-02-02 19:00:00+00:00,653.38,28.22
2025-02-02 20:00:00+00:00,724.17,28.25
2025-02-02 21:00:00+00:00,625.58,28.2
2025-02-02 22:00:00+00:00,503.45,28.08
2025-02-02 23:00:00+00:00,345.27,27.87
2025-02-03 00:00:00+00:00,191.95,27.68
2025-02-03 01:00:00+00:00,63.62,27.49
2025-02-03 02:00:00+00:00,0.0,27.31
2025-02-03 03:00:00+00:00,0.0,27.24
2025-02-03 04:00:00+00:00,0.0,27.17
2025-02-03 05:00:00+00:00,0.0,27.1
2025-02-03 06:00:00+00:00,0.0,27.03
2025-02-03 07:00:00+00:00,0.0,26.97
2025-02-03 08:00:00+00:00,0.0,26.92
2025-02-03 09:00:00+00:00,0.0,26.92
2025-02-03 10:00:00+00:00,0.0,26.93
2025-02-03 11:00:00+00:00,0.0,26.93
2025-02-03 12:00:00+00:00,0.0,26.95
2025-02-03 13:00:00+00:00,0.0,26.98
2025-02-03 14:00:00+00:00,55.47,27.25
2025-02-03 15:00:00+00:00,200.1,27.57
2025-02-03 16:00:00+00:00,390.3,27.72
2025-02-03 17:00:00+00:00,564.2,27.8
2025-02-03 18:00:00+00:00,716.12,27.89
2025-02-03 19:00:00+00:00,783.62,28.12
2025-02-03 20:00:00+00:00,790.17,28.26
2025-02-03 21:00:00+00:00,726.5,28.24
2025-02-03 22:00:00+00:00,593.12,28.07
2025-02-03 23:00:00+00:00,400.83,27.93
2025-02-04 00:00:00+00:00,214.5,27.79
2025-02-04 01:00:00+00:00,64.78,27.56
2025-02-04 02:00:00+00:00,0.0,27.35
2025-02-04 03:00:00+00:00,0.0,27.28
2025-02-04 04:00:00+00:00,0.0,27.23
2025-02-04 05:00:00+00:00,0.0,27.2
2025-02-04 06:00:00+00:00,0.0,27.16
2025-02-04 07:00:00+00:00,0.0,27.05
2025-02-04 08:00:00+00:00,0.0,26.91
2025-02-04 09:00:00+00:00,0.0,26.8
2025-02-04 10:00:00+00:00,0.0,26.74
2025-02-04 11:00:00+00:00,0.0,26.72
2025-02-04 12:00:00+00:00,0.0,26.73
2025-02-04 13:00:00+00:00,0.0,26.73
2025-02-04 14:00:00+00:00,44.08,26.96
2025-02-04 15:00:00+00:00,139.02,27.27
2025-02-04 16:00:00+00:00,263.12,27.37
2025-02-04 17:00:00+00:00,391.7,27.51
2025-02-04 18:00:00+00:00,591.22,27.67
2025-02-04 19:00:00+00:00,683.22,27.75
2025-02-04 20:00:00+00:00,657.72,27.73
2025-02-04 21:00:00+00:00,608.85,27.69
2025-02-04 22:00:00+00:00,470.58,27.67
2025-02-04 23:00:00+00:00,293.4,27.67
2025-02-05 00:00:00+00:00,158.75,27.62
2025-02-05 01:00:00+00:00,54.78,27.47
2025-02-05 02:00:00+00:00,0.0,27.32
2025-02-05 03:00:00+00:00,0.0,27.31
2025-02-05 04:00:00+00:00,0.0,27.33
2025-02-05 05:00:00+00:00,0.0,27.34
2025-02-05 06:00:00+00:00,0.0,27.31
2025-02-05 07:00:00+00:00,0.0,27.24
2025-02-05 08:00:00+00:00,0.0,27.16
2025-02-05 09:00:00+00:00,0.0,27.1
2025-02-05 10:00:00+00:00,0.0,27.06
2025-02-05 11:00:00+00:00,0.0,27.03
2025-02-05 12:00:00+00:00,0.0,27.0
2025-02-05 13:00:00+00:00,0.0,26.98
2025-02-05 14:00:00+00:00,44.35,27.31
2025-02-05 15:00:00+00:00,165.52,27.77
2025-02-05 16:00:00+00:00,321.05,27.98
2025-02-05 17:00:00+00:00,497.1,28.16
2025-02-05 18:00:00+00:00,617.12,28.26
2025-02-05 19:00:00+00:00,718.22,28.36
2025-02-05 20:00:00+00:00,672.08,28.46
2025-02-05 21:00:00+00:00,590.95,28.46
2025-02-05 22:00:00+00:00,481.35,28.41
2025-02-05 23:00:00+00:00,338.85,28.33
2025-02-06 00:00:00+00:00,206.1,28.22
2025-02-06 01:00:00+00:00,71.93,27.97
2025-02-06 02:00:00+00:00,0.0,27.65
2025-02-06 03:00:00+00:00,0.0,27.51
2025-02-06 04:00:00+00:00,0.0,27.41
2025-02-06 05:00:00+00:00,0.0,27.3
2025-02-06 06:00:00+00:00,0.0,27.2
2025-02-06 07:00:00+00:00,0.0,27.08
2025-02-06 08:00:00+00:00,0.0,26.97
2025-02-06 09:00:00+00:00,0.0,26.88
2025-02-06 10:00:00+00:00,0.0,26.8
2025-02-06 11:00:00+00:00,0.0,26.73
2025-02-06 12:00:00+00:00,0.0,26.68
2025-02-06 13:00:00+00:00,0.0,26.61
2025-02-06 14:00:00+00:00,49.92,26.87
2025-02-06 15:00:00+00:00,200.15,27.19
2025-02-06 16:00:00+00:00,396.02,27.46
2025-02-06 17:00:00+00:00,633.33,27.69
2025-02-06 18:00:00+00:00,593.6,27.86
2025-02-06 19:00:00+00:00,429.02,27.89
2025-02-06 20:00:00+00:00,341.33,27.84
2025-02-06 21:00:00+00:00,267.45,27.86
2025-02-06 22:00:00+00:00,246.43,27.87
2025-02-06 23:00:00+00:00,188.68,27.91
2025-02-07 00:00:00+00:00,97.78,27.94
2025-02-07 01:00:00+00:00,29.6,27.79
2025-02-07 02:00:00+00:00,0.0,27.52
2025-02-07 03:00:00+00:00,0.0,27.4
2025-02-07 04:00:00+00:00,0.0,27.34
2025-02-07 05:00:00+00:00,0.0,27.32
2025-02-07 06:00:00+00:00,0.0,27.32
2025-02-07 07:00:00+00:00,0.0,27.34
2025-02-07 08:00:00+00:00,0.0,27.34
2025-02-07 09:00:00+00:00,0.0,27.33
2025-02-07 10:00:00+00:00,0.0,27.34
2025-02-07 11:00:00+00:00,0.0,27.36
2025-02-07 12:00:00+00:00,0.0,27.38
2025-02-07 13:00:00+00:00,0.0,27.4
2025-02-07 14:00:00+00:00,18.85,27.68
2025-02-07 15:00:00+00:00,106.62,28.09
2025-02-07 16:00:00+00:00,179.9,28.2
2025-02-07 17:00:00+00:00,273.7,28.25
2025-02-07 18:00:00+00:00,322.35,28.34
2025-02-07 19:00:00+00:00,436.4,28.46
2025-02-07 20:00:00+00:00,509.42,28.55
2025-02-07 21:00:00+00:00,504.35,28.53
2025-02-07 22:00:00+00:00,324.17,28.47
2025-02-07 23:00:00+00:00,314.5,28.4
2025-02-08 00:00:00+00:00,133.2,28.26
2025-02-08 01:00:00+00:00,47.28,28.03
2025-02-08 02:00:00+00:00,0.0,27.8
2025-02-08 03:00:00+00:00,0.0,27.72
2025-02-08 04:00:00+00:00,0.0,27.68
2025-02-08 05:00:00+00:00,0.0,27.6
2025-02-08 06:00:00+00:00,0.0,27.51
2025-02-08 07:00:00+00:00,0.0,27.44
2025-02-08 08:00:00+00:00,0.0,27.39
2025-02-08 09:00:00+00:00,0.0,27.36
2025-02-08 10:00:00+00:00,0.0,27.3
2025-02-08 11:00:00+00:00,0.0,27.25
2025-02-08 12:00:00+00:00,0.0,27.21
2025-02-08 13:00:00+00:00,0.0,27.21
2025-02-08 14:00:00+00:00,42.47,27.44
2025-02-08 15:00:00+00:00,171.18,27.82
2025-02-08 16:00:00+00:00,341.5,28.05
2025-02-08 17:00:00+00:00,580.85,28.22
2025-02-08 18:00:00+00:00,690.33,28.37
2025-02-08 19:00:00+00:00,801.6,28.54
2025-02-08 20:00:00+00:00,807.58,28.66
2025-02-08 21:00:00+00:00,756.2,28.71
2025-02-08 22:00:00+00:00,639.08,28.67
2025-02-08 23:00:00+00:00,504.8,28.61
2025-02-09 00:00:00+00:00,276.65,28.47
2025-02-09 01:00:00+00:00,81.2,28.21
2025-02-09 02:00:00+00:00,0.0,27.87
2025-02-09 03:00:00+00:00,0.0,27.69
2025-02-09 04:00:00+00:00,0.0,27.59
2025-02-09 05:00:00+00:00,0.0,27.53
2025-02-09 06:00:00+00:00,0.0,27.46
2025-02-09 07:00:00+00:00,0.0,27.39
2025-02-09 08:00:00+00:00,0.0,27.29
2025-02-09 09:00:00+00:00,0.0,27.19
2025-02-09 10:00:00+00:00,0.0,27.08
2025-02-09 11:00:00+00:00,0.0,26.98
2025-02-09 12:00:00+00:00,0.0,26.91
2025-02-09 13:00:00+00:00,0.0,26.87
2025-02-09 14:00:00+00:00,52.3,27.23
2025-02-09 15:00:00+00:00,182.68,27.69
2025-02-09 16:00:00+00:00,342.88,27.99
2025-02-09 17:00:00+00:00,585.12,28.29
2025-02-09 18:00:00+00:00,720.22,28.56
2025-02-09 19:00:00+00:00,734.62,28.76
2025-02-09 20:00:00+00:00,739.83,28.85
2025-02-09 21:00:00+00:00,712.67,28.86
2025-02-09 22:00:00+00:00,546.95,28.79
2025-02-09 23:00:00+00:00,335.75,28.63
2025-02-10 00:00:00+00:00,198.85,28.39
2025-02-10 01:00:00+00:00,70.4,27.95
2025-02-10 02:00:00+00:00,0.0,27.54
2025-02-10 03:00:00+00:00,0.0,27.37
2025-02-10 04:00:00+00:00,0.0,27.26
2025-02-10 05:00:00+00:00,0.0,27.19
2025-02-10 06:00:00+00:00,0.0,27.16
2025-02-10 07:00:00+00:00,0.0,27.12
2025-02-10 08:00:00+00:00,0.0,27.08
2025-02-10 09:00:00+00:00,0.0,27.02
2025-02-10 10:00:00+00:00,0.0,26.94
2025-02-10 11:00:00+00:00,0.0,26.86
2025-02-10 12:00:00+00:00,0.0,26.85
2025-02-10 13:00:00+00:00,0.0,26.88
2025-02-10 14:00:00+00:00,46.0,27.25
2025-02-10 15:00:00+00:00,192.15,27.71
2025-02-10 16:00:00+00:00,370.12,28.02
2025-02-10 17:00:00+00:00,522.3,28.24
2025-02-10 18:00:00+00:00,578.2,28.39
2025-02-10 19:00:00+00:00,566.22,28.48
2025-02-10 20:00:00+00:00,507.95,28.46
2025-02-10 21:00:00+00:00,439.17,28.42
2025-02-10 22:00:00+00:00,367.2,28.38
2025-02-10 23:00:00+00:00,213.05,28.3
2025-02-11 00:00:00+00:00,127.72,28.14
2025-02-11 01:00:00+00:00,48.33,27.84
2025-02-11 02:00:00+00:00,0.0,27.53
2025-02-11 03:00:00+00:00,0.0,27.43
2025-02-11 04:00:00+00:00,0.0,27.4
2025-02-11 05:00:00+00:00,0.0,27.37
2025-02-11 06:00:00+00:00,0.0,27.29
2025-02-11 07:00:00+00:00,0.0,27.23
2025-02-11 08:00:00+00:00,0.0,27.23
2025-02-11 09:00:00+00:00,0.0,27.25
2025-02-11 10:00:00+00:00,0.0,27.24
2025-02-11 11:00:00+00:00,0.0,27.15
2025-02-11 12:00:00+00:00,0.0,27.06
2025-02-11 13:00:00+00:00,0.0,26.99
2025-02-11 14:00:00+00:00,35.62,27.16
2025-02-11 15:00:00+00:00,126.95,27.54
2025-02-11 16:00:00+00:00,229.05,27.88
2025-02-11 17:00:00+00:00,217.85,28.15
2025-02-11 18:00:00+00:00,461.9,28.33
2025-02-11 19:00:00+00:00,352.62,28.41
2025-02-11 20:00:00+00:00,496.48,28.39
2025-02-11 21:00:00+00:00,371.48,28.3
2025-02-11 22:00:00+00:00,395.08,28.18
2025-02-11 23:00:00+00:00,309.25,28.0
2025-02-12 00:00:00+00:00,162.23,27.78
2025-02-12 01:00:00+00:00,56.5,27.49
2025-02-12 02:00:00+00:00,0.0,27.28
2025-02-12 03:00:00+00:00,0.0,27.28
2025-02-12 04:00:00+00:00,0.0,27.25
2025-02-12 05:00:00+00:00,0.0,27.17
2025-02-12 06:00:00+00:00,0.0,27.09
2025-02-12 07:00:00+00:00,0.0,27.03
2025-02-12 08:00:00+00:00,0.0,26.96
2025-02-12 09:00:00+00:00,0.0,26.9
2025-02-12 10:00:00+00:00,0.0,26.88
2025-02-12 11:00:00+00:00,0.0,26.87
2025-02-12 12:00:00+00:00,0.0,26.91
2025-02-12 13:00:00+00:00,0.0,26.93
2025-02-12 14:00:00+00:00,35.67,27.29
2025-02-12 15:00:00+00:00,131.45,27.78
2025-02-12 16:00:00+00:00,252.38,28.09
2025-02-12 17:00:00+00:00,349.35,28.33
2025-02-12 18:00:00+00:00,426.23,28.46
2025-02-12 19:00:00+00:00,546.8,28.46
2025-02-12 20:00:00+00:00,678.4,28.42
2025-02-12 21:00:00+00:00,657.55,28.34
2025-02-12 22:00:00+00:00,603.35,28.25
2025-02-12 23:00:00+00:00,469.25,28.16
2025-02-13 00:00:00+00:00,257.5,28.04
2025-02-13 01:00:00+00:00,80.05,27.79
2025-02-13 02:00:00+00:00,0.0,27.42
2025-02-13 03:00:00+00:00,0.0,27.28
2025-02-13 04:00:00+00:00,0.0,27.2
2025-02-13 05:00:00+00:00,0.0,27.14
2025-02-13 06:00:00+00:00,0.0,27.08
2025-02-13 07:00:00+00:00,0.0,27.0
2025-02-13 08:00:00+00:00,0.0,26.89
2025-02-13 09:00:00+00:00,0.0,26.76
2025-02-13 10:00:00+00:00,0.0,26.65
2025-02-13 11:00:00+00:00,0.0,26.58
2025-02-13 12:00:00+00:00,0.0,26.51
2025-02-13 13:00:00+00:00,0.0,26.48
2025-02-13 14:00:00+00:00,43.4,26.82
2025-02-13 15:00:00+00:00,169.52,27.2
2025-02-13 16:00:00+00:00,352.23,27.49
2025-02-13 17:00:00+00:00,561.67,27.68
2025-02-13 18:00:00+00:00,614.15,27.81
2025-02-13 19:00:00+00:00,601.47,27.92
2025-02-13 20:00:00+00:00,585.25,27.96
2025-02-13 21:00:00+00:00,527.85,27.96
2025-02-13 22:00:00+00:00,380.65,27.96
2025-02-13 23:00:00+00:00,296.85,27.91
2025-02-14 00:00:00+00:00,159.75,27.81
2025-02-14 01:00:00+00:00,50.03,27.61
2025-02-14 02:00:00+00:00,0.0,27.38
2025-02-14 03:00:00+00:00,0.0,27.32
2025-02-14 04:00:00+00:00,0.0,27.28
2025-02-14 05:00:00+00:00,0.0,27.23
2025-02-14 06:00:00+00:00,0.0,27.17
2025-02-14 07:00:00+00:00,0.0,27.09
2025-02-14 08:00:00+00:00,0.0,27.01
2025-02-14 09:00:00+00:00,0.0,26.93
2025-02-14 10:00:00+00:00,0.0,26.87
2025-02-14 11:00:00+00:00,0.0,26.81
2025-02-14 12:00:00+00:00,0.0,26.77
2025-02-14 13:00:00+00:00,0.0,26.74
2025-02-14 14:00:00+00:00,49.6,27.09
2025-02-14 15:00:00+00:00,194.02,27.58
2025-02-14 16:00:00+00:00,373.92,27.88
2025-02-14 17:00:00+00:00,599.45,28.11
2025-02-14 18:00:00+00:00,799.38,28.24
2025-02-14 19:00:00+00:00,859.53,28.33
2025-02-14 20:00:00+00:00,880.65,28.34
2025-02-14 21:00:00+00:00,829.9,28.28
2025-02-14 22:00:00+00:00,671.92,28.2
2025-02-14 23:00:00+00:00,477.83,28.1
2025-02-15 00:00:00+00:00,268.52,27.93
2025-02-15 01:00:00+00:00,78.22,27.69
2025-02-15 02:00:00+00:00,0.0,27.41
2025-02-15 03:00:00+00:00,0.0,27.3
2025-02-15 04:00:00+00:00,0.0,27.22
2025-02-15 05:00:00+00:00,0.0,27.16
2025-02-15 06:00:00+00:00,0.0,27.09
2025-02-15 07:00:00+00:00,0.0,27.02
2025-02-15 08:00:00+00:00,0.0,26.95
2025-02-15 09:00:00+00:00,0.0,26.89
2025-02-15 10:00:00+00:00,0.0,26.85
2025-02-15 11:00:00+00:00,0.0,26.82
2025-02-15 12:00:00+00:00,0.0,26.81
2025-02-15 13:00:00+00:00,0.0,26.8
2025-02-15 14:00:00+00:00,67.97,27.06
2025-02-15 15:00:00+00:00,300.73,27.5
2025-02-15 16:00:00+00:00,539.15,27.76
2025-02-15 17:00:00+00:00,725.28,28.02
2025-02-15 18:00:00+00:00,871.8,28.27
2025-02-15 19:00:00+00:00,958.58,28.47
2025-02-15 20:00:00+00:00,936.42,28.57
2025-02-15 21:00:00+00:00,850.38,28.59
2025-02-15 22:00:00+00:00,710.85,28.58
2025-02-15 23:00:00+00:00,496.73,28.53
2025-02-16 00:00:00+00:00,288.0,28.45
2025-02-16 01:00:00+00:00,91.97,28.35
2025-02-16 02:00:00+00:00,0.0,28.17
2025-02-16 03:00:00+00:00,0.0,28.03
2025-02-16 04:00:00+00:00,0.0,27.94
2025-02-16 05:00:00+00:00,0.0,27.87
2025-02-16 06:00:00+00:00,0.0,27.78
2025-02-16 07:00:00+00:00,0.0,27.67
2025-02-16 08:00:00+00:00,0.0,27.55
2025-02-16 09:00:00+00:00,0.0,27.45
2025-02-16 10:00:00+00:00,0.0,27.35
2025-02-16 11:00:00+00:00,0.0,27.28
2025-02-16 12:00:00+00:00,0.0,27.23
2025-02-16 13:00:00+00:00,0.0,27.21
2025-02-16 14:00:00+00:00,71.97,27.31
2025-02-16 15:00:00+00:00,302.4,27.55
2025-02-16 16:00:00+00:00,551.92,27.77
2025-02-16 17:00:00+00:00,753.5,28.01
2025-02-16 18:00:00+00:00,879.05,28.26
2025-02-16 19:00:00+00:00,905.53,28.48
2025-02-16 20:00:00+00:00,897.78,28.57
2025-02-16 21:00:00+00:00,813.3,28.58
2025-02-16 22:00:00+00:00,711.33,28.51
2025-02-16 23:00:00+00:00,522.2,28.41
2025-02-17 00:00:00+00:00,285.3,28.26
2025-02-17 01:00:00+00:00,82.12,28.04
2025-02-17 02:00:00+00:00,0.0,27.76
2025-02-17 03:00:00+00:00,0.0,27.61
2025-02-17 04:00:00+00:00,0.0,27.5
2025-02-17 05:00:00+00:00,0.0,27.42
2025-02-17 06:00:00+00:00,0.0,27.32
2025-02-17 07:00:00+00:00,0.0,27.18
2025-02-17 08:00:00+00:00,0.0,27.05
2025-02-17 09:00:00+00:00,0.0,26.96
2025-02-17 10:00:00+00:00,0.0,26.91
2025-02-17 11:00:00+00:00,0.0,26.89
2025-02-17 12:00:00+00:00,0.0,26.88
2025-02-17 13:00:00+00:00,0.0,26.92
2025-02-17 14:00:00+00:00,64.75,27.15
2025-02-17 15:00:00+00:00,270.05,27.5
2025-02-17 16:00:00+00:00,478.08,27.89
2025-02-17 17:00:00+00:00,697.22,28.34
2025-02-17 18:00:00+00:00,776.55,28.67
2025-02-17 19:00:00+00:00,779.2,28.8
2025-02-17 20:00:00+00:00,662.5,28.85
2025-02-17 21:00:00+00:00,542.4,28.87
2025-02-17 22:00:00+00:00,421.5,28.85
2025-02-17 23:00:00+00:00,287.02,28.8
2025-02-18 00:00:00+00:00,170.2,28.66
2025-02-18 01:00:00+00:00,57.0,28.42
2025-02-18 02:00:00+00:00,0.0,28.09
2025-02-18 03:00:00+00:00,0.0,27.93
2025-02-18 04:00:00+00:00,0.0,27.79
2025-02-18 05:00:00+00:00,0.0,27.68
2025-02-18 06:00:00+00:00,0.0,27.54
2025-02-18 07:00:00+00:00,0.0,27.39
2025-02-18 08:00:00+00:00,0.0,27.23
2025-02-18 09:00:00+00:00,0.0,27.11
2025-02-18 10:00:00+00:00,0.0,27.03
2025-02-18 11:00:00+00:00,0.0,26.99
2025-02-18 12:00:00+00:00,0.0,26.97
2025-02-18 13:00:00+00:00,0.0,26.96
2025-02-18 14:00:00+00:00,47.3,27.14
2025-02-18 15:00:00+00:00,178.77,27.44
2025-02-18 16:00:00+00:00,351.83,27.66
2025-02-18 17:00:00+00:00,553.58,27.81
2025-02-18 18:00:00+00:00,644.15,27.82
2025-02-18 19:00:00+00:00,786.3,27.8
2025-02-18 20:00:00+00:00,585.7,27.76
2025-02-18 21:00:00+00:00,506.9,27.81
2025-02-18 22:00:00+00:00,415.23,27.81
2025-02-18 23:00:00+00:00,237.32,27.76
2025-02-19 00:00:00+00:00,124.8,27.67
2025-02-19 01:00:00+00:00,36.6,27.47
2025-02-19 02:00:00+00:00,0.0,27.29
2025-02-19 03:00:00+00:00,0.0,27.23
2025-02-19 04:00:00+00:00,0.0,27.21
2025-02-19 05:00:00+00:00,0.0,27.19
2025-02-19 06:00:00+00:00,0.0,27.13
2025-02-19 07:00:00+00:00,0.0,27.02
2025-02-19 08:00:00+00:00,0.0,26.88
2025-02-19 09:00:00+00:00,0.0,26.76
2025-02-19 10:00:00+00:00,0.0,26.69
2025-02-19 11:00:00+00:00,0.0,26.65
2025-02-19 12:00:00+00:00,0.0,26.63
2025-02-19 13:00:00+00:00,0.0,26.63
2025-02-19 14:00:00+00:00,43.47,26.94
2025-02-19 15:00:00+00:00,162.65,27.39
2025-02-19 16:00:00+00:00,322.08,27.58
2025-02-19 17:00:00+00:00,501.9,27.75
2025-02-19 18:00:00+00:00,476.6,27.94
2025-02-19 19:00:00+00:00,254.77,28.17
2025-02-19 20:00:00+00:00,339.58,28.34
2025-02-19 21:00:00+00:00,395.25,28.49
2025-02-19 22:00:00+00:00,368.58,28.58
2025-02-19 23:00:00+00:00,286.02,28.59
2025-02-20 00:00:00+00:00,148.2,28.53
2025-02-20 01:00:00+00:00,45.5,28.34
2025-02-20 02:00:00+00:00,0.0,28.03
2025-02-20 03:00:00+00:00,0.0,27.85
2025-02-20 04:00:00+00:00,0.0,27.65
2025-02-20 05:00:00+00:00,0.0,27.44
2025-02-20 06:00:00+00:00,0.0,27.22
2025-02-20 07:00:00+00:00,0.0,26.99
2025-02-20 08:00:00+00:00,0.0,26.76
2025-02-20 09:00:00+00:00,0.0,26.57
2025-02-20 10:00:00+00:00,0.0,26.44
2025-02-20 11:00:00+00:00,0.0,26.36
2025-02-20 12:00:00+00:00,0.0,26.31
2025-02-20 13:00:00+00:00,0.0,26.3
2025-02-20 14:00:00+00:00,55.7,26.59
2025-02-20 15:00:00+00:00,211.65,26.92
2025-02-20 16:00:00+00:00,410.65,27.13
2025-02-20 17:00:00+00:00,616.58,27.29
2025-02-20 18:00:00+00:00,696.12,27.39
2025-02-20 19:00:00+00:00,691.2,27.37
2025-02-20 20:00:00+00:00,702.45,27.28
2025-02-20 21:00:00+00:00,622.62,27.27
2025-02-20 22:00:00+00:00,596.55,27.28
2025-02-20 23:00:00+00:00,469.75,27.27
2025-02-21 00:00:00+00:00,252.9,27.23
2025-02-21 01:00:00+00:00,72.53,27.11
2025-02-21 02:00:00+00:00,0.0,26.92
2025-02-21 03:00:00+00:00,0.0,26.83
2025-02-21 04:00:00+00:00,0.0,26.75
2025-02-21 05:00:00+00:00,0.0,26.65
2025-02-21 06:00:00+00:00,0.0,26.54
2025-02-21 07:00:00+00:00,0.0,26.44
2025-02-21 08:00:00+00:00,0.0,26.4
2025-02-21 09:00:00+00:00,0.0,26.44
2025-02-21 10:00:00+00:00,0.0,26.5
2025-02-21 11:00:00+00:00,0.0,26.56
2025-02-21 12:00:00+00:00,0.0,26.61
2025-02-21 13:00:00+00:00,0.0,26.67
2025-02-21 14:00:00+00:00,42.17,26.84
2025-02-21 15:00:00+00:00,150.25,27.2
2025-02-21 16:00:00+00:00,208.07,27.36
2025-02-21 17:00:00+00:00,300.15,27.5
2025-02-21 18:00:00+00:00,443.83,27.63
2025-02-21 19:00:00+00:00,479.45,27.71
2025-02-21 20:00:00+00:00,617.45,27.72
2025-02-21 21:00:00+00:00,633.45,27.7
2025-02-21 22:00:00+00:00,469.27,27.62
2025-02-21 23:00:00+00:00,270.1,27.53
2025-02-22 00:00:00+00:00,151.75,27.41
2025-02-22 01:00:00+00:00,48.25,27.21
2025-02-22 02:00:00+00:00,0.0,27.0
2025-02-22 03:00:00+00:00,0.0,26.89
2025-02-22 04:00:00+00:00,0.0,26.81
2025-02-22 05:00:00+00:00,0.0,26.75
2025-02-22 06:00:00+00:00,0.0,26.68
2025-02-22 07:00:00+00:00,0.0,26.59
2025-02-22 08:00:00+00:00,0.0,26.53
2025-02-22 09:00:00+00:00,0.0,26.45
2025-02-22 10:00:00+00:00,0.0,26.37
2025-02-22 11:00:00+00:00,0.0,26.34
2025-02-22 12:00:00+00:00,0.0,26.34
2025-02-22 13:00:00+00:00,0.0,26.37
2025-02-22 14:00:00+00:00,59.42,26.72
2025-02-22 15:00:00+00:00,240.48,27.19
2025-02-22 16:00:00+00:00,456.95,27.5
2025-02-22 17:00:00+00:00,684.03,27.79
2025-02-22 18:00:00+00:00,812.62,28.01
2025-02-22 19:00:00+00:00,868.17,28.22
2025-02-22 20:00:00+00:00,916.38,28.27
2025-02-22 21:00:00+00:00,814.92,28.25
2025-02-22 22:00:00+00:00,683.67,28.19
2025-02-22 23:00:00+00:00,510.77,28.07
2025-02-23 00:00:00+00:00,275.12,27.91
2025-02-23 01:00:00+00:00,80.15,27.66
2025-02-23 02:00:00+00:00,0.0,27.33
2025-02-23 03:00:00+00:00,0.0,27.15
2025-02-23 04:00:00+00:00,0.0,26.99
2025-02-23 05:00:00+00:00,0.0,26.85
2025-02-23 06:00:00+00:00,0.0,26.71
2025-02-23 07:00:00+00:00,0.0,26.56
2025-02-23 08:00:00+00:00,0.0,26.41
2025-02-23 09:00:00+00:00,0.0,26.29
2025-02-23 10:00:00+00:00,0.0,26.22
2025-02-23 11:00:00+00:00,0.0,26.18
2025-02-23 12:00:00+00:00,0.0,26.14
2025-02-23 13:00:00+00:00,0.0,26.13
2025-02-23 14:00:00+00:00,68.88,26.43
2025-02-23 15:00:00+00:00,288.35,26.81
2025-02-23 16:00:00+00:00,538.53,27.04
2025-02-23 17:00:00+00:00,747.6,27.3
2025-02-23 18:00:00+00:00,885.65,27.57
2025-02-23 19:00:00+00:00,928.78,27.73
2025-02-23 20:00:00+00:00,808.12,27.75
2025-02-23 21:00:00+00:00,790.12,27.68
2025-02-23 22:00:00+00:00,701.42,27.6
2025-02-23 23:00:00+00:00,527.25,27.47
2025-02-24 00:00:00+00:00,296.08,27.27
2025-02-24 01:00:00+00:00,82.72,27.05
2025-02-24 02:00:00+00:00,0.0,26.83
2025-02-24 03:00:00+00:00,0.0,26.74
2025-02-24 04:00:00+00:00,0.0,26.69
2025-02-24 05:00:00+00:00,0.0,26.65
2025-02-24 06:00:00+00:00,0.0,26.6
2025-02-24 07:00:00+00:00,0.0,26.54
2025-02-24 08:00:00+00:00,0.0,26.48
2025-02-24 09:00:00+00:00,0.0,26.42
2025-02-24 10:00:00+00:00,0.0,26.39
2025-02-24 11:00:00+00:00,0.0,26.39
2025-02-24 12:00:00+00:00,0.0,26.43
2025-02-24 13:00:00+00:00,0.0,26.51
2025-02-24 14:00:00+00:00,44.85,26.79
2025-02-24 15:00:00+00:00,184.88,27.24
2025-02-24 16:00:00+00:00,348.5,27.46
2025-02-24 17:00:00+00:00,501.58,27.62
2025-02-24 18:00:00+00:00,716.42,27.87
2025-02-24 19:00:00+00:00,833.12,28.15
2025-02-24 20:00:00+00:00,790.5,28.45
2025-02-24 21:00:00+00:00,675.0,28.65
2025-02-24 22:00:00+00:00,575.33,28.65
2025-02-24 23:00:00+00:00,378.55,28.56
2025-02-25 00:00:00+00:00,198.73,28.36
2025-02-25 01:00:00+00:00,61.05,28.04
2025-02-25 02:00:00+00:00,0.0,27.64
2025-02-25 03:00:00+00:00,0.0,27.4
2025-02-25 04:00:00+00:00,0.0,27.21
2025-02-25 05:00:00+00:00,0.0,27.06
2025-02-25 06:00:00+00:00,0.0,26.9
2025-02-25 07:00:00+00:00,0.0,26.74
2025-02-25 08:00:00+00:00,0.0,26.58
2025-02-25 09:00:00+00:00,0.0,26.46
2025-02-25 10:00:00+00:00,0.0,26.37
2025-02-25 11:00:00+00:00,0.0,26.32
2025-02-25 12:00:00+00:00,0.0,26.3
2025-02-25 13:00:00+00:00,0.0,26.31
2025-02-25 14:00:00+00:00,20.42,26.69
2025-02-25 15:00:00+00:00,141.55,27.14
2025-02-25 16:00:00+00:00,262.55,27.39
2025-02-25 17:00:00+00:00,483.08,27.57
2025-02-25 18:00:00+00:00,607.55,27.76
2025-02-25 19:00:00+00:00,771.2,27.92
2025-02-25 20:00:00+00:00,804.88,28.02
2025-02-25 21:00:00+00:00,807.95,28.04
2025-02-25 22:00:00+00:00,609.92,27.99
2025-02-25 23:00:00+00:00,459.3,27.9
2025-02-26 00:00:00+00:00,243.95,27.8
2025-02-26 01:00:00+00:00,60.85,27.66
2025-02-26 02:00:00+00:00,0.0,27.44
2025-02-26 03:00:00+00:00,0.0,27.34
2025-02-26 04:00:00+00:00,0.0,27.27
2025-02-26 05:00:00+00:00,0.0,27.21
2025-02-26 06:00:00+00:00,0.0,27.14
2025-02-26 07:00:00+00:00,0.0,27.04
2025-02-26 08:00:00+00:00,0.0,26.93
2025-02-26 09:00:00+00:00,0.0,26.85
2025-02-26 10:00:00+00:00,0.0,26.8
2025-02-26 11:00:00+00:00,0.0,26.78
2025-02-26 12:00:00+00:00,0.0,26.78
2025-02-26 13:00:00+00:00,0.0,26.76
2025-02-26 14:00:00+00:00,61.22,27.02
2025-02-26 15:00:00+00:00,276.38,27.49
2025-02-26 16:00:00+00:00,526.45,27.84
2025-02-26 17:00:00+00:00,752.03,28.26
2025-02-26 18:00:00+00:00,880.15,28.73
2025-02-26 19:00:00+00:00,893.15,29.14
2025-02-26 20:00:00+00:00,958.0,29.44
2025-02-26 21:00:00+00:00,871.47,29.57
2025-02-26 22:00:00+00:00,748.17,29.56
2025-02-26 23:00:00+00:00,506.62,29.43
2025-02-27 00:00:00+00:00,279.62,29.19
2025-02-27 01:00:00+00:00,78.05,28.83
2025-02-27 02:00:00+00:00,0.0,28.4
2025-02-27 03:00:00+00:00,0.0,28.17
2025-02-27 04:00:00+00:00,0.0,27.97
2025-02-27 05:00:00+00:00,0.0,27.78
2025-02-27 06:00:00+00:00,0.0,27.6
2025-02-27 07:00:00+00:00,0.0,27.43
2025-02-27 08:00:00+00:00,0.0,27.27
2025-02-27 09:00:00+00:00,0.0,27.18
2025-02-27 10:00:00+00:00,0.0,27.15
2025-02-27 11:00:00+00:00,0.0,27.16
2025-02-27 12:00:00+00:00,0.0,27.15
2025-02-27 13:00:00+00:00,0.0,27.15
2025-02-27 14:00:00+00:00,46.17,27.37
2025-02-27 15:00:00+00:00,199.15,27.67
2025-02-27 16:00:00+00:00,401.0,27.77
2025-02-27 17:00:00+00:00,601.72,27.88
2025-02-27 18:00:00+00:00,755.25,27.97
2025-02-27 19:00:00+00:00,859.3,28.04
2025-02-27 20:00:00+00:00,863.72,28.1
2025-02-27 21:00:00+00:00,813.12,28.1
2025-02-27 22:00:00+00:00,627.9,28.01
2025-02-27 23:00:00+00:00,401.65,27.74
2025-02-28 00:00:00+00:00,210.32,27.45
2025-02-28 01:00:00+00:00,53.47,27.16
2025-02-28 02:00:00+00:00,0.0,26.91
2025-02-28 03:00:00+00:00,0.0,26.84
2025-02-28 04:00:00+00:00,0.0,26.79
2025-02-28 05:00:00+00:00,0.0,26.74
2025-02-28 06:00:00+00:00,0.0,26.64
2025-02-28 07:00:00+00:00,0.0,26.54
2025-02-28 08:00:00+00:00,0.0,26.45
2025-02-28 09:00:00+00:00,0.0,26.42
2025-02-28 10:00:00+00:00,0.0,26.46
2025-02-28 11:00:00+00:00,0.0,26.56
2025-02-28 12:00:00+00:00,0.0,26.66
2025-02-28 13:00:00+00:00,0.0,26.73
2025-02-28 14:00:00+00:00,70.97,26.92
2025-02-28 15:00:00+00:00,304.52,27.28
2025-02-28 16:00:00+00:00,567.9,27.7
2025-02-28 17:00:00+00:00,782.33,28.29
2025-02-28 18:00:00+00:00,886.08,28.8
2025-02-28 19:00:00+00:00,1026.4,29.24
2025-02-28 20:00:00+00:00,998.4,29.76
2025-02-28 21:00:00+00:00,830.58,30.18
2025-02-28 22:00:00+00:00,757.85,30.43
2025-02-28 23:00:00+00:00,527.7,30.51
2025-03-01 00:00:00+00:00,279.42,30.41
2025-03-01 01:00:00+00:00,72.35,30.17
2025-03-01 02:00:00+00:00,0.0,29.54
2025-03-01 03:00:00+00:00,0.0,29.24
2025-03-01 04:00:00+00:00,0.0,28.99
2025-03-01 05:00:00+00:00,0.0,28.79
2025-03-01 06:00:00+00:00,0.0,28.59
2025-03-01 07:00:00+00:00,0.0,28.4
2025-03-01 08:00:00+00:00,0.0,28.19
2025-03-01 09:00:00+00:00,0.0,27.97
2025-03-01 10:00:00+00:00,0.0,27.76
2025-03-01 11:00:00+00:00,0.0,27.6
2025-03-01 12:00:00+00:00,0.0,27.48
2025-03-01 13:00:00+00:00,0.0,27.4
2025-03-01 14:00:00+00:00,70.6,27.68
2025-03-01 15:00:00+00:00,286.0,28.16
2025-03-01 16:00:00+00:00,523.72,28.53
2025-03-01 17:00:00+00:00,719.95,28.89
2025-03-01 18:00:00+00:00,930.58,29.15
2025-03-01 19:00:00+00:00,991.08,29.31
2025-03-01 20:00:00+00:00,970.95,29.43
2025-03-01 21:00:00+00:00,893.2,29.45
2025-03-01 22:00:00+00:00,733.1,29.39
2025-03-01 23:00:00+00:00,564.3,29.26
2025-03-02 00:00:00+00:00,333.08,29.01
2025-03-02 01:00:00+00:00,95.35,28.61
2025-03-02 02:00:00+00:00,0.0,28.15
2025-03-02 03:00:00+00:00,0.0,27.94
2025-03-02 04:00:00+00:00,0.0,27.83
2025-03-02 05:00:00+00:00,0.0,27.82
2025-03-02 06:00:00+00:00,0.0,27.85
2025-03-02 07:00:00+00:00,0.0,27.85
2025-03-02 08:00:00+00:00,0.0,27.85
2025-03-02 09:00:00+00:00,0.0,27.89
2025-03-02 10:00:00+00:00,0.0,27.92
2025-03-02 11:00:00+00:00,0.0,27.92
2025-03-02 12:00:00+00:00,0.0,27.89
2025-03-02 13:00:00+00:00,0.0,27.84
2025-03-02 14:00:00+00:00,67.78,28.22
2025-03-02 15:00:00+00:00,269.98,28.69
2025-03-02 16:00:00+00:00,498.4,28.96
2025-03-02 17:00:00+00:00,660.12,29.19
2025-03-02 18:00:00+00:00,846.65,29.39
2025-03-02 19:00:00+00:00,1010.97,29.56
2025-03-02 20:00:00+00:00,994.85,29.83
2025-03-02 21:00:00+00:00,895.15,30.11
2025-03-02 22:00:00+00:00,769.83,30.3
2025-03-02 23:00:00+00:00,518.15,30.36
2025-03-03 00:00:00+00:00,304.62,30.3
2025-03-03 01:00:00+00:00,81.28,30.01
2025-03-03 02:00:00+00:00,0.0,29.46
2025-03-03 03:00:00+00:00,0.0,29.16
2025-03-03 04:00:00+00:00,0.0,28.9
2025-03-03 05:00:00+00:00,0.0,28.7
2025-03-03 06:00:00+00:00,0.0,28.51
2025-03-03 07:00:00+00:00,0.0,28.31
2025-03-03 08:00:00+00:00,0.0,28.13
2025-03-03 09:00:00+00:00,0.0,28.0
2025-03-03 10:00:00+00:00,0.0,27.91
2025-03-03 11:00:00+00:00,0.0,27.85
2025-03-03 12:00:00+00:00,0.0,27.8
2025-03-03 13:00:00+00:00,0.0,27.77
2025-03-03 14:00:00+00:00,53.17,28.17
2025-03-03 15:00:00+00:00,231.65,28.67
2025-03-03 16:00:00+00:00,430.8,29.06
2025-03-03 17:00:00+00:00,592.78,29.43
2025-03-03 18:00:00+00:00,742.95,29.73
2025-03-03 19:00:00+00:00,748.05,30.0
2025-03-03 20:00:00+00:00,857.9,30.2
2025-03-03 21:00:00+00:00,814.62,30.28
2025-03-03 22:00:00+00:00,743.28,30.27
2025-03-03 23:00:00+00:00,545.33,30.11
2025-03-04 00:00:00+00:00,309.5,29.83
2025-03-04 01:00:00+00:00,86.6,29.45
2025-03-04 02:00:00+00:00,0.0,28.99
2025-03-04 03:00:00+00:00,0.0,28.73
2025-03-04 04:00:00+00:00,0.0,28.52
2025-03-04 05:00:00+00:00,0.0,28.36
2025-03-04 06:00:00+00:00,0.0,28.28
2025-03-04 07:00:00+00:00,0.0,28.19
2025-03-04 08:00:00+00:00,0.0,28.08
2025-03-04 09:00:00+00:00,0.0,27.98
2025-03-04 10:00:00+00:00,0.0,27.95
2025-03-04 11:00:00+00:00,0.0,27.9
2025-03-04 12:00:00+00:00,0.0,27.81
2025-03-04 13:00:00+00:00,0.0,27.77
2025-03-04 14:00:00+00:00,57.9,28.01
2025-03-04 15:00:00+00:00,256.08,28.37
2025-03-04 16:00:00+00:00,491.48,28.64
2025-03-04 17:00:00+00:00,577.45,28.9
2025-03-04 18:00:00+00:00,871.5,29.19
2025-03-04 19:00:00+00:00,1014.15,29.38
2025-03-04 20:00:00+00:00,976.83,29.53
2025-03-04 21:00:00+00:00,769.97,29.67
2025-03-04 22:00:00+00:00,723.4,29.73
2025-03-04 23:00:00+00:00,457.27,29.73
2025-03-05 00:00:00+00:00,255.52,29.68
2025-03-05 01:00:00+00:00,68.57,29.51
2025-03-05 02:00:00+00:00,0.0,29.28
2025-03-05 03:00:00+00:00,0.0,29.1
2025-03-05 04:00:00+00:00,0.0,28.94
2025-03-05 05:00:00+00:00,0.0,28.78
2025-03-05 06:00:00+00:00,0.0,28.62
2025-03-05 07:00:00+00:00,0.0,28.44
2025-03-05 08:00:00+00:00,0.0,28.3
2025-03-05 09:00:00+00:00,0.0,28.18
2025-03-05 10:00:00+00:00,0.0,28.11
2025-03-05 11:00:00+00:00,0.0,28.05
2025-03-05 12:00:00+00:00,0.0,28.0
2025-03-05 13:00:00+00:00,0.0,27.98
2025-03-05 14:00:00+00:00,70.82,28.34
2025-03-05 15:00:00+00:00,280.7,28.8
2025-03-05 16:00:00+00:00,495.05,29.11
2025-03-05 17:00:00+00:00,775.2,29.32
2025-03-05 18:00:00+00:00,928.12,29.57
2025-03-05 19:00:00+00:00,992.25,29.9
2025-03-05 20:00:00+00:00,915.65,30.07
2025-03-05 21:00:00+00:00,844.25,30.03
2025-03-05 22:00:00+00:00,752.05,29.85
2025-03-05 23:00:00+00:00,540.9,29.61
2025-03-06 00:00:00+00:00,295.52,29.38
2025-03-06 01:00:00+00:00,79.22,29.13
2025-03-06 02:00:00+00:00,0.0,28.83
2025-03-06 03:00:00+00:00,0.0,28.66
2025-03-06 04:00:00+00:00,0.0,28.51
2025-03-06 05:00:00+00:00,0.0,28.36
2025-03-06 06:00:00+00:00,0.0,28.23
2025-03-06 07:00:00+00:00,0.0,28.14
2025-03-06 08:00:00+00:00,0.0,28.07
2025-03-06 09:00:00+00:00,0.0,28.07
2025-03-06 10:00:00+00:00,0.0,28.06
2025-03-06 11:00:00+00:00,0.0,28.03
2025-03-06 12:00:00+00:00,0.0,28.02
2025-03-06 13:00:00+00:00,0.0,28.03
2025-03-06 14:00:00+00:00,74.15,28.31
2025-03-06 15:00:00+00:00,309.83,28.79
2025-03-06 16:00:00+00:00,556.8,29.21
2025-03-06 17:00:00+00:00,769.4,29.54
2025-03-06 18:00:00+00:00,916.42,29.81
2025-03-06 19:00:00+00:00,945.72,29.97
2025-03-06 20:00:00+00:00,945.53,30.08
2025-03-06 21:00:00+00:00,850.65,30.21
2025-03-06 22:00:00+00:00,713.65,30.28
2025-03-06 23:00:00+00:00,544.2,30.29
2025-03-07 00:00:00+00:00,306.2,30.24
2025-03-07 01:00:00+00:00,78.62,30.04
2025-03-07 02:00:00+00:00,0.0,29.66
2025-03-07 03:00:00+00:00,0.0,29.38
2025-03-07 04:00:00+00:00,0.0,29.16
2025-03-07 05:00:00+00:00,0.0,28.93
2025-03-07 06:00:00+00:00,0.0,28.67
2025-03-07 07:00:00+00:00,0.0,28.39
2025-03-07 08:00:00+00:00,0.0,28.12
2025-03-07 09:00:00+00:00,0.0,27.9
2025-03-07 10:00:00+00:00,0.0,27.77
2025-03-07 11:00:00+00:00,0.0,27.71
2025-03-07 12:00:00+00:00,0.0,27.67
2025-03-07 13:00:00+00:00,0.0,27.68
2025-03-07 14:00:00+00:00,51.5,27.91
2025-03-07 15:00:00+00:00,209.73,28.26
2025-03-07 16:00:00+00:00,412.85,28.56
2025-03-07 17:00:00+00:00,532.4,28.81
2025-03-07 18:00:00+00:00,604.45,28.95
2025-03-07 19:00:00+00:00,629.85,28.94
2025-03-07 20:00:00+00:00,651.25,28.94
2025-03-07 21:00:00+00:00,554.35,28.95
2025-03-07 22:00:00+00:00,525.53,28.95
2025-03-07 23:00:00+00:00,470.88,28.88
2025-03-08 00:00:00+00:00,247.23,28.76
2025-03-08 01:00:00+00:00,60.33,28.53
2025-03-08 02:00:00+00:00,0.0,28.28
2025-03-08 03:00:00+00:00,0.0,28.18
2025-03-08 04:00:00+00:00,0.0,28.09
2025-03-08 05:00:00+00:00,0.0,28.02
2025-03-08 06:00:00+00:00,0.0,27.92
2025-03-08 07:00:00+00:00,0.0,27.81
2025-03-08 08:00:00+00:00,0.0,27.7
2025-03-08 09:00:00+00:00,0.0,27.59
2025-03-08 10:00:00+00:00,0.0,27.5
2025-03-08 11:00:00+00:00,0.0,27.45
2025-03-08 12:00:00+00:00,0.0,27.41
2025-03-08 13:00:00+00:00,0.0,27.38
2025-03-08 14:00:00+00:00,53.33,27.56
2025-03-08 15:00:00+00:00,200.62,27.89
2025-03-08 16:00:00+00:00,379.8,28.02
2025-03-08 17:00:00+00:00,531.28,28.04
2025-03-08 18:00:00+00:00,518.62,28.02
2025-03-08 19:00:00+00:00,275.2,28.0
2025-03-08 20:00:00+00:00,218.85,27.91
2025-03-08 21:00:00+00:00,156.88,27.81
2025-03-08 22:00:00+00:00,188.75,27.68
2025-03-08 23:00:00+00:00,161.1,27.59
2025-03-09 00:00:00+00:00,101.05,27.49
2025-03-09 01:00:00+00:00,30.48,27.32
2025-03-09 02:00:00+00:00,0.0,27.15
2025-03-09 03:00:00+00:00,0.0,27.1
2025-03-09 04:00:00+00:00,0.0,27.07
2025-03-09 05:00:00+00:00,0.0,27.02
2025-03-09 06:00:00+00:00,0.0,26.93
2025-03-09 07:00:00+00:00,0.0,26.81
2025-03-09 08:00:00+00:00,0.0,26.71
2025-03-09 09:00:00+00:00,0.0,26.61
2025-03-09 10:00:00+00:00,0.0,26.51
2025-03-09 11:00:00+00:00,0.0,26.47
2025-03-09 12:00:00+00:00,0.0,26.49
2025-03-09 13:00:00+00:00,0.0,26.55
2025-03-09 14:00:00+00:00,43.55,26.8
2025-03-09 15:00:00+00:00,171.48,27.12
2025-03-09 16:00:00+00:00,350.42,27.32
2025-03-09 17:00:00+00:00,454.75,27.49
2025-03-09 18:00:00+00:00,634.33,27.64
2025-03-09 19:00:00+00:00,697.4,27.81
2025-03-09 20:00:00+00:00,728.53,27.98
2025-03-09 21:00:00+00:00,741.6,28.15
2025-03-09 22:00:00+00:00,647.62,28.25
2025-03-09 23:00:00+00:00,496.55,28.32
2025-03-10 00:00:00+00:00,260.48,28.32
2025-03-10 01:00:00+00:00,61.72,28.23
2025-03-10 02:00:00+00:00,0.0,28.05
2025-03-10 03:00:00+00:00,0.0,28.0
2025-03-10 04:00:00+00:00,0.0,27.99
2025-03-10 05:00:00+00:00,0.0,27.94
2025-03-10 06:00:00+00:00,0.0,27.75
2025-03-10 07:00:00+00:00,0.0,27.66
2025-03-10 08:00:00+00:00,0.0,27.52
2025-03-10 09:00:00+00:00,0.0,27.39
2025-03-10 10:00:00+00:00,0.0,27.31
2025-03-10 11:00:00+00:00,0.0,27.28
2025-03-10 12:00:00+00:00,0.0,27.26
2025-03-10 13:00:00+00:00,0.0,27.26
2025-03-10 14:00:00+00:00,66.93,27.46
2025-03-10 15:00:00+00:00,282.77,27.93
2025-03-10 16:00:00+00:00,524.97,28.22
2025-03-10 17:00:00+00:00,729.78,28.46
2025-03-10 18:00:00+00:00,880.78,28.59
2025-03-10 19:00:00+00:00,893.42,28.65
2025-03-10 20:00:00+00:00,901.03,28.62
2025-03-10 21:00:00+00:00,794.03,28.6
2025-03-10 22:00:00+00:00,678.08,28.59
2025-03-10 23:00:00+00:00,484.1,28.56
2025-03-11 00:00:00+00:00,259.75,28.54
2025-03-11 01:00:00+00:00,59.7,28.43
2025-03-11 02:00:00+00:00,0.0,28.19
2025-03-11 03:00:00+00:00,0.0,28.13
2025-03-11 04:00:00+00:00,0.0,28.09
2025-03-11 05:00:00+00:00,0.0,28.05
2025-03-11 06:00:00+00:00,0.0,27.98
2025-03-11 07:00:00+00:00,0.0,27.89
2025-03-11 08:00:00+00:00,0.0,27.78
2025-03-11 09:00:00+00:00,0.0,27.7
2025-03-11 10:00:00+00:00,0.0,27.63
2025-03-11 11:00:00+00:00,0.0,27.57
2025-03-11 12:00:00+00:00,0.0,27.51
2025-03-11 13:00:00+00:00,0.0,27.47
2025-03-11 14:00:00+00:00,67.57,27.63
2025-03-11 15:00:00+00:00,292.92,28.01
2025-03-11 16:00:00+00:00,541.3,28.15
2025-03-11 17:00:00+00:00,693.47,28.23
2025-03-11 18:00:00+00:00,853.3,28.24
2025-03-11 19:00:00+00:00,873.55,28.2
2025-03-11 20:00:00+00:00,894.58,28.1
2025-03-11 21:00:00+00:00,706.58,28.03
2025-03-11 22:00:00+00:00,564.1,28.0
2025-03-11 23:00:00+00:00,423.42,27.92
2025-03-12 00:00:00+00:00,216.27,27.81
2025-03-12 01:00:00+00:00,50.72,27.63
2025-03-12 02:00:00+00:00,0.0,27.47
2025-03-12 03:00:00+00:00,0.0,27.47
2025-03-12 04:00:00+00:00,0.0,27.52
2025-03-12 05:00:00+00:00,0.0,27.64
2025-03-12 06:00:00+00:00,0.0,27.65
2025-03-12 07:00:00+00:00,0.0,27.55
2025-03-12 08:00:00+00:00,0.0,27.44
2025-03-12 09:00:00+00:00,0.0,27.32
2025-03-12 10:00:00+00:00,0.0,27.25
2025-03-12 11:00:00+00:00,0.0,27.21
2025-03-12 12:00:00+00:00,0.0,27.22
2025-03-12 13:00:00+00:00,0.0,27.26
2025-03-12 14:00:00+00:00,69.47,27.38
2025-03-12 15:00:00+00:00,299.3,27.7
2025-03-12 16:00:00+00:00,535.67,27.88
2025-03-12 17:00:00+00:00,735.25,28.04
2025-03-12 18:00:00+00:00,834.1,28.23
2025-03-12 19:00:00+00:00,936.08,28.35
2025-03-12 20:00:00+00:00,862.45,28.42
2025-03-12 21:00:00+00:00,746.9,28.42
2025-03-12 22:00:00+00:00,592.67,28.35
2025-03-12 23:00:00+00:00,337.73,28.27
2025-03-13 00:00:00+00:00,187.65,28.16
2025-03-13 01:00:00+00:00,50.28,27.95
2025-03-13 02:00:00+00:00,0.0,27.73
2025-03-13 03:00:00+00:00,0.0,27.7
2025-03-13 04:00:00+00:00,0.0,27.7
2025-03-13 05:00:00+00:00,0.0,27.71
2025-03-13 06:00:00+00:00,0.0,27.67
2025-03-13 07:00:00+00:00,0.0,27.58
2025-03-13 08:00:00+00:00,0.0,27.43
2025-03-13 09:00:00+00:00,0.0,27.26
2025-03-13 10:00:00+00:00,0.0,27.12
2025-03-13 11:00:00+00:00,0.0,27.02
2025-03-13 12:00:00+00:00,0.0,26.97
2025-03-13 13:00:00+00:00,0.0,26.91
2025-03-13 14:00:00+00:00,54.08,27.1
2025-03-13 15:00:00+00:00,236.57,27.56
2025-03-13 16:00:00+00:00,454.27,27.85
2025-03-13 17:00:00+00:00,628.0,28.21
2025-03-13 18:00:00+00:00,700.58,28.65
2025-03-13 19:00:00+00:00,667.1,29.0
2025-03-13 20:00:00+00:00,723.45,29.19
2025-03-13 21:00:00+00:00,777.88,29.31
2025-03-13 22:00:00+00:00,658.28,29.36
2025-03-13 23:00:00+00:00,448.35,29.3
2025-03-14 00:00:00+00:00,231.0,29.12
2025-03-14 01:00:00+00:00,52.4,28.82
2025-03-14 02:00:00+00:00,0.0,28.45
2025-03-14 03:00:00+00:00,0.0,28.2
2025-03-14 04:00:00+00:00,0.0,28.01
2025-03-14 05:00:00+00:00,0.0,27.84
2025-03-14 06:00:00+00:00,0.0,27.68
2025-03-14 07:00:00+00:00,0.0,27.5
2025-03-14 08:00:00+00:00,0.0,27.34
2025-03-14 09:00:00+00:00,0.0,27.21
2025-03-14 10:00:00+00:00,0.0,27.17
2025-03-14 11:00:00+00:00,0.0,27.19
2025-03-14 12:00:00+00:00,0.0,27.23
2025-03-14 13:00:00+00:00,0.0,27.27
2025-03-14 14:00:00+00:00,48.67,27.39
2025-03-14 15:00:00+00:00,195.43,27.78
2025-03-14 16:00:00+00:00,399.33,28.06
2025-03-14 17:00:00+00:00,559.1,28.29
2025-03-14 18:00:00+00:00,671.28,28.46
2025-03-14 19:00:00+00:00,641.92,28.59
2025-03-14 20:00:00+00:00,677.75,28.68
2025-03-14 21:00:00+00:00,697.7,28.76
2025-03-14 22:00:00+00:00,576.1,28.75
2025-03-14 23:00:00+00:00,374.4,28.71
2025-03-15 00:00:00+00:00,186.48,28.65
2025-03-15 01:00:00+00:00,44.4,28.5
2025-03-15 02:00:00+00:00,0.0,28.34
2025-03-15 03:00:00+00:00,0.0,28.32
2025-03-15 04:00:00+00:00,0.0,28.29
2025-03-15 05:00:00+00:00,0.0,28.24
2025-03-15 06:00:00+00:00,0.0,28.16
2025-03-15 07:00:00+00:00,0.0,28.01
2025-03-15 08:00:00+00:00,0.0,27.86
2025-03-15 09:00:00+00:00,0.0,27.74
2025-03-15 10:00:00+00:00,0.0,27.66
2025-03-15 11:00:00+00:00,0.0,27.57
2025-03-15 12:00:00+00:00,0.0,27.5
2025-03-15 13:00:00+00:00,0.0,27.54
2025-03-15 14:00:00+00:00,29.58,27.72
2025-03-15 15:00:00+00:00,145.77,28.05
2025-03-15 16:00:00+00:00,206.07,28.16
2025-03-15 17:00:00+00:00,395.83,28.24
2025-03-15 18:00:00+00:00,539.03,28.31
2025-03-15 19:00:00+00:00,615.22,28.4
2025-03-15 20:00:00+00:00,550.75,28.37
2025-03-15 21:00:00+00:00,461.12,28.31
2025-03-15 22:00:00+00:00,296.45,28.2
2025-03-15 23:00:00+00:00,197.1,28.08
2025-03-16 00:00:00+00:00,108.57,27.93
2025-03-16 01:00:00+00:00,25.73,27.72
2025-03-16 02:00:00+00:00,0.0,27.52
2025-03-16 03:00:00+00:00,0.0,27.49
2025-03-16 04:00:00+00:00,0.0,27.49
2025-03-16 05:00:00+00:00,0.0,27.51
2025-03-16 06:00:00+00:00,0.0,27.56
2025-03-16 07:00:00+00:00,0.0,27.59
2025-03-16 08:00:00+00:00,0.0,27.62
2025-03-16 09:00:00+00:00,0.0,27.65
2025-03-16 10:00:00+00:00,0.0,27.69
2025-03-16 11:00:00+00:00,0.0,27.7
2025-03-16 12:00:00+00:00,0.0,27.73
2025-03-16 13:00:00+00:00,0.0,27.76
2025-03-16 14:00:00+00:00,61.05,27.94
2025-03-16 15:00:00+00:00,261.3,28.34
2025-03-16 16:00:00+00:00,479.5,28.64
2025-03-16 17:00:00+00:00,647.92,28.87
2025-03-16 18:00:00+00:00,738.08,29.03
2025-03-16 19:00:00+00:00,797.6,29.17
2025-03-16 20:00:00+00:00,763.65,29.24
2025-03-16 21:00:00+00:00,633.95,29.25
2025-03-16 22:00:00+00:00,542.47,29.18
2025-03-16 23:00:00+00:00,383.02,29.0
2025-03-17 00:00:00+00:00,189.8,28.74
2025-03-17 01:00:00+00:00,40.08,28.39
2025-03-17 02:00:00+00:00,0.0,28.14
2025-03-17 03:00:00+00:00,0.0,28.0
2025-03-17 04:00:00+00:00,0.0,27.92
2025-03-17 05:00:00+00:00,0.0,27.84
2025-03-17 06:00:00+00:00,0.0,27.78
2025-03-17 07:00:00+00:00,0.0,27.71
2025-03-17 08:00:00+00:00,0.0,27.65
2025-03-17 09:00:00+00:00,0.0,27.64
2025-03-17 10:00:00+00:00,0.0,27.64
2025-03-17 11:00:00+00:00,0.0,27.66
2025-03-17 12:00:00+00:00,0.0,27.71
2025-03-17 13:00:00+00:00,0.0,27.8
2025-03-17 14:00:00+00:00,28.02,27.99
2025-03-17 15:00:00+00:00,131.27,28.3
2025-03-17 16:00:00+00:00,242.0,28.5
2025-03-17 17:00:00+00:00,467.2,28.54
2025-03-17 18:00:00+00:00,503.45,28.61
2025-03-17 19:00:00+00:00,422.58,28.7
2025-03-17 20:00:00+00:00,581.4,28.79
2025-03-17 21:00:00+00:00,496.27,28.84
2025-03-17 22:00:00+00:00,383.35,28.8
2025-03-17 23:00:00+00:00,241.93,28.66
2025-03-18 00:00:00+00:00,127.0,28.45
2025-03-18 01:00:00+00:00,24.35,28.21
2025-03-18 02:00:00+00:00,0.0,28.02
2025-03-18 03:00:00+00:00,0.0,27.94
2025-03-18 04:00:00+00:00,0.0,27.86
2025-03-18 05:00:00+00:00,0.0,27.79
2025-03-18 06:00:00+00:00,0.0,27.69
2025-03-18 07:00:00+00:00,0.0,27.59
2025-03-18 08:00:00+00:00,0.0,27.52
2025-03-18 09:00:00+00:00,0.0,27.47
2025-03-18 10:00:00+00:00,0.0,27.45
2025-03-18 11:00:00+00:00,0.0,27.44
2025-03-18 12:00:00+00:00,0.0,27.4
2025-03-18 13:00:00+00:00,0.0,27.38
2025-03-18 14:00:00+00:00,64.68,27.63
2025-03-18 15:00:00+00:00,273.38,28.08
2025-03-18 16:00:00+00:00,504.35,28.2
2025-03-18 17:00:00+00:00,697.85,28.26
2025-03-18 18:00:00+00:00,825.65,28.25
2025-03-18 19:00:00+00:00,858.05,28.15
2025-03-18 20:00:00+00:00,840.2,28.04
2025-03-18 21:00:00+00:00,721.88,27.96
2025-03-18 22:00:00+00:00,543.97,27.86
2025-03-18 23:00:00+00:00,325.52,27.84
2025-03-19 00:00:00+00:00,163.98,27.75
2025-03-19 01:00:00+00:00,24.3,27.53
2025-03-19 02:00:00+00:00,0.0,27.34
2025-03-19 03:00:00+00:00,0.0,27.29
2025-03-19 04:00:00+00:00,0.0,27.26
2025-03-19 05:00:00+00:00,0.0,27.2
2025-03-19 06:00:00+00:00,0.0,27.12
2025-03-19 07:00:00+00:00,0.0,27.04
2025-03-19 08:00:00+00:00,0.0,26.96
2025-03-19 09:00:00+00:00,0.0,26.86
2025-03-19 10:00:00+00:00,0.0,26.79
2025-03-19 11:00:00+00:00,0.0,26.78
2025-03-19 12:00:00+00:00,0.0,26.79
2025-03-19 13:00:00+00:00,0.0,26.8
2025-03-19 14:00:00+00:00,52.25,27.03
2025-03-19 15:00:00+00:00,194.82,27.54
2025-03-19 16:00:00+00:00,365.65,27.82
2025-03-19 17:00:00+00:00,628.47,28.07
2025-03-19 18:00:00+00:00,762.67,28.29
2025-03-19 19:00:00+00:00,827.58,28.45
2025-03-19 20:00:00+00:00,829.42,28.56
2025-03-19 21:00:00+00:00,740.08,28.58
2025-03-19 22:00:00+00:00,597.7,28.61
2025-03-19 23:00:00+00:00,381.42,28.64
2025-03-20 00:00:00+00:00,189.12,28.63
2025-03-20 01:00:00+00:00,37.55,28.45
2025-03-20 02:00:00+00:00,0.0,28.2
2025-03-20 03:00:00+00:00,0.0,28.15
2025-03-20 04:00:00+00:00,0.0,28.12
2025-03-20 05:00:00+00:00,0.0,28.05
2025-03-20 06:00:00+00:00,0.0,27.92
2025-03-20 07:00:00+00:00,0.0,27.77
2025-03-20 08:00:00+00:00,0.0,27.61
2025-03-20 09:00:00+00:00,0.0,27.47
2025-03-20 10:00:00+00:00,0.0,27.35
2025-03-20 11:00:00+00:00,0.0,27.28
2025-03-20 12:00:00+00:00,0.0,27.24
2025-03-20 13:00:00+00:00,0.0,27.2
2025-03-20 14:00:00+00:00,48.17,27.36
2025-03-20 15:00:00+00:00,216.5,27.64
2025-03-20 16:00:00+00:00,422.25,27.72
2025-03-20 17:00:00+00:00,497.7,27.78
2025-03-20 18:00:00+00:00,614.92,27.82
2025-03-20 19:00:00+00:00,737.12,27.85
2025-03-20 20:00:00+00:00,729.22,27.95
2025-03-20 21:00:00+00:00,663.6,28.09
2025-03-20 22:00:00+00:00,585.1,28.18
2025-03-20 23:00:00+00:00,415.3,28.23
2025-03-21 00:00:00+00:00,205.52,28.28
2025-03-21 01:00:00+00:00,40.05,28.22
2025-03-21 02:00:00+00:00,0.0,28.13
2025-03-21 03:00:00+00:00,0.0,28.14
2025-03-21 04:00:00+00:00,0.0,28.1
2025-03-21 05:00:00+00:00,0.0,27.97
2025-03-21 06:00:00+00:00,0.0,27.73
2025-03-21 07:00:00+00:00,0.0,27.52
2025-03-21 08:00:00+00:00,0.0,27.37
2025-03-21 09:00:00+00:00,0.0,27.26
2025-03-21 10:00:00+00:00,0.0,27.17
2025-03-21 11:00:00+00:00,0.0,27.1
2025-03-21 12:00:00+00:00,0.0,27.03
2025-03-21 13:00:00+00:00,0.0,26.88
2025-03-21 14:00:00+00:00,66.1,26.85
2025-03-21 15:00:00+00:00,277.7,27.04
2025-03-21 16:00:00+00:00,516.47,27.26
2025-03-21 17:00:00+00:00,698.12,27.61
2025-03-21 18:00:00+00:00,688.38,27.91
2025-03-21 19:00:00+00:00,662.88,28.14
2025-03-21 20:00:00+00:00,715.42,28.29
2025-03-21 21:00:00+00:00,662.33,28.37
2025-03-21 22:00:00+00:00,501.8,28.41
2025-03-21 23:00:00+00:00,361.9,28.38
2025-03-22 00:00:00+00:00,173.12,28.29
2025-03-22 01:00:00+00:00,33.72,28.07
2025-03-22 02:00:00+00:00,0.0,27.9
2025-03-22 03:00:00+00:00,0.0,27.77
2025-03-22 04:00:00+00:00,0.0,27.63
2025-03-22 05:00:00+00:00,0.0,27.5
2025-03-22 06:00:00+00:00,0.0,27.46
2025-03-22 07:00:00+00:00,0.0,27.55
2025-03-22 08:00:00+00:00,0.0,27.67
2025-03-22 09:00:00+00:00,0.0,27.72
2025-03-22 10:00:00+00:00,0.0,27.7
2025-03-22 11:00:00+00:00,0.0,27.56
2025-03-22 12:00:00+00:00,0.0,27.43
2025-03-22 13:00:00+00:00,0.0,27.34
2025-03-22 14:00:00+00:00,55.95,27.43
2025-03-22 15:00:00+00:00,228.95,27.73
2025-03-22 16:00:00+00:00,441.0,27.84
2025-03-22 17:00:00+00:00,619.8,27.87
2025-03-22 18:00:00+00:00,758.45,27.93
2025-03-22 19:00:00+00:00,813.25,27.99
2025-03-22 20:00:00+00:00,824.03,28.06
2025-03-22 21:00:00+00:00,678.42,28.12
2025-03-22 22:00:00+00:00,516.75,28.17
2025-03-22 23:00:00+00:00,364.12,28.07
2025-03-23 00:00:00+00:00,170.55,27.85
2025-03-23 01:00:00+00:00,29.77,27.6
2025-03-23 02:00:00+00:00,0.0,27.47
2025-03-23 03:00:00+00:00,0.0,27.43
2025-03-23 04:00:00+00:00,0.0,27.39
2025-03-23 05:00:00+00:00,0.0,27.34
2025-03-23 06:00:00+00:00,0.0,27.28
2025-03-23 07:00:00+00:00,0.0,27.2
2025-03-23 08:00:00+00:00,0.0,27.14
2025-03-23 09:00:00+00:00,0.0,27.09
2025-03-23 10:00:00+00:00,0.0,27.05
2025-03-23 11:00:00+00:00,0.0,26.96
2025-03-23 12:00:00+00:00,0.0,26.92
2025-03-23 13:00:00+00:00,0.0,26.94
2025-03-23 14:00:00+00:00,36.83,27.08
2025-03-23 15:00:00+00:00,163.25,27.37
2025-03-23 16:00:00+00:00,339.12,27.51
2025-03-23 17:00:00+00:00,523.15,27.62
2025-03-23 18:00:00+00:00,633.0,27.78
2025-03-23 19:00:00+00:00,598.0,27.97
2025-03-23 20:00:00+00:00,587.3,28.04
2025-03-23 21:00:00+00:00,529.47,27.98
2025-03-23 22:00:00+00:00,404.17,27.82
2025-03-23 23:00:00+00:00,211.23,27.7
2025-03-24 00:00:00+00:00,108.62,27.6
2025-03-24 01:00:00+00:00,11.6,27.47
2025-03-24 02:00:00+00:00,0.0,27.39
2025-03-24 03:00:00+00:00,0.0,27.4
2025-03-24 04:00:00+00:00,0.0,27.41
2025-03-24 05:00:00+00:00,0.0,27.42
2025-03-24 06:00:00+00:00,0.0,27.42
2025-03-24 07:00:00+00:00,0.0,27.37
2025-03-24 08:00:00+00:00,0.0,27.32
2025-03-24 09:00:00+00:00,0.0,27.3
2025-03-24 10:00:00+00:00,0.0,27.29
2025-03-24 11:00:00+00:00,0.0,27.3
2025-03-24 12:00:00+00:00,0.0,27.29
2025-03-24 13:00:00+00:00,0.0,27.31
2025-03-24 14:00:00+00:00,28.42,27.53
2025-03-24 15:00:00+00:00,108.88,27.97
2025-03-24 16:00:00+00:00,226.05,28.17
2025-03-24 17:00:00+00:00,304.85,28.3
2025-03-24 18:00:00+00:00,223.1,28.35
2025-03-24 19:00:00+00:00,315.9,28.3
2025-03-24 20:00:00+00:00,453.85,28.22
2025-03-24 21:00:00+00:00,413.83,28.19
2025-03-24 22:00:00+00:00,330.15,28.12
2025-03-24 23:00:00+00:00,316.65,27.96
2025-03-25 00:00:00+00:00,155.0,27.77
2025-03-25 01:00:00+00:00,31.48,27.54
2025-03-25 02:00:00+00:00,0.0,27.35
2025-03-25 03:00:00+00:00,0.0,27.29
2025-03-25 04:00:00+00:00,0.0,27.24
2025-03-25 05:00:00+00:00,0.0,27.23
2025-03-25 06:00:00+00:00,0.0,27.21
2025-03-25 07:00:00+00:00,0.0,27.23
2025-03-25 08:00:00+00:00,0.0,27.23
2025-03-25 09:00:00+00:00,0.0,27.27
2025-03-25 10:00:00+00:00,0.0,27.29
2025-03-25 11:00:00+00:00,0.0,27.32
2025-03-25 12:00:00+00:00,0.0,27.35
2025-03-25 13:00:00+00:00,0.0,27.38
2025-03-25 14:00:00+00:00,62.05,27.62
2025-03-25 15:00:00+00:00,254.6,28.12
2025-03-25 16:00:00+00:00,480.23,28.36
2025-03-25 17:00:00+00:00,686.03,28.53
2025-03-25 18:00:00+00:00,760.3,28.69
2025-03-25 19:00:00+00:00,651.3,28.77
2025-03-25 20:00:00+00:00,775.78,28.76
2025-03-25 21:00:00+00:00,705.88,28.73
2025-03-25 22:00:00+00:00,465.55,28.63
2025-03-25 23:00:00+00:00,284.6,28.51
2025-03-26 00:00:00+00:00,132.8,28.29
2025-03-26 01:00:00+00:00,21.88,28.01
2025-03-26 02:00:00+00:00,0.0,27.8
2025-03-26 03:00:00+00:00,0.0,27.72
2025-03-26 04:00:00+00:00,0.0,27.69
2025-03-26 05:00:00+00:00,0.0,27.68
2025-03-26 06:00:00+00:00,0.0,27.65
2025-03-26 07:00:00+00:00,0.0,27.53
2025-03-26 08:00:00+00:00,0.0,27.32
2025-03-26 09:00:00+00:00,0.0,27.1
2025-03-26 10:00:00+00:00,0.0,26.92
2025-03-26 11:00:00+00:00,0.0,26.87
2025-03-26 12:00:00+00:00,0.0,26.97
2025-03-26 13:00:00+00:00,0.0,27.22
2025-03-26 14:00:00+00:00,44.58,27.59
2025-03-26 15:00:00+00:00,168.65,28.05
2025-03-26 16:00:00+00:00,329.67,28.4
2025-03-26 17:00:00+00:00,459.17,28.65
2025-03-26 18:00:00+00:00,580.4,28.79
2025-03-26 19:00:00+00:00,770.65,28.89
2025-03-26 20:00:00+00:00,747.4,28.91
2025-03-26 21:00:00+00:00,642.65,28.89
2025-03-26 22:00:00+00:00,435.62,28.86
2025-03-26 23:00:00+00:00,172.02,28.79
2025-03-27 00:00:00+00:00,84.22,28.68
2025-03-27 01:00:00+00:00,13.15,28.37
2025-03-27 02:00:00+00:00,0.0,28.1
2025-03-27 03:00:00+00:00,0.0,27.94
2025-03-27 04:00:00+00:00,0.0,27.8
2025-03-27 05:00:00+00:00,0.0,27.67
2025-03-27 06:00:00+00:00,0.0,27.56
2025-03-27 07:00:00+00:00,0.0,27.45
2025-03-27 08:00:00+00:00,0.0,27.38
2025-03-27 09:00:00+00:00,0.0,27.31
2025-03-27 10:00:00+00:00,0.0,27.26
2025-03-27 11:00:00+00:00,0.0,27.24
2025-03-27 12:00:00+00:00,0.0,27.21
2025-03-27 13:00:00+00:00,0.0,27.22
2025-03-27 14:00:00+00:00,62.47,27.48
2025-03-27 15:00:00+00:00,225.2,27.98
2025-03-27 16:00:00+00:00,416.88,28.27
2025-03-27 17:00:00+00:00,612.83,28.55
2025-03-27 18:00:00+00:00,722.92,28.8
2025-03-27 19:00:00+00:00,760.1,29.01
2025-03-27 20:00:00+00:00,789.38,29.17
2025-03-27 21:00:00+00:00,615.1,29.26
2025-03-27 22:00:00+00:00,532.5,29.28
2025-03-27 23:00:00+00:00,360.67,29.2
2025-03-28 00:00:00+00:00,171.68,29.03
2025-03-28 01:00:00+00:00,30.65,28.66
2025-03-28 02:00:00+00:00,0.0,28.35
2025-03-28 03:00:00+00:00,0.0,28.26
2025-03-28 04:00:00+00:00,0.0,28.18
2025-03-28 05:00:00+00:00,0.0,28.1
2025-03-28 06:00:00+00:00,0.0,28.01
2025-03-28 07:00:00+00:00,0.0,27.89
2025-03-28 08:00:00+00:00,0.0,27.8
2025-03-28 09:00:00+00:00,0.0,27.7
2025-03-28 10:00:00+00:00,0.0,27.58
2025-03-28 11:00:00+00:00,0.0,27.47
2025-03-28 12:00:00+00:00,0.0,27.39
2025-03-28 13:00:00+00:00,0.0,27.35
2025-03-28 14:00:00+00:00,47.42,27.55
2025-03-28 15:00:00+00:00,184.57,28.02
2025-03-28 16:00:00+00:00,377.15,28.31
2025-03-28 17:00:00+00:00,586.62,28.55
2025-03-28 18:00:00+00:00,726.42,28.72
2025-03-28 19:00:00+00:00,740.75,28.86
2025-03-28 20:00:00+00:00,737.25,28.94
2025-03-28 21:00:00+00:00,582.97,28.98
2025-03-28 22:00:00+00:00,500.85,28.98
2025-03-28 23:00:00+00:00,248.93,28.92
2025-03-29 00:00:00+00:00,119.7,28.77
2025-03-29 01:00:00+00:00,22.12,28.46
2025-03-29 02:00:00+00:00,0.0,28.19
2025-03-29 03:00:00+00:00,0.0,28.09
2025-03-29 04:00:00+00:00,0.0,28.0
2025-03-29 05:00:00+00:00,0.0,27.9
2025-03-29 06:00:00+00:00,0.0,27.81
2025-03-29 07:00:00+00:00,0.0,27.7
2025-03-29 08:00:00+00:00,0.0,27.59
2025-03-29 09:00:00+00:00,0.0,27.51
2025-03-29 10:00:00+00:00,0.0,27.44
2025-03-29 11:00:00+00:00,0.0,27.39
2025-03-29 12:00:00+00:00,0.0,27.37
2025-03-29 13:00:00+00:00,0.0,27.36
2025-03-29 14:00:00+00:00,37.72,27.59
2025-03-29 15:00:00+00:00,158.12,28.08
2025-03-29 16:00:00+00:00,325.25,28.36
2025-03-29 17:00:00+00:00,541.95,28.6
2025-03-29 18:00:00+00:00,603.2,28.86
2025-03-29 19:00:00+00:00,671.03,29.1
2025-03-29 20:00:00+00:00,658.08,29.22
2025-03-29 21:00:00+00:00,572.7,29.18
2025-03-29 22:00:00+00:00,512.62,28.98
2025-03-29 23:00:00+00:00,332.48,28.67
2025-03-30 00:00:00+00:00,148.43,28.29
2025-03-30 01:00:00+00:00,27.33,27.84
2025-03-30 02:00:00+00:00,0.0,27.56
2025-03-30 03:00:00+00:00,0.0,27.49
2025-03-30 04:00:00+00:00,0.0,27.43
2025-03-30 05:00:00+00:00,0.0,27.35
2025-03-30 06:00:00+00:00,0.0,27.29
2025-03-30 07:00:00+00:00,0.0,27.26
2025-03-30 08:00:00+00:00,0.0,27.21
2025-03-30 09:00:00+00:00,0.0,27.16
2025-03-30 10:00:00+00:00,0.0,27.12
2025-03-30 11:00:00+00:00,0.0,27.11
2025-03-30 12:00:00+00:00,0.0,27.13
2025-03-30 13:00:00+00:00,0.0,27.16
2025-03-30 14:00:00+00:00,52.33,27.48
2025-03-30 15:00:00+00:00,226.45,28.09
2025-03-30 16:00:00+00:00,439.02,28.46
2025-03-30 17:00:00+00:00,577.53,28.7
2025-03-30 18:00:00+00:00,630.12,28.85
2025-03-30 19:00:00+00:00,648.8,28.94
2025-03-30 20:00:00+00:00,734.88,28.94
2025-03-30 21:00:00+00:00,673.53,28.9
2025-03-30 22:00:00+00:00,401.7,28.8
2025-03-30 23:00:00+00:00,281.08,28.67
2025-03-31 00:00:00+00:00,122.78,28.47
2025-03-31 01:00:00+00:00,19.9,28.2
2025-03-31 02:00:00+00:00,0.0,28.01
2025-03-31 03:00:00+00:00,0.0,27.97
2025-03-31 04:00:00+00:00,0.0,27.94
2025-03-31 05:00:00+00:00,0.0,27.88
2025-03-31 06:00:00+00:00,0.0,27.83
2025-03-31 07:00:00+00:00,0.0,27.74
2025-03-31 08:00:00+00:00,0.0,27.6
2025-03-31 09:00:00+00:00,0.0,27.51
2025-03-31 10:00:00+00:00,0.0,27.45
2025-03-31 11:00:00+00:00,0.0,27.38
2025-03-31 12:00:00+00:00,0.0,27.29
2025-03-31 13:00:00+00:00,0.0,27.18
2025-03-31 14:00:00+00:00,61.67,27.27
2025-03-31 15:00:00+00:00,259.62,27.58
2025-03-31 16:00:00+00:00,484.45,27.69
2025-03-31 17:00:00+00:00,669.6,27.8
2025-03-31 18:00:00+00:00,781.2,27.98
2025-03-31 19:00:00+00:00,814.03,28.17
2025-03-31 20:00:00+00:00,708.67,28.27
2025-03-31 21:00:00+00:00,735.85,28.33
2025-03-31 22:00:00+00:00,532.1,28.33
2025-03-31 23:00:00+00:00,409.27,28.26
2025-04-01 00:00:00+00:00,196.68,28.14
2025-04-01 01:00:00+00:00,31.67,27.91
2025-04-01 02:00:00+00:00,0.0,27.69
2025-04-01 03:00:00+00:00,0.0,27.67
2025-04-01 04:00:00+00:00,0.0,27.65
2025-04-01 05:00:00+00:00,0.0,27.63
2025-04-01 06:00:00+00:00,0.0,27.6
2025-04-01 07:00:00+00:00,0.0,27.53
2025-04-01 08:00:00+00:00,0.0,27.43
2025-04-01 09:00:00+00:00,0.0,27.32
2025-04-01 10:00:00+00:00,0.0,27.24
2025-04-01 11:00:00+00:00,0.0,27.19
2025-04-01 12:00:00+00:00,0.0,27.15
2025-04-01 13:00:00+00:00,0.0,27.13
2025-04-01 14:00:00+00:00,58.55,27.23
2025-04-01 15:00:00+00:00,249.05,27.5
2025-04-01 16:00:00+00:00,406.3,27.61
2025-04-01 17:00:00+00:00,589.2,27.77
2025-04-01 18:00:00+00:00,746.45,27.87
2025-04-01 19:00:00+00:00,788.8,27.94
2025-04-01 20:00:00+00:00,801.83,27.9
2025-04-01 21:00:00+00:00,667.4,27.87
2025-04-01 22:00:00+00:00,500.92,27.88
2025-04-01 23:00:00+00:00,331.0,27.87
2025-04-02 00:00:00+00:00,152.9,27.74
2025-04-02 01:00:00+00:00,27.15,27.47
2025-04-02 02:00:00+00:00,0.0,27.26
2025-04-02 03:00:00+00:00,0.0,27.23
2025-04-02 04:00:00+00:00,0.0,27.22
2025-04-02 05:00:00+00:00,0.0,27.18
2025-04-02 06:00:00+00:00,0.0,27.14
2025-04-02 07:00:00+00:00,0.0,27.09
2025-04-02 08:00:00+00:00,0.0,27.0
2025-04-02 09:00:00+00:00,0.0,26.9
2025-04-02 10:00:00+00:00,0.0,26.84
2025-04-02 11:00:00+00:00,0.0,26.81
2025-04-02 12:00:00+00:00,0.0,26.81
2025-04-02 13:00:00+00:00,0.0,26.82
2025-04-02 14:00:00+00:00,59.8,27.07
2025-04-02 15:00:00+00:00,234.9,27.55
2025-04-02 16:00:00+00:00,441.9,27.71
2025-04-02 17:00:00+00:00,634.65,27.75
2025-04-02 18:00:00+00:00,754.12,27.91
2025-04-02 19:00:00+00:00,739.1,28.13
2025-04-02 20:00:00+00:00,737.35,28.26
2025-04-02 21:00:00+00:00,704.67,28.42
2025-04-02 22:00:00+00:00,491.35,28.54
2025-04-02 23:00:00+00:00,318.52,28.63
2025-04-03 00:00:00+00:00,166.85,28.65
2025-04-03 01:00:00+00:00,26.48,28.47
2025-04-03 02:00:00+00:00,0.0,28.26
2025-04-03 03:00:00+00:00,0.0,28.23
2025-04-03 04:00:00+00:00,0.0,28.16
2025-04-03 05:00:00+00:00,0.0,28.05
2025-04-03 06:00:00+00:00,0.0,27.87
2025-04-03 07:00:00+00:00,0.0,27.65
2025-04-03 08:00:00+00:00,0.0,27.39
2025-04-03 09:00:00+00:00,0.0,27.18
2025-04-03 10:00:00+00:00,0.0,27.01
2025-04-03 11:00:00+00:00,0.0,26.9
2025-04-03 12:00:00+00:00,0.0,26.83
2025-04-03 13:00:00+00:00,0.0,26.82
2025-04-03 14:00:00+00:00,58.8,27.1
2025-04-03 15:00:00+00:00,239.8,27.56
2025-04-03 16:00:00+00:00,442.2,27.72
2025-04-03 17:00:00+00:00,594.12,27.81
2025-04-03 18:00:00+00:00,711.92,28.07
2025-04-03 19:00:00+00:00,749.95,28.39
2025-04-03 20:00:00+00:00,712.28,28.57
2025-04-03 21:00:00+00:00,721.28,28.64
2025-04-03 22:00:00+00:00,537.05,28.66
2025-04-03 23:00:00+00:00,376.12,28.67
2025-04-04 00:00:00+00:00,181.1,28.57
2025-04-04 01:00:00+00:00,28.6,28.28
2025-04-04 02:00:00+00:00,0.0,28.04
2025-04-04 03:00:00+00:00,0.0,27.95
2025-04-04 04:00:00+00:00,0.0,27.84
2025-04-04 05:00:00+00:00,0.0,27.72
2025-04-04 06:00:00+00:00,0.0,27.59
2025-04-04 07:00:00+00:00,0.0,27.45
2025-04-04 08:00:00+00:00,0.0,27.3
2025-04-04 09:00:00+00:00,0.0,27.17
2025-04-04 10:00:00+00:00,0.0,27.04
2025-04-04 11:00:00+00:00,0.0,26.95
2025-04-04 12:00:00+00:00,0.0,26.85
2025-04-04 13:00:00+00:00,0.0,26.8
2025-04-04 14:00:00+00:00,71.38,27.06
2025-04-04 15:00:00+00:00,285.48,27.74
2025-04-04 16:00:00+00:00,507.65,28.07
2025-04-04 17:00:00+00:00,676.85,28.38
2025-04-04 18:00:00+00:00,829.17,28.61
2025-04-04 19:00:00+00:00,883.47,28.83
2025-04-04 20:00:00+00:00,836.33,28.99
2025-04-04 21:00:00+00:00,778.45,29.08
2025-04-04 22:00:00+00:00,541.72,29.08
2025-04-04 23:00:00+00:00,381.3,28.95
2025-04-05 00:00:00+00:00,174.8,28.72
2025-04-05 01:00:00+00:00,29.55,28.3
2025-04-05 02:00:00+00:00,0.0,27.99
2025-04-05 03:00:00+00:00,0.0,27.87
2025-04-05 04:00:00+00:00,0.0,27.77
2025-04-05 05:00:00+00:00,0.0,27.66
2025-04-05 06:00:00+00:00,0.0,27.57
2025-04-05 07:00:00+00:00,0.0,27.48
2025-04-05 08:00:00+00:00,0.0,27.38
2025-04-05 09:00:00+00:00,0.0,27.22
2025-04-05 10:00:00+00:00,0.0,27.08
2025-04-05 11:00:00+00:00,0.0,26.97
2025-04-05 12:00:00+00:00,0.0,26.86
2025-04-05 13:00:00+00:00,0.0,26.82
2025-04-05 14:00:00+00:00,75.45,26.95
2025-04-05 15:00:00+00:00,298.17,27.47
2025-04-05 16:00:00+00:00,527.4,27.84
2025-04-05 17:00:00+00:00,674.33,28.27
2025-04-05 18:00:00+00:00,802.8,28.7
2025-04-05 19:00:00+00:00,783.35,29.1
2025-04-05 20:00:00+00:00,862.45,29.44
2025-04-05 21:00:00+00:00,796.9,29.71
2025-04-05 22:00:00+00:00,656.45,29.85
2025-04-05 23:00:00+00:00,450.9,29.86
2025-04-06 00:00:00+00:00,229.23,29.76
2025-04-06 01:00:00+00:00,34.92,29.49
2025-04-06 02:00:00+00:00,0.0,29.07
2025-04-06 03:00:00+00:00,0.0,28.77
2025-04-06 04:00:00+00:00,0.0,28.56
2025-04-06 05:00:00+00:00,0.0,28.35
2025-04-06 06:00:00+00:00,0.0,28.16
2025-04-06 07:00:00+00:00,0.0,27.95
2025-04-06 08:00:00+00:00,0.0,27.75
2025-04-06 09:00:00+00:00,0.0,27.56
2025-04-06 10:00:00+00:00,0.0,27.38
2025-04-06 11:00:00+00:00,0.0,27.23
2025-04-06 12:00:00+00:00,0.0,27.11
2025-04-06 13:00:00+00:00,0.0,27.03
2025-04-06 14:00:00+00:00,67.78,27.25
2025-04-06 15:00:00+00:00,275.62,27.87
2025-04-06 16:00:00+00:00,532.53,28.24
2025-04-06 17:00:00+00:00,726.25,28.66
2025-04-06 18:00:00+00:00,857.42,29.03
2025-04-06 19:00:00+00:00,905.38,29.33
2025-04-06 20:00:00+00:00,869.03,29.56
2025-04-06 21:00:00+00:00,765.33,29.71
2025-04-06 22:00:00+00:00,639.17,29.8
2025-04-06 23:00:00+00:00,420.12,29.84
2025-04-07 00:00:00+00:00,199.82,29.78
2025-04-07 01:00:00+00:00,30.2,29.57
2025-04-07 02:00:00+00:00,0.0,29.28
2025-04-07 03:00:00+00:00,0.0,29.07
2025-04-07 04:00:00+00:00,0.0,28.78
2025-04-07 05:00:00+00:00,0.0,28.6
2025-04-07 06:00:00+00:00,0.0,28.41
2025-04-07 07:00:00+00:00,0.0,28.18
2025-04-07 08:00:00+00:00,0.0,27.97
2025-04-07 09:00:00+00:00,0.0,27.79
2025-04-07 10:00:00+00:00,0.0,27.66
2025-04-07 11:00:00+00:00,0.0,27.55
2025-04-07 12:00:00+00:00,0.0,27.42
2025-04-07 13:00:00+00:00,0.0,27.35
2025-04-07 14:00:00+00:00,68.53,27.47
2025-04-07 15:00:00+00:00,275.27,27.9
2025-04-07 16:00:00+00:00,497.23,28.13
2025-04-07 17:00:00+00:00,697.65,28.42
2025-04-07 18:00:00+00:00,837.9,28.79
2025-04-07 19:00:00+00:00,899.03,29.21
2025-04-07 20:00:00+00:00,887.38,29.58
2025-04-07 21:00:00+00:00,814.58,29.81
2025-04-07 22:00:00+00:00,608.42,29.83
2025-04-07 23:00:00+00:00,377.77,29.73
2025-04-08 00:00:00+00:00,181.25,29.55
2025-04-08 01:00:00+00:00,27.8,29.21
2025-04-08 02:00:00+00:00,0.0,28.84
2025-04-08 03:00:00+00:00,0.0,28.64
2025-04-08 04:00:00+00:00,0.0,28.44
2025-04-08 05:00:00+00:00,0.0,28.28
2025-04-08 06:00:00+00:00,0.0,28.11
2025-04-08 07:00:00+00:00,0.0,27.98
2025-04-08 08:00:00+00:00,0.0,27.85
2025-04-08 09:00:00+00:00,0.0,27.77
2025-04-08 10:00:00+00:00,0.0,27.72
2025-04-08 11:00:00+00:00,0.0,27.67
2025-04-08 12:00:00+00:00,0.0,27.66
2025-04-08 13:00:00+00:00,0.0,27.67
2025-04-08 14:00:00+00:00,58.3,27.87
2025-04-08 15:00:00+00:00,215.32,28.29
2025-04-08 16:00:00+00:00,411.4,28.51
2025-04-08 17:00:00+00:00,633.03,28.72
2025-04-08 18:00:00+00:00,753.22,28.86
2025-04-08 19:00:00+00:00,802.83,28.89
2025-04-08 20:00:00+00:00,801.88,28.8
2025-04-08 21:00:00+00:00,742.53,28.64
2025-04-08 22:00:00+00:00,575.0,28.5
2025-04-08 23:00:00+00:00,365.48,28.39
2025-04-09 00:00:00+00:00,171.05,28.26
2025-04-09 01:00:00+00:00,27.77,28.09
2025-04-09 02:00:00+00:00,0.0,27.89
2025-04-09 03:00:00+00:00,0.0,27.8
2025-04-09 04:00:00+00:00,0.0,27.73
2025-04-09 05:00:00+00:00,0.0,27.66
2025-04-09 06:00:00+00:00,0.0,27.55
2025-04-09 07:00:00+00:00,0.0,27.44
2025-04-09 08:00:00+00:00,0.0,27.33
2025-04-09 09:00:00+00:00,0.0,27.24
2025-04-09 10:00:00+00:00,0.0,27.16
2025-04-09 11:00:00+00:00,0.0,27.08
2025-04-09 12:00:00+00:00,0.0,27.04
2025-04-09 13:00:00+00:00,0.0,27.02
2025-04-09 14:00:00+00:00,70.53,27.13
2025-04-09 15:00:00+00:00,278.12,27.43
2025-04-09 16:00:00+00:00,504.38,27.64
2025-04-09 17:00:00+00:00,697.2,27.87
2025-04-09 18:00:00+00:00,793.65,28.1
2025-04-09 19:00:00+00:00,837.88,28.31
2025-04-09 20:00:00+00:00,822.6,28.42
2025-04-09 21:00:00+00:00,722.92,28.48
2025-04-09 22:00:00+00:00,538.22,28.52
2025-04-09 23:00:00+00:00,343.3,28.54
2025-04-10 00:00:00+00:00,160.23,28.52
2025-04-10 01:00:00+00:00,22.83,28.42
2025-04-10 02:00:00+00:00,0.0,28.2
2025-04-10 03:00:00+00:00,0.0,28.09
2025-04-10 04:00:00+00:00,0.0,27.97
2025-04-10 05:00:00+00:00,0.0,27.83
2025-04-10 06:00:00+00:00,0.0,27.7
2025-04-10 07:00:00+00:00,0.0,27.57
2025-04-10 08:00:00+00:00,0.0,27.48
2025-04-10 09:00:00+00:00,0.0,27.4
2025-04-10 10:00:00+00:00,0.0,27.36
2025-04-10 11:00:00+00:00,0.0,27.33
2025-04-10 12:00:00+00:00,0.0,27.35
2025-04-10 13:00:00+00:00,0.0,27.39
2025-04-10 14:00:00+00:00,58.2,27.6
2025-04-10 15:00:00+00:00,242.32,28.11
2025-04-10 16:00:00+00:00,463.17,28.4
2025-04-10 17:00:00+00:00,607.2,28.6
2025-04-10 18:00:00+00:00,735.08,28.81
2025-04-10 19:00:00+00:00,812.5,28.92
2025-04-10 20:00:00+00:00,742.78,29.02
2025-04-10 21:00:00+00:00,670.4,29.1
2025-04-10 22:00:00+00:00,492.12,29.16
2025-04-10 23:00:00+00:00,351.3,29.17
2025-04-11 00:00:00+00:00,166.4,29.06
2025-04-11 01:00:00+00:00,28.0,28.7
2025-04-11 02:00:00+00:00,0.0,28.31
2025-04-11 03:00:00+00:00,0.0,28.13
2025-04-11 04:00:00+00:00,0.0,28.0
2025-04-11 05:00:00+00:00,0.0,27.9
2025-04-11 06:00:00+00:00,0.0,27.89
2025-04-11 07:00:00+00:00,0.0,27.94
2025-04-11 08:00:00+00:00,0.0,27.99
2025-04-11 09:00:00+00:00,0.0,28.02
2025-04-11 10:00:00+00:00,0.0,28.01
2025-04-11 11:00:00+00:00,0.0,27.95
2025-04-11 12:00:00+00:00,0.0,27.86
2025-04-11 13:00:00+00:00,0.0,27.79
2025-04-11 14:00:00+00:00,66.2,27.95
2025-04-11 15:00:00+00:00,266.02,28.59
2025-04-11 16:00:00+00:00,483.8,28.98
2025-04-11 17:00:00+00:00,673.6,29.45
2025-04-11 18:00:00+00:00,812.7,29.84
2025-04-11 19:00:00+00:00,853.62,30.11
2025-04-11 20:00:00+00:00,829.53,30.24
2025-04-11 21:00:00+00:00,656.65,30.3
2025-04-11 22:00:00+00:00,549.53,30.29
2025-04-11 23:00:00+00:00,368.08,30.19
2025-04-12 00:00:00+00:00,170.8,30.01
2025-04-12 01:00:00+00:00,25.75,29.52
2025-04-12 02:00:00+00:00,0.0,29.09
2025-04-12 03:00:00+00:00,0.0,28.97
2025-04-12 04:00:00+00:00,0.0,28.91
2025-04-12 05:00:00+00:00,0.0,28.87
2025-04-12 06:00:00+00:00,0.0,28.77
2025-04-12 07:00:00+00:00,0.0,28.61
2025-04-12 08:00:00+00:00,0.0,28.47
2025-04-12 09:00:00+00:00,0.0,28.33
2025-04-12 10:00:00+00:00,0.0,28.23
2025-04-12 11:00:00+00:00,0.0,28.13
2025-04-12 12:00:00+00:00,0.0,28.05
2025-04-12 13:00:00+00:00,0.0,28.03
2025-04-12 14:00:00+00:00,64.07,28.14
2025-04-12 15:00:00+00:00,262.02,28.47
2025-04-12 16:00:00+00:00,476.52,28.73
2025-04-12 17:00:00+00:00,662.6,28.91
2025-04-12 18:00:00+00:00,787.6,29.1
2025-04-12 19:00:00+00:00,837.62,29.27
2025-04-12 20:00:00+00:00,828.08,29.48
2025-04-12 21:00:00+00:00,732.62,29.72
2025-04-12 22:00:00+00:00,585.25,29.82
2025-04-12 23:00:00+00:00,384.33,29.76
2025-04-13 00:00:00+00:00,178.38,29.57
2025-04-13 01:00:00+00:00,22.62,29.14
2025-04-13 02:00:00+00:00,0.0,28.72
2025-04-13 03:00:00+00:00,0.0,28.5
2025-04-13 04:00:00+00:00,0.0,28.36
2025-04-13 05:00:00+00:00,0.0,28.25
2025-04-13 06:00:00+00:00,0.0,28.2
2025-04-13 07:00:00+00:00,0.0,28.17
2025-04-13 08:00:00+00:00,0.0,28.1
2025-04-13 09:00:00+00:00,0.0,28.06
2025-04-13 10:00:00+00:00,0.0,28.04
2025-04-13 11:00:00+00:00,0.0,28.05
2025-04-13 12:00:00+00:00,0.0,28.09
2025-04-13 13:00:00+00:00,0.0,28.18
2025-04-13 14:00:00+00:00,75.32,28.41
2025-04-13 15:00:00+00:00,293.52,28.89
2025-04-13 16:00:00+00:00,532.83,29.13
2025-04-13 17:00:00+00:00,719.75,29.31
2025-04-13 18:00:00+00:00,841.28,29.45
2025-04-13 19:00:00+00:00,902.8,29.74
2025-04-13 20:00:00+00:00,878.88,30.01
2025-04-13 21:00:00+00:00,706.72,30.14
2025-04-13 22:00:00+00:00,598.55,30.19
2025-04-13 23:00:00+00:00,401.23,30.15
2025-04-14 00:00:00+00:00,186.3,30.06
2025-04-14 01:00:00+00:00,25.62,29.84
2025-04-14 02:00:00+00:00,0.0,29.51
2025-04-14 03:00:00+00:00,0.0,29.33
2025-04-14 04:00:00+00:00,0.0,29.17
2025-04-14 05:00:00+00:00,0.0,29.0
2025-04-14 06:00:00+00:00,0.0,28.81
2025-04-14 07:00:00+00:00,0.0,28.58
2025-04-14 08:00:00+00:00,0.0,28.36
2025-04-14 09:00:00+00:00,0.0,28.18
2025-04-14 10:00:00+00:00,0.0,28.07
2025-04-14 11:00:00+00:00,0.0,28.02
2025-04-14 12:00:00+00:00,0.0,27.98
2025-04-14 13:00:00+00:00,0.0,27.96
2025-04-14 14:00:00+00:00,67.6,28.18
2025-04-14 15:00:00+00:00,269.65,28.64
2025-04-14 16:00:00+00:00,485.52,28.88
2025-04-14 17:00:00+00:00,631.78,29.09
2025-04-14 18:00:00+00:00,752.85,29.26
2025-04-14 19:00:00+00:00,754.47,29.35
2025-04-14 20:00:00+00:00,669.12,29.32
2025-04-14 21:00:00+00:00,698.6,29.16
2025-04-14 22:00:00+00:00,539.9,28.96
2025-04-14 23:00:00+00:00,357.2,28.76
2025-04-15 00:00:00+00:00,160.75,28.6
2025-04-15 01:00:00+00:00,22.25,28.43
2025-04-15 02:00:00+00:00,0.0,28.25
2025-04-15 03:00:00+00:00,0.0,28.16
2025-04-15 04:00:00+00:00,0.0,28.11
2025-04-15 05:00:00+00:00,0.0,28.07
2025-04-15 06:00:00+00:00,0.0,28.04
2025-04-15 07:00:00+00:00,0.0,27.97
2025-04-15 08:00:00+00:00,0.0,27.87
2025-04-15 09:00:00+00:00,0.0,27.8
2025-04-15 10:00:00+00:00,0.0,27.72
2025-04-15 11:00:00+00:00,0.0,27.66
2025-04-15 12:00:00+00:00,0.0,27.62
2025-04-15 13:00:00+00:00,0.0,27.62
2025-04-15 14:00:00+00:00,58.25,27.76
2025-04-15 15:00:00+00:00,220.32,28.21
2025-04-15 16:00:00+00:00,410.77,28.53
2025-04-15 17:00:00+00:00,586.85,28.8
2025-04-15 18:00:00+00:00,688.38,28.92
2025-04-15 19:00:00+00:00,764.28,29.03
2025-04-15 20:00:00+00:00,802.53,29.1
2025-04-15 21:00:00+00:00,754.92,29.18
2025-04-15 22:00:00+00:00,550.05,29.18
2025-04-15 23:00:00+00:00,358.98,29.1
2025-04-16 00:00:00+00:00,168.55,29.0
2025-04-16 01:00:00+00:00,23.12,28.76
2025-04-16 02:00:00+00:00,0.0,28.57
2025-04-16 03:00:00+00:00,0.0,28.53
2025-04-16 04:00:00+00:00,0.0,28.49
2025-04-16 05:00:00+00:00,0.0,28.44
2025-04-16 06:00:00+00:00,0.0,28.4
2025-04-16 07:00:00+00:00,0.0,28.3
2025-04-16 08:00:00+00:00,0.0,28.12
2025-04-16 09:00:00+00:00,0.0,27.98
2025-04-16 10:00:00+00:00,0.0,27.89
2025-04-16 11:00:00+00:00,0.0,27.86
2025-04-16 12:00:00+00:00,0.0,27.87
2025-04-16 13:00:00+00:00,0.0,27.93
2025-04-16 14:00:00+00:00,54.15,28.13
2025-04-16 15:00:00+00:00,214.93,28.54
2025-04-16 16:00:00+00:00,403.42,28.75
2025-04-16 17:00:00+00:00,616.75,28.95
2025-04-16 18:00:00+00:00,710.15,29.0
2025-04-16 19:00:00+00:00,750.25,28.99
2025-04-16 20:00:00+00:00,691.45,28.99
2025-04-16 21:00:00+00:00,688.03,28.97
2025-04-16 22:00:00+00:00,578.88,28.88
2025-04-16 23:00:00+00:00,398.02,28.75
2025-04-17 00:00:00+00:00,182.1,28.6
2025-04-17 01:00:00+00:00,22.95,28.35
2025-04-17 02:00:00+00:00,0.0,28.17
2025-04-17 03:00:00+00:00,0.0,28.09
2025-04-17 04:00:00+00:00,0.0,28.04
2025-04-17 05:00:00+00:00,0.0,27.94
2025-04-17 06:00:00+00:00,0.0,27.86
2025-04-17 07:00:00+00:00,0.0,27.78
2025-04-17 08:00:00+00:00,0.0,27.71
2025-04-17 09:00:00+00:00,0.0,27.63
2025-04-17 10:00:00+00:00,0.0,27.54
2025-04-17 11:00:00+00:00,0.0,27.47
2025-04-17 12:00:00+00:00,0.0,27.43
2025-04-17 13:00:00+00:00,0.0,27.46
2025-04-17 14:00:00+00:00,60.7,27.63
2025-04-17 15:00:00+00:00,248.0,28.09
2025-04-17 16:00:00+00:00,458.05,28.37
2025-04-17 17:00:00+00:00,639.97,28.6
2025-04-17 18:00:00+00:00,749.47,28.79
2025-04-17 19:00:00+00:00,787.67,28.93
2025-04-17 20:00:00+00:00,801.05,29.03
2025-04-17 21:00:00+00:00,651.8,29.07
2025-04-17 22:00:00+00:00,503.02,29.01
2025-04-17 23:00:00+00:00,340.6,28.9
2025-04-18 00:00:00+00:00,144.18,28.74
2025-04-18 01:00:00+00:00,17.65,28.46
2025-04-18 02:00:00+00:00,0.0,28.26
2025-04-18 03:00:00+00:00,0.0,28.21
2025-04-18 04:00:00+00:00,0.0,28.13
2025-04-18 05:00:00+00:00,0.0,28.04
2025-04-18 06:00:00+00:00,0.0,27.89
2025-04-18 07:00:00+00:00,0.0,27.69
2025-04-18 08:00:00+00:00,0.0,27.46
2025-04-18 09:00:00+00:00,0.0,27.23
2025-04-18 10:00:00+00:00,0.0,26.99
2025-04-18 11:00:00+00:00,0.0,26.82
2025-04-18 12:00:00+00:00,0.0,26.73
2025-04-18 13:00:00+00:00,0.0,26.78
2025-04-18 14:00:00+00:00,13.93,27.01
2025-04-18 15:00:00+00:00,60.62,27.46
2025-04-18 16:00:00+00:00,100.47,27.74
2025-04-18 17:00:00+00:00,144.57,27.92
2025-04-18 18:00:00+00:00,229.55,28.06
2025-04-18 19:00:00+00:00,236.02,28.1
2025-04-18 20:00:00+00:00,210.88,28.07
2025-04-18 21:00:00+00:00,299.95,28.02
2025-04-18 22:00:00+00:00,278.73,27.89
2025-04-18 23:00:00+00:00,167.23,27.73
2025-04-19 00:00:00+00:00,95.18,27.52
2025-04-19 01:00:00+00:00,13.55,27.29
2025-04-19 02:00:00+00:00,0.0,27.18
2025-04-19 03:00:00+00:00,0.0,27.18
2025-04-19 04:00:00+00:00,0.0,27.21
2025-04-19 05:00:00+00:00,0.0,27.23
2025-04-19 06:00:00+00:00,0.0,27.22
2025-04-19 07:00:00+00:00,0.0,27.2
2025-04-19 08:00:00+00:00,0.0,27.18
2025-04-19 09:00:00+00:00,0.0,27.15
2025-04-19 10:00:00+00:00,0.0,27.14
2025-04-19 11:00:00+00:00,0.0,27.17
2025-04-19 12:00:00+00:00,0.0,27.14
2025-04-19 13:00:00+00:00,0.0,27.04
2025-04-19 14:00:00+00:00,32.62,27.02
2025-04-19 15:00:00+00:00,126.93,27.29
2025-04-19 16:00:00+00:00,244.75,27.49
2025-04-19 17:00:00+00:00,341.4,27.66
2025-04-19 18:00:00+00:00,359.23,27.87
2025-04-19 19:00:00+00:00,248.48,28.09
2025-04-19 20:00:00+00:00,172.35,28.28
2025-04-19 21:00:00+00:00,146.98,28.43
2025-04-19 22:00:00+00:00,152.82,28.44
2025-04-19 23:00:00+00:00,127.62,28.36
2025-04-20 00:00:00+00:00,75.2,28.23
2025-04-20 01:00:00+00:00,12.0,27.95
2025-04-20 02:00:00+00:00,0.0,27.75
2025-04-20 03:00:00+00:00,0.0,27.73
2025-04-20 04:00:00+00:00,0.0,27.73
2025-04-20 05:00:00+00:00,0.0,27.73
2025-04-20 06:00:00+00:00,0.0,27.72
2025-04-20 07:00:00+00:00,0.0,27.68
2025-04-20 08:00:00+00:00,0.0,27.6
2025-04-20 09:00:00+00:00,0.0,27.52
2025-04-20 10:00:00+00:00,0.0,27.5
2025-04-20 11:00:00+00:00,0.0,27.51
2025-04-20 12:00:00+00:00,0.0,27.48
2025-04-20 13:00:00+00:00,0.0,27.51
2025-04-20 14:00:00+00:00,72.0,27.74
2025-04-20 15:00:00+00:00,288.77,28.26
2025-04-20 16:00:00+00:00,517.38,28.57
2025-04-20 17:00:00+00:00,697.03,28.83
2025-04-20 18:00:00+00:00,779.35,29.04
2025-04-20 19:00:00+00:00,825.62,29.15
2025-04-20 20:00:00+00:00,826.5,29.23
2025-04-20 21:00:00+00:00,686.42,29.31
2025-04-20 22:00:00+00:00,514.78,29.31
2025-04-20 23:00:00+00:00,263.9,29.24
2025-04-21 00:00:00+00:00,119.12,29.05
2025-04-21 01:00:00+00:00,14.05,28.65
2025-04-21 02:00:00+00:00,0.0,28.27
2025-04-21 03:00:00+00:00,0.0,28.09
2025-04-21 04:00:00+00:00,0.0,27.93
2025-04-21 05:00:00+00:00,0.0,27.76
2025-04-21 06:00:00+00:00,0.0,27.64
2025-04-21 07:00:00+00:00,0.0,27.52
2025-04-21 08:00:00+00:00,0.0,27.44
2025-04-21 09:00:00+00:00,0.0,27.37
2025-04-21 10:00:00+00:00,0.0,27.34
2025-04-21 11:00:00+00:00,0.0,27.28
2025-04-21 12:00:00+00:00,0.0,27.27
2025-04-21 13:00:00+00:00,0.0,27.26
2025-04-21 14:00:00+00:00,72.3,27.51
2025-04-21 15:00:00+00:00,282.17,28.09
2025-04-21 16:00:00+00:00,498.77,28.33
2025-04-21 17:00:00+00:00,691.1,28.52
2025-04-21 18:00:00+00:00,819.58,28.67
2025-04-21 19:00:00+00:00,856.4,28.85
2025-04-21 20:00:00+00:00,840.85,29.1
2025-04-21 21:00:00+00:00,756.35,29.23
2025-04-21 22:00:00+00:00,536.58,29.28
2025-04-21 23:00:00+00:00,386.98,29.25
2025-04-22 00:00:00+00:00,180.43,29.1
2025-04-22 01:00:00+00:00,21.2,28.77
2025-04-22 02:00:00+00:00,0.0,28.42
2025-04-22 03:00:00+00:00,0.0,28.24
2025-04-22 04:00:00+00:00,0.0,28.08
2025-04-22 05:00:00+00:00,0.0,27.94
2025-04-22 06:00:00+00:00,0.0,27.85
2025-04-22 07:00:00+00:00,0.0,27.74
2025-04-22 08:00:00+00:00,0.0,27.65
2025-04-22 09:00:00+00:00,0.0,27.55
2025-04-22 10:00:00+00:00,0.0,27.47
2025-04-22 11:00:00+00:00,0.0,27.41
2025-04-22 12:00:00+00:00,0.0,27.36
2025-04-22 13:00:00+00:00,0.0,27.33
2025-04-22 14:00:00+00:00,68.57,27.61
2025-04-22 15:00:00+00:00,265.27,28.2
2025-04-22 16:00:00+00:00,471.92,28.52
2025-04-22 17:00:00+00:00,635.55,28.76
2025-04-22 18:00:00+00:00,827.5,28.9
2025-04-22 19:00:00+00:00,894.17,28.96
2025-04-22 20:00:00+00:00,876.58,28.99
2025-04-22 21:00:00+00:00,734.15,29.05
2025-04-22 22:00:00+00:00,600.8,29.01
2025-04-22 23:00:00+00:00,403.52,28.94
2025-04-23 00:00:00+00:00,188.05,28.82
2025-04-23 01:00:00+00:00,21.8,28.54
2025-04-23 02:00:00+00:00,0.0,28.24
2025-04-23 03:00:00+00:00,0.0,28.1
2025-04-23 04:00:00+00:00,0.0,27.98
2025-04-23 05:00:00+00:00,0.0,27.87
2025-04-23 06:00:00+00:00,0.0,27.79
2025-04-23 07:00:00+00:00,0.0,27.71
2025-04-23 08:00:00+00:00,0.0,27.62
2025-04-23 09:00:00+00:00,0.0,27.53
2025-04-23 10:00:00+00:00,0.0,27.46
2025-04-23 11:00:00+00:00,0.0,27.39
2025-04-23 12:00:00+00:00,0.0,27.38
2025-04-23 13:00:00+00:00,0.0,27.41
2025-04-23 14:00:00+00:00,38.88,27.69
2025-04-23 15:00:00+00:00,190.52,28.25
2025-04-23 16:00:00+00:00,368.35,28.56
2025-04-23 17:00:00+00:00,524.58,28.81
2025-04-23 18:00:00+00:00,686.85,29.05
2025-04-23 19:00:00+00:00,678.5,29.4
2025-04-23 20:00:00+00:00,608.92,29.72
2025-04-23 21:00:00+00:00,551.95,29.93
2025-04-23 22:00:00+00:00,417.05,29.98
2025-04-23 23:00:00+00:00,279.4,29.94
2025-04-24 00:00:00+00:00,125.18,29.77
2025-04-24 01:00:00+00:00,16.92,29.37
2025-04-24 02:00:00+00:00,0.0,28.97
2025-04-24 03:00:00+00:00,0.0,28.79
2025-04-24 04:00:00+00:00,0.0,28.63
2025-04-24 05:00:00+00:00,0.0,28.47
2025-04-24 06:00:00+00:00,0.0,28.32
2025-04-24 07:00:00+00:00,0.0,28.19
2025-04-24 08:00:00+00:00,0.0,28.05
2025-04-24 09:00:00+00:00,0.0,27.92
2025-04-24 10:00:00+00:00,0.0,27.81
2025-04-24 11:00:00+00:00,0.0,27.72
2025-04-24 12:00:00+00:00,0.0,27.64
2025-04-24 13:00:00+00:00,0.0,27.6
2025-04-24 14:00:00+00:00,64.05,27.8
2025-04-24 15:00:00+00:00,245.27,28.34
2025-04-24 16:00:00+00:00,455.98,28.61
2025-04-24 17:00:00+00:00,601.58,28.85
2025-04-24 18:00:00+00:00,715.78,29.09
2025-04-24 19:00:00+00:00,822.45,29.26
2025-04-24 20:00:00+00:00,850.6,29.41
2025-04-24 21:00:00+00:00,810.2,29.52
2025-04-24 22:00:00+00:00,614.58,29.52
2025-04-24 23:00:00+00:00,425.5,29.44
2025-04-25 00:00:00+00:00,203.85,29.19
2025-04-25 01:00:00+00:00,21.77,28.71
2025-04-25 02:00:00+00:00,0.0,28.26
2025-04-25 03:00:00+00:00,0.0,28.02
2025-04-25 04:00:00+00:00,0.0,27.85
2025-04-25 05:00:00+00:00,0.0,27.73
2025-04-25 06:00:00+00:00,0.0,27.65
2025-04-25 07:00:00+00:00,0.0,27.58
2025-04-25 08:00:00+00:00,0.0,27.48
2025-04-25 09:00:00+00:00,0.0,27.38
2025-04-25 10:00:00+00:00,0.0,27.29
2025-04-25 11:00:00+00:00,0.0,27.2
2025-04-25 12:00:00+00:00,0.0,27.12
2025-04-25 13:00:00+00:00,0.0,27.07
2025-04-25 14:00:00+00:00,78.55,27.29
2025-04-25 15:00:00+00:00,292.7,28.01
2025-04-25 16:00:00+00:00,529.2,28.4
2025-04-25 17:00:00+00:00,720.1,28.72
2025-04-25 18:00:00+00:00,841.42,29.02
2025-04-25 19:00:00+00:00,857.62,29.25
2025-04-25 20:00:00+00:00,838.0,29.38
2025-04-25 21:00:00+00:00,773.03,29.42
2025-04-25 22:00:00+00:00,606.17,29.33
2025-04-25 23:00:00+00:00,411.6,29.14
2025-04-26 00:00:00+00:00,192.45,28.81
2025-04-26 01:00:00+00:00,20.38,28.26
2025-04-26 02:00:00+00:00,0.0,27.79
2025-04-26 03:00:00+00:00,0.0,27.55
2025-04-26 04:00:00+00:00,0.0,27.36
2025-04-26 05:00:00+00:00,0.0,27.21
2025-04-26 06:00:00+00:00,0.0,27.12
2025-04-26 07:00:00+00:00,0.0,27.03
2025-04-26 08:00:00+00:00,0.0,26.97
2025-04-26 09:00:00+00:00,0.0,26.93
2025-04-26 10:00:00+00:00,0.0,26.92
2025-04-26 11:00:00+00:00,0.0,26.9
2025-04-26 12:00:00+00:00,0.0,26.91
2025-04-26 13:00:00+00:00,0.0,26.95
2025-04-26 14:00:00+00:00,73.0,27.19
2025-04-26 15:00:00+00:00,278.85,27.86
2025-04-26 16:00:00+00:00,491.4,28.14
2025-04-26 17:00:00+00:00,649.9,28.42
2025-04-26 18:00:00+00:00,781.35,28.67
2025-04-26 19:00:00+00:00,832.8,28.85
2025-04-26 20:00:00+00:00,838.83,28.94
2025-04-26 21:00:00+00:00,778.65,28.99
2025-04-26 22:00:00+00:00,604.8,28.95
2025-04-26 23:00:00+00:00,400.02,28.89
2025-04-27 00:00:00+00:00,187.75,28.73
2025-04-27 01:00:00+00:00,18.3,28.34
2025-04-27 02:00:00+00:00,0.0,27.95
2025-04-27 03:00:00+00:00,0.0,27.74
2025-04-27 04:00:00+00:00,0.0,27.56
2025-04-27 05:00:00+00:00,0.0,27.36
2025-04-27 06:00:00+00:00,0.0,27.15
2025-04-27 07:00:00+00:00,0.0,26.98
2025-04-27 08:00:00+00:00,0.0,26.82
2025-04-27 09:00:00+00:00,0.0,26.71
2025-04-27 10:00:00+00:00,0.0,26.61
2025-04-27 11:00:00+00:00,0.0,26.54
2025-04-27 12:00:00+00:00,0.0,26.53
2025-04-27 13:00:00+00:00,0.0,26.55
2025-04-27 14:00:00+00:00,67.0,26.92
2025-04-27 15:00:00+00:00,254.23,27.76
2025-04-27 16:00:00+00:00,443.52,28.15
2025-04-27 17:00:00+00:00,577.9,28.45
2025-04-27 18:00:00+00:00,766.45,28.74
2025-04-27 19:00:00+00:00,820.72,28.92
2025-04-27 20:00:00+00:00,862.58,28.98
2025-04-27 21:00:00+00:00,730.47,29.0
2025-04-27 22:00:00+00:00,574.53,28.95
2025-04-27 23:00:00+00:00,378.85,28.76
2025-04-28 00:00:00+00:00,159.77,28.4
2025-04-28 01:00:00+00:00,17.12,27.75
2025-04-28 02:00:00+00:00,0.0,27.13
2025-04-28 03:00:00+00:00,0.0,26.87
2025-04-28 04:00:00+00:00,0.0,26.79
2025-04-28 05:00:00+00:00,0.0,26.81
2025-04-28 06:00:00+00:00,0.0,26.85
2025-04-28 07:00:00+00:00,0.0,26.88
2025-04-28 08:00:00+00:00,0.0,26.8
2025-04-28 09:00:00+00:00,0.0,26.63
2025-04-28 10:00:00+00:00,0.0,26.43
2025-04-28 11:00:00+00:00,0.0,26.23
2025-04-28 12:00:00+00:00,0.0,26.05
2025-04-28 13:00:00+00:00,0.0,25.94
2025-04-28 14:00:00+00:00,77.47,26.22
2025-04-28 15:00:00+00:00,291.6,27.06
2025-04-28 16:00:00+00:00,531.15,27.48
2025-04-28 17:00:00+00:00,717.47,27.85
2025-04-28 18:00:00+00:00,837.85,28.16
2025-04-28 19:00:00+00:00,920.75,28.42
2025-04-28 20:00:00+00:00,893.4,28.61
2025-04-28 21:00:00+00:00,775.17,28.68
2025-04-28 22:00:00+00:00,624.4,28.65
2025-04-28 23:00:00+00:00,423.92,28.48
2025-04-29 00:00:00+00:00,195.95,28.16
2025-04-29 01:00:00+00:00,20.62,27.55
2025-04-29 02:00:00+00:00,0.0,26.95
2025-04-29 03:00:00+00:00,0.0,26.71
2025-04-29 04:00:00+00:00,0.0,26.62
2025-04-29 05:00:00+00:00,0.0,26.64
2025-04-29 06:00:00+00:00,0.0,26.72
2025-04-29 07:00:00+00:00,0.0,26.78
2025-04-29 08:00:00+00:00,0.0,26.81
2025-04-29 09:00:00+00:00,0.0,26.77
2025-04-29 10:00:00+00:00,0.0,26.65
2025-04-29 11:00:00+00:00,0.0,26.5
2025-04-29 12:00:00+00:00,0.0,26.44
2025-04-29 13:00:00+00:00,0.0,26.41
2025-04-29 14:00:00+00:00,75.03,26.75
2025-04-29 15:00:00+00:00,292.92,27.59
2025-04-29 16:00:00+00:00,512.78,28.02
2025-04-29 17:00:00+00:00,703.08,28.42
2025-04-29 18:00:00+00:00,847.08,28.75
2025-04-29 19:00:00+00:00,897.75,28.98
2025-04-29 20:00:00+00:00,885.33,29.16
2025-04-29 21:00:00+00:00,772.38,29.24
2025-04-29 22:00:00+00:00,639.3,29.23
2025-04-29 23:00:00+00:00,409.73,29.09
2025-04-30 00:00:00+00:00,191.18,28.75
2025-04-30 01:00:00+00:00,18.65,28.14
2025-04-30 02:00:00+00:00,0.0,27.61
2025-04-30 03:00:00+00:00,0.0,27.37
2025-04-30 04:00:00+00:00,0.0,27.2
2025-04-30 05:00:00+00:00,0.0,27.12
2025-04-30 06:00:00+00:00,0.0,27.09
2025-04-30 07:00:00+00:00,0.0,27.05
2025-04-30 08:00:00+00:00,0.0,27.0
2025-04-30 09:00:00+00:00,0.0,26.99
2025-04-30 10:00:00+00:00,0.0,26.96
2025-04-30 11:00:00+00:00,0.0,26.99
2025-04-30 12:00:00+00:00,0.0,27.06
2025-04-30 13:00:00+00:00,0.0,27.1
2025-04-30 14:00:00+00:00,62.7,27.35
2025-04-30 15:00:00+00:00,244.55,27.91
2025-04-30 16:00:00+00:00,451.33,28.18
2025-04-30 17:00:00+00:00,591.67,28.46
2025-04-30 18:00:00+00:00,709.62,28.69
2025-04-30 19:00:00+00:00,748.08,28.89
2025-04-30 20:00:00+00:00,708.08,28.98
2025-04-30 21:00:00+00:00,625.92,28.91
2025-04-30 22:00:00+00:00,502.42,28.72
2025-04-30 23:00:00+00:00,336.45,28.5
2025-05-01 00:00:00+00:00,161.9,28.22
2025-05-01 01:00:00+00:00,18.55,27.81
2025-05-01 02:00:00+00:00,0.0,27.5
2025-05-01 03:00:00+00:00,0.0,27.34
2025-05-01 04:00:00+00:00,0.0,27.23
2025-05-01 05:00:00+00:00,0.0,27.12
2025-05-01 06:00:00+00:00,0.0,27.08
2025-05-01 07:00:00+00:00,0.0,27.1
2025-05-01 08:00:00+00:00,0.0,27.09
2025-05-01 09:00:00+00:00,0.0,27.05
2025-05-01 10:00:00+00:00,0.0,27.02
2025-05-01 11:00:00+00:00,0.0,27.0
2025-05-01 12:00:00+00:00,0.0,27.02
2025-05-01 13:00:00+00:00,0.0,27.05
2025-05-01 14:00:00+00:00,64.15,27.36
2025-05-01 15:00:00+00:00,237.75,28.0
2025-05-01 16:00:00+00:00,506.1,28.26
2025-05-01 17:00:00+00:00,644.9,28.48
2025-05-01 18:00:00+00:00,697.88,28.77
2025-05-01 19:00:00+00:00,737.35,29.06
2025-05-01 20:00:00+00:00,741.7,29.33
2025-05-01 21:00:00+00:00,714.9,29.47
2025-05-01 22:00:00+00:00,536.47,29.54
2025-05-01 23:00:00+00:00,348.77,29.52
2025-05-02 00:00:00+00:00,152.38,29.39
2025-05-02 01:00:00+00:00,16.6,29.04
2025-05-02 02:00:00+00:00,0.0,28.68
2025-05-02 03:00:00+00:00,0.0,28.51
2025-05-02 04:00:00+00:00,0.0,28.34
2025-05-02 05:00:00+00:00,0.0,28.17
2025-05-02 06:00:00+00:00,0.0,27.99
2025-05-02 07:00:00+00:00,0.0,27.79
2025-05-02 08:00:00+00:00,0.0,27.57
2025-05-02 09:00:00+00:00,0.0,27.41
2025-05-02 10:00:00+00:00,0.0,27.29
2025-05-02 11:00:00+00:00,0.0,27.23
2025-05-02 12:00:00+00:00,0.0,27.21
2025-05-02 13:00:00+00:00,0.0,27.2
2025-05-02 14:00:00+00:00,68.95,27.44
2025-05-02 15:00:00+00:00,269.8,28.0
2025-05-02 16:00:00+00:00,483.8,28.35
2025-05-02 17:00:00+00:00,596.1,28.65
2025-05-02 18:00:00+00:00,761.38,28.92
2025-05-02 19:00:00+00:00,778.7,29.1
2025-05-02 20:00:00+00:00,722.45,29.18
2025-05-02 21:00:00+00:00,644.15,29.21
2025-05-02 22:00:00+00:00,463.42,29.16
2025-05-02 23:00:00+00:00,301.38,29.06
2025-05-03 00:00:00+00:00,125.7,28.9
2025-05-03 01:00:00+00:00,15.2,28.55
2025-05-03 02:00:00+00:00,0.0,28.27
2025-05-03 03:00:00+00:00,0.0,28.17
2025-05-03 04:00:00+00:00,0.0,28.1
2025-05-03 05:00:00+00:00,0.0,28.06
2025-05-03 06:00:00+00:00,0.0,28.01
2025-05-03 07:00:00+00:00,0.0,27.87
2025-05-03 08:00:00+00:00,0.0,27.74
2025-05-03 09:00:00+00:00,0.0,27.59
2025-05-03 10:00:00+00:00,0.0,27.47
2025-05-03 11:00:00+00:00,0.0,27.35
2025-05-03 12:00:00+00:00,0.0,27.22
2025-05-03 13:00:00+00:00,0.0,27.11
2025-05-03 14:00:00+00:00,60.9,27.2
2025-05-03 15:00:00+00:00,234.45,27.81
2025-05-03 16:00:00+00:00,415.12,28.23
2025-05-03 17:00:00+00:00,467.42,28.55
2025-05-03 18:00:00+00:00,536.3,28.81
2025-05-03 19:00:00+00:00,638.97,29.02
2025-05-03 20:00:00+00:00,620.2,29.15
2025-05-03 21:00:00+00:00,552.72,29.17
2025-05-03 22:00:00+00:00,443.17,29.1
2025-05-03 23:00:00+00:00,280.6,28.99
2025-05-04 00:00:00+00:00,121.47,28.79
2025-05-04 01:00:00+00:00,12.93,28.49
2025-05-04 02:00:00+00:00,0.0,28.22
2025-05-04 03:00:00+00:00,0.0,28.08
2025-05-04 04:00:00+00:00,0.0,27.98
2025-05-04 05:00:00+00:00,0.0,27.89
2025-05-04 06:00:00+00:00,0.0,27.81
2025-05-04 07:00:00+00:00,0.0,27.71
2025-05-04 08:00:00+00:00,0.0,27.6
2025-05-04 09:00:00+00:00,0.0,27.49
2025-05-04 10:00:00+00:00,0.0,27.41
2025-05-04 11:00:00+00:00,0.0,27.34
2025-05-04 12:00:00+00:00,0.0,27.31
2025-05-04 13:00:00+00:00,0.0,27.32
2025-05-04 14:00:00+00:00,68.62,27.47
2025-05-04 15:00:00+00:00,272.52,27.9
2025-05-04 16:00:00+00:00,480.05,28.11
2025-05-04 17:00:00+00:00,632.5,28.29
2025-05-04 18:00:00+00:00,724.03,28.44
2025-05-04 19:00:00+00:00,737.58,28.57
2025-05-04 20:00:00+00:00,725.62,28.71
2025-05-04 21:00:00+00:00,686.62,28.82
2025-05-04 22:00:00+00:00,553.75,28.85
2025-05-04 23:00:00+00:00,372.5,28.71
2025-05-05 00:00:00+00:00,163.3,28.48
2025-05-05 01:00:00+00:00,15.4,28.1
2025-05-05 02:00:00+00:00,0.0,27.8
2025-05-05 03:00:00+00:00,0.0,27.63
2025-05-05 04:00:00+00:00,0.0,27.49
2025-05-05 05:00:00+00:00,0.0,27.35
2025-05-05 06:00:00+00:00,0.0,27.21
2025-05-05 07:00:00+00:00,0.0,27.08
2025-05-05 08:00:00+00:00,0.0,26.97
2025-05-05 09:00:00+00:00,0.0,26.91
2025-05-05 10:00:00+00:00,0.0,26.92
2025-05-05 11:00:00+00:00,0.0,26.96
2025-05-05 12:00:00+00:00,0.0,27.0
2025-05-05 13:00:00+00:00,0.0,27.06
2025-05-05 14:00:00+00:00,59.9,27.2
2025-05-05 15:00:00+00:00,250.95,27.6
2025-05-05 16:00:00+00:00,477.77,27.83
2025-05-05 17:00:00+00:00,683.4,28.03
2025-05-05 18:00:00+00:00,745.47,28.26
2025-05-05 19:00:00+00:00,811.78,28.56
2025-05-05 20:00:00+00:00,807.72,28.71
2025-05-05 21:00:00+00:00,730.72,28.72
2025-05-05 22:00:00+00:00,541.0,28.68
2025-05-05 23:00:00+00:00,349.88,28.59
2025-05-06 00:00:00+00:00,154.02,28.46
2025-05-06 01:00:00+00:00,13.88,28.23
2025-05-06 02:00:00+00:00,0.0,28.03
2025-05-06 03:00:00+00:00,0.0,28.01
2025-05-06 04:00:00+00:00,0.0,28.0
2025-05-06 05:00:00+00:00,0.0,27.98
2025-05-06 06:00:00+00:00,0.0,27.93
2025-05-06 07:00:00+00:00,0.0,27.84
2025-05-06 08:00:00+00:00,0.0,27.67
2025-05-06 09:00:00+00:00,0.0,27.5
2025-05-06 10:00:00+00:00,0.0,27.38
2025-05-06 11:00:00+00:00,0.0,27.36
2025-05-06 12:00:00+00:00,0.0,27.34
2025-05-06 13:00:00+00:00,0.0,27.19
2025-05-06 14:00:00+00:00,32.75,27.03
2025-05-06 15:00:00+00:00,123.5,27.22
2025-05-06 16:00:00+00:00,142.95,27.54
2025-05-06 17:00:00+00:00,253.68,27.88
2025-05-06 18:00:00+00:00,263.3,28.02
2025-05-06 19:00:00+00:00,212.82,28.01
2025-05-06 20:00:00+00:00,236.98,27.93
2025-05-06 21:00:00+00:00,222.43,27.77
2025-05-06 22:00:00+00:00,286.45,27.57
2025-05-06 23:00:00+00:00,204.68,27.39
2025-05-07 00:00:00+00:00,92.12,27.24
2025-05-07 01:00:00+00:00,11.15,27.01
2025-05-07 02:00:00+00:00,0.0,26.85
2025-05-07 03:00:00+00:00,0.0,26.82
2025-05-07 04:00:00+00:00,0.0,26.8
2025-05-07 05:00:00+00:00,0.0,26.75
2025-05-07 06:00:00+00:00,0.0,26.64
2025-05-07 07:00:00+00:00,0.0,26.52
2025-05-07 08:00:00+00:00,0.0,26.36
2025-05-07 09:00:00+00:00,0.0,26.19
2025-05-07 10:00:00+00:00,0.0,26.05
2025-05-07 11:00:00+00:00,0.0,25.95
2025-05-07 12:00:00+00:00,0.0,25.91
2025-05-07 13:00:00+00:00,0.0,25.96
2025-05-07 14:00:00+00:00,54.55,26.18
2025-05-07 15:00:00+00:00,199.48,26.73
2025-05-07 16:00:00+00:00,354.85,27.18
2025-05-07 17:00:00+00:00,623.47,27.61
2025-05-07 18:00:00+00:00,762.17,28.0
2025-05-07 19:00:00+00:00,718.75,28.37
2025-05-07 20:00:00+00:00,518.2,28.6
2025-05-07 21:00:00+00:00,418.52,28.71
2025-05-07 22:00:00+00:00,118.35,28.68
2025-05-07 23:00:00+00:00,94.75,28.59
2025-05-08 00:00:00+00:00,41.9,28.42
2025-05-08 01:00:00+00:00,6.55,28.07
2025-05-08 02:00:00+00:00,0.0,27.75
2025-05-08 03:00:00+00:00,0.0,27.53
2025-05-08 04:00:00+00:00,0.0,27.33
2025-05-08 05:00:00+00:00,0.0,27.11
2025-05-08 06:00:00+00:00,0.0,26.95
2025-05-08 07:00:00+00:00,0.0,26.86
2025-05-08 08:00:00+00:00,0.0,26.8
2025-05-08 09:00:00+00:00,0.0,26.78
2025-05-08 10:00:00+00:00,0.0,26.75
2025-05-08 11:00:00+00:00,0.0,26.75
2025-05-08 12:00:00+00:00,0.0,26.78
2025-05-08 13:00:00+00:00,0.0,26.83
2025-05-08 14:00:00+00:00,57.7,27.04
2025-05-08 15:00:00+00:00,251.0,27.55
2025-05-08 16:00:00+00:00,468.9,27.88
2025-05-08 17:00:00+00:00,629.58,28.18
2025-05-08 18:00:00+00:00,749.33,28.44
2025-05-08 19:00:00+00:00,777.15,28.56
2025-05-08 20:00:00+00:00,724.45,28.63
2025-05-08 21:00:00+00:00,628.67,28.69
2025-05-08 22:00:00+00:00,459.42,28.74
2025-05-08 23:00:00+00:00,279.65,28.74
2025-05-09 00:00:00+00:00,115.93,28.62
2025-05-09 01:00:00+00:00,10.35,28.37
2025-05-09 02:00:00+00:00,0.0,28.2
2025-05-09 03:00:00+00:00,0.0,28.1
2025-05-09 04:00:00+00:00,0.0,28.0
2025-05-09 05:00:00+00:00,0.0,27.89
2025-05-09 06:00:00+00:00,0.0,27.76
2025-05-09 07:00:00+00:00,0.0,27.63
2025-05-09 08:00:00+00:00,0.0,27.49
2025-05-09 09:00:00+00:00,0.0,27.36
2025-05-09 10:00:00+00:00,0.0,27.27
2025-05-09 11:00:00+00:00,0.0,27.24
2025-05-09 12:00:00+00:00,0.0,27.25
2025-05-09 13:00:00+00:00,0.0,27.26
2025-05-09 14:00:00+00:00,53.17,27.42
2025-05-09 15:00:00+00:00,214.8,27.94
2025-05-09 16:00:00+00:00,398.1,28.22
2025-05-09 17:00:00+00:00,607.0,28.41
2025-05-09 18:00:00+00:00,701.97,28.59
2025-05-09 19:00:00+00:00,739.45,28.75
2025-05-09 20:00:00+00:00,784.97,28.82
2025-05-09 21:00:00+00:00,669.17,28.86
2025-05-09 22:00:00+00:00,528.22,28.91
2025-05-09 23:00:00+00:00,334.92,28.92
2025-05-10 00:00:00+00:00,145.57,28.86
2025-05-10 01:00:00+00:00,13.43,28.58
2025-05-10 02:00:00+00:00,0.0,28.33
2025-05-10 03:00:00+00:00,0.0,28.22
2025-05-10 04:00:00+00:00,0.0,28.13
2025-05-10 05:00:00+00:00,0.0,28.03
2025-05-10 06:00:00+00:00,0.0,27.92
2025-05-10 07:00:00+00:00,0.0,27.84
2025-05-10 08:00:00+00:00,0.0,27.79
2025-05-10 09:00:00+00:00,0.0,27.67
2025-05-10 10:00:00+00:00,0.0,27.53
2025-05-10 11:00:00+00:00,0.0,27.38
2025-05-10 12:00:00+00:00,0.0,27.26
2025-05-10 13:00:00+00:00,0.0,27.19
2025-05-10 14:00:00+00:00,41.7,27.28
2025-05-10 15:00:00+00:00,167.57,27.68
2025-05-10 16:00:00+00:00,348.73,27.89
2025-05-10 17:00:00+00:00,538.47,28.15
2025-05-10 18:00:00+00:00,684.2,28.33
2025-05-10 19:00:00+00:00,665.03,28.44
2025-05-10 20:00:00+00:00,614.78,28.46
2025-05-10 21:00:00+00:00,498.8,28.49
2025-05-10 22:00:00+00:00,388.83,28.46
2025-05-10 23:00:00+00:00,235.77,28.42
2025-05-11 00:00:00+00:00,102.07,28.35
2025-05-11 01:00:00+00:00,9.35,28.14
2025-05-11 02:00:00+00:00,0.0,27.96
2025-05-11 03:00:00+00:00,0.0,27.87
2025-05-11 04:00:00+00:00,0.0,27.79
2025-05-11 05:00:00+00:00,0.0,27.72
2025-05-11 06:00:00+00:00,0.0,27.65
2025-05-11 07:00:00+00:00,0.0,27.57
2025-05-11 08:00:00+00:00,0.0,27.52
2025-05-11 09:00:00+00:00,0.0,27.45
2025-05-11 10:00:00+00:00,0.0,27.36
2025-05-11 11:00:00+00:00,0.0,27.29
2025-05-11 12:00:00+00:00,0.0,27.23
2025-05-11 13:00:00+00:00,0.0,27.19
2025-05-11 14:00:00+00:00,60.88,27.26
2025-05-11 15:00:00+00:00,259.35,27.63
2025-05-11 16:00:00+00:00,473.42,27.86
2025-05-11 17:00:00+00:00,627.72,28.1
2025-05-11 18:00:00+00:00,726.6,28.37
2025-05-11 19:00:00+00:00,803.72,28.62
2025-05-11 20:00:00+00:00,821.3,28.85
2025-05-11 21:00:00+00:00,701.97,29.02
2025-05-11 22:00:00+00:00,557.5,29.1
2025-05-11 23:00:00+00:00,341.23,29.06
2025-05-12 00:00:00+00:00,150.3,28.86
2025-05-12 01:00:00+00:00,12.18,28.36
2025-05-12 02:00:00+00:00,0.0,27.92
2025-05-12 03:00:00+00:00,0.0,27.7
2025-05-12 04:00:00+00:00,0.0,27.52
2025-05-12 05:00:00+00:00,0.0,27.4
2025-05-12 06:00:00+00:00,0.0,27.29
2025-05-12 07:00:00+00:00,0.0,27.22
2025-05-12 08:00:00+00:00,0.0,27.14
2025-05-12 09:00:00+00:00,0.0,27.07
2025-05-12 10:00:00+00:00,0.0,26.96
2025-05-12 11:00:00+00:00,0.0,26.87
2025-05-12 12:00:00+00:00,0.0,26.78
2025-05-12 13:00:00+00:00,0.0,26.72
2025-05-12 14:00:00+00:00,54.85,26.92
2025-05-12 15:00:00+00:00,236.8,27.56
2025-05-12 16:00:00+00:00,465.42,27.91
2025-05-12 17:00:00+00:00,590.53,28.22
2025-05-12 18:00:00+00:00,654.65,28.54
2025-05-12 19:00:00+00:00,736.3,28.82
2025-05-12 20:00:00+00:00,541.97,29.02
2025-05-12 21:00:00+00:00,570.08,29.14
2025-05-12 22:00:00+00:00,437.5,29.16
2025-05-12 23:00:00+00:00,278.75,29.11
2025-05-13 00:00:00+00:00,116.4,28.97
2025-05-13 01:00:00+00:00,11.8,28.62
2025-05-13 02:00:00+00:00,0.0,28.28
2025-05-13 03:00:00+00:00,0.0,28.15
2025-05-13 04:00:00+00:00,0.0,28.03
2025-05-13 05:00:00+00:00,0.0,27.91
2025-05-13 06:00:00+00:00,0.0,27.77
2025-05-13 07:00:00+00:00,0.0,27.64
2025-05-13 08:00:00+00:00,0.0,27.5
2025-05-13 09:00:00+00:00,0.0,27.34
2025-05-13 10:00:00+00:00,0.0,27.19
2025-05-13 11:00:00+00:00,0.0,27.06
2025-05-13 12:00:00+00:00,0.0,26.98
2025-05-13 13:00:00+00:00,0.0,26.94
2025-05-13 14:00:00+00:00,54.1,27.13
2025-05-13 15:00:00+00:00,234.57,27.69
2025-05-13 16:00:00+00:00,440.8,28.0
2025-05-13 17:00:00+00:00,600.58,28.28
2025-05-13 18:00:00+00:00,736.72,28.55
2025-05-13 19:00:00+00:00,794.8,28.85
2025-05-13 20:00:00+00:00,724.45,29.12
2025-05-13 21:00:00+00:00,669.03,29.35
2025-05-13 22:00:00+00:00,494.0,29.49
2025-05-13 23:00:00+00:00,315.23,29.56
2025-05-14 00:00:00+00:00,139.1,29.51
2025-05-14 01:00:00+00:00,12.18,29.25
2025-05-14 02:00:00+00:00,0.0,28.9
2025-05-14 03:00:00+00:00,0.0,28.75
2025-05-14 04:00:00+00:00,0.0,28.58
2025-05-14 05:00:00+00:00,0.0,28.39
2025-05-14 06:00:00+00:00,0.0,28.2
2025-05-14 07:00:00+00:00,0.0,27.99
2025-05-14 08:00:00+00:00,0.0,27.84
2025-05-14 09:00:00+00:00,0.0,27.68
2025-05-14 10:00:00+00:00,0.0,27.54
2025-05-14 11:00:00+00:00,0.0,27.41
2025-05-14 12:00:00+00:00,0.0,27.27
2025-05-14 13:00:00+00:00,0.0,27.19
2025-05-14 14:00:00+00:00,60.55,27.38
2025-05-14 15:00:00+00:00,225.93,27.97
2025-05-14 16:00:00+00:00,438.12,28.32
2025-05-14 17:00:00+00:00,584.42,28.74
2025-05-14 18:00:00+00:00,720.33,29.13
2025-05-14 19:00:00+00:00,807.5,29.46
2025-05-14 20:00:00+00:00,805.55,29.66
2025-05-14 21:00:00+00:00,746.25,29.75
2025-05-14 22:00:00+00:00,608.38,29.7
2025-05-14 23:00:00+00:00,403.92,29.55
2025-05-15 00:00:00+00:00,185.23,29.32
2025-05-15 01:00:00+00:00,16.33,28.92
2025-05-15 02:00:00+00:00,0.0,28.54
2025-05-15 03:00:00+00:00,0.0,28.37
2025-05-15 04:00:00+00:00,0.0,28.24
2025-05-15 05:00:00+00:00,0.0,28.14
2025-05-15 06:00:00+00:00,0.0,28.03
2025-05-15 07:00:00+00:00,0.0,27.9
2025-05-15 08:00:00+00:00,0.0,27.77
2025-05-15 09:00:00+00:00,0.0,27.62
2025-05-15 10:00:00+00:00,0.0,27.48
2025-05-15 11:00:00+00:00,0.0,27.37
2025-05-15 12:00:00+00:00,0.0,27.27
2025-05-15 13:00:00+00:00,0.0,27.23
2025-05-15 14:00:00+00:00,70.28,27.47
2025-05-15 15:00:00+00:00,282.05,28.09
2025-05-15 16:00:00+00:00,499.95,28.46
2025-05-15 17:00:00+00:00,631.4,28.78
2025-05-15 18:00:00+00:00,736.92,29.07
2025-05-15 19:00:00+00:00,802.83,29.39
2025-05-15 20:00:00+00:00,777.5,29.57
2025-05-15 21:00:00+00:00,714.78,29.66
2025-05-15 22:00:00+00:00,564.55,29.61
2025-05-15 23:00:00+00:00,373.27,29.52
2025-05-16 00:00:00+00:00,165.68,29.34
2025-05-16 01:00:00+00:00,14.2,28.95
2025-05-16 02:00:00+00:00,0.0,28.6
2025-05-16 03:00:00+00:00,0.0,28.43
2025-05-16 04:00:00+00:00,0.0,28.29
2025-05-16 05:00:00+00:00,0.0,28.16
2025-05-16 06:00:00+00:00,0.0,28.05
2025-05-16 07:00:00+00:00,0.0,27.94
2025-05-16 08:00:00+00:00,0.0,27.79
2025-05-16 09:00:00+00:00,0.0,27.64
2025-05-16 10:00:00+00:00,0.0,27.5
2025-05-16 11:00:00+00:00,0.0,27.37
2025-05-16 12:00:00+00:00,0.0,27.24
2025-05-16 13:00:00+00:00,0.0,27.11
2025-05-16 14:00:00+00:00,60.85,27.29
2025-05-16 15:00:00+00:00,252.07,27.93
2025-05-16 16:00:00+00:00,452.3,28.34
2025-05-16 17:00:00+00:00,614.78,28.71
2025-05-16 18:00:00+00:00,733.45,29.06
2025-05-16 19:00:00+00:00,785.12,29.35
2025-05-16 20:00:00+00:00,767.67,29.53
2025-05-16 21:00:00+00:00,704.97,29.59
2025-05-16 22:00:00+00:00,525.17,29.57
2025-05-16 23:00:00+00:00,347.42,29.47
2025-05-17 00:00:00+00:00,153.6,29.22
2025-05-17 01:00:00+00:00,13.75,28.69
2025-05-17 02:00:00+00:00,0.0,28.27
2025-05-17 03:00:00+00:00,0.0,28.09
2025-05-17 04:00:00+00:00,0.0,27.96
2025-05-17 05:00:00+00:00,0.0,27.82
2025-05-17 06:00:00+00:00,0.0,27.7
2025-05-17 07:00:00+00:00,0.0,27.56
2025-05-17 08:00:00+00:00,0.0,27.41
2025-05-17 09:00:00+00:00,0.0,27.28
2025-05-17 10:00:00+00:00,0.0,27.15
2025-05-17 11:00:00+00:00,0.0,27.02
2025-05-17 12:00:00+00:00,0.0,26.91
2025-05-17 13:00:00+00:00,0.0,26.86
2025-05-17 14:00:00+00:00,49.7,27.01
2025-05-17 15:00:00+00:00,209.82,27.55
2025-05-17 16:00:00+00:00,395.58,27.87
2025-05-17 17:00:00+00:00,547.28,28.17
2025-05-17 18:00:00+00:00,667.4,28.48
2025-05-17 19:00:00+00:00,716.8,28.74
2025-05-17 20:00:00+00:00,695.9,28.91
2025-05-17 21:00:00+00:00,628.67,28.99
2025-05-17 22:00:00+00:00,465.92,28.97
2025-05-17 23:00:00+00:00,302.77,28.84
2025-05-18 00:00:00+00:00,125.15,28.56
2025-05-18 01:00:00+00:00,12.95,28.0
2025-05-18 02:00:00+00:00,0.0,27.52
2025-05-18 03:00:00+00:00,0.0,27.3
2025-05-18 04:00:00+00:00,0.0,27.12
2025-05-18 05:00:00+00:00,0.0,27.02
2025-05-18 06:00:00+00:00,0.0,26.95
2025-05-18 07:00:00+00:00,0.0,26.92
2025-05-18 08:00:00+00:00,0.0,26.87
2025-05-18 09:00:00+00:00,0.0,26.8
2025-05-18 10:00:00+00:00,0.0,26.66
2025-05-18 11:00:00+00:00,0.0,26.52
2025-05-18 12:00:00+00:00,0.0,26.39
2025-05-18 13:00:00+00:00,0.0,26.32
2025-05-18 14:00:00+00:00,53.3,26.52
2025-05-18 15:00:00+00:00,212.35,27.3
2025-05-18 16:00:00+00:00,400.67,27.71
2025-05-18 17:00:00+00:00,562.6,28.02
2025-05-18 18:00:00+00:00,669.05,28.34
2025-05-18 19:00:00+00:00,733.35,28.56
2025-05-18 20:00:00+00:00,736.1,28.69
2025-05-18 21:00:00+00:00,656.53,28.73
2025-05-18 22:00:00+00:00,514.55,28.7
2025-05-18 23:00:00+00:00,325.48,28.56
2025-05-19 00:00:00+00:00,134.02,28.32
2025-05-19 01:00:00+00:00,12.12,27.84
2025-05-19 02:00:00+00:00,0.0,27.42
2025-05-19 03:00:00+00:00,0.0,27.26
2025-05-19 04:00:00+00:00,0.0,27.17
2025-05-19 05:00:00+00:00,0.0,27.09
2025-05-19 06:00:00+00:00,0.0,27.04
2025-05-19 07:00:00+00:00,0.0,26.93
2025-05-19 08:00:00+00:00,0.0,26.75
2025-05-19 09:00:00+00:00,0.0,26.52
2025-05-19 10:00:00+00:00,0.0,26.26
2025-05-19 11:00:00+00:00,0.0,26.05
2025-05-19 12:00:00+00:00,0.0,25.91
2025-05-19 13:00:00+00:00,0.0,25.83
2025-05-19 14:00:00+00:00,46.38,26.02
2025-05-19 15:00:00+00:00,208.8,26.72
2025-05-19 16:00:00+00:00,400.12,27.16
2025-05-19 17:00:00+00:00,548.92,27.53
2025-05-19 18:00:00+00:00,680.88,27.9
2025-05-19 19:00:00+00:00,767.8,28.18
2025-05-19 20:00:00+00:00,785.5,28.36
2025-05-19 21:00:00+00:00,698.6,28.47
2025-05-19 22:00:00+00:00,540.6,28.45
2025-05-19 23:00:00+00:00,336.88,28.31
2025-05-20 00:00:00+00:00,145.0,28.06
2025-05-20 01:00:00+00:00,12.23,27.61
2025-05-20 02:00:00+00:00,0.0,27.21
2025-05-20 03:00:00+00:00,0.0,27.02
2025-05-20 04:00:00+00:00,0.0,26.91
2025-05-20 05:00:00+00:00,0.0,26.83
2025-05-20 06:00:00+00:00,0.0,26.79
2025-05-20 07:00:00+00:00,0.0,26.77
2025-05-20 08:00:00+00:00,0.0,26.7
2025-05-20 09:00:00+00:00,0.0,26.57
2025-05-20 10:00:00+00:00,0.0,26.4
2025-05-20 11:00:00+00:00,0.0,26.25
2025-05-20 12:00:00+00:00,0.0,26.12
2025-05-20 13:00:00+00:00,0.0,26.01
2025-05-20 14:00:00+00:00,55.25,26.17
2025-05-20 15:00:00+00:00,232.75,26.88
2025-05-20 16:00:00+00:00,419.85,27.26
2025-05-20 17:00:00+00:00,586.53,27.61
2025-05-20 18:00:00+00:00,699.9,27.94
2025-05-20 19:00:00+00:00,743.17,28.18
2025-05-20 20:00:00+00:00,766.42,28.36
2025-05-20 21:00:00+00:00,652.67,28.42
2025-05-20 22:00:00+00:00,514.62,28.36
2025-05-20 23:00:00+00:00,305.2,28.25
2025-05-21 00:00:00+00:00,134.2,28.04
2025-05-21 01:00:00+00:00,10.88,27.58
2025-05-21 02:00:00+00:00,0.0,27.19
2025-05-21 03:00:00+00:00,0.0,26.99
2025-05-21 04:00:00+00:00,0.0,26.86
2025-05-21 05:00:00+00:00,0.0,26.74
2025-05-21 06:00:00+00:00,0.0,26.64
2025-05-21 07:00:00+00:00,0.0,26.58
2025-05-21 08:00:00+00:00,0.0,26.49
2025-05-21 09:00:00+00:00,0.0,26.4
2025-05-21 10:00:00+00:00,0.0,26.33
2025-05-21 11:00:00+00:00,0.0,26.3
2025-05-21 12:00:00+00:00,0.0,26.3
2025-05-21 13:00:00+00:00,0.0,26.31
2025-05-21 14:00:00+00:00,51.35,26.54
2025-05-21 15:00:00+00:00,228.98,27.22
2025-05-21 16:00:00+00:00,428.08,27.66
2025-05-21 17:00:00+00:00,573.12,28.05
2025-05-21 18:00:00+00:00,693.17,28.41
2025-05-21 19:00:00+00:00,707.28,28.74
2025-05-21 20:00:00+00:00,729.88,28.95
2025-05-21 21:00:00+00:00,693.8,29.04
2025-05-21 22:00:00+00:00,536.05,29.04
2025-05-21 23:00:00+00:00,334.42,28.9
2025-05-22 00:00:00+00:00,145.98,28.64
2025-05-22 01:00:00+00:00,12.23,28.12
2025-05-22 02:00:00+00:00,0.0,27.66
2025-05-22 03:00:00+00:00,0.0,27.48
2025-05-22 04:00:00+00:00,0.0,27.4
2025-05-22 05:00:00+00:00,0.0,27.32
2025-05-22 06:00:00+00:00,0.0,27.21
2025-05-22 07:00:00+00:00,0.0,27.1
2025-05-22 08:00:00+00:00,0.0,26.99
2025-05-22 09:00:00+00:00,0.0,26.91
2025-05-22 10:00:00+00:00,0.0,26.85
2025-05-22 11:00:00+00:00,0.0,26.75
2025-05-22 12:00:00+00:00,0.0,26.59
2025-05-22 13:00:00+00:00,0.0,26.45
2025-05-22 14:00:00+00:00,36.33,26.44
2025-05-22 15:00:00+00:00,145.25,26.64
2025-05-22 16:00:00+00:00,279.88,26.93
2025-05-22 17:00:00+00:00,492.98,27.29
2025-05-22 18:00:00+00:00,597.3,27.62
2025-05-22 19:00:00+00:00,648.03,27.77
2025-05-22 20:00:00+00:00,631.05,27.97
2025-05-22 21:00:00+00:00,578.97,28.22
2025-05-22 22:00:00+00:00,461.02,28.38
2025-05-22 23:00:00+00:00,290.38,28.45
2025-05-23 00:00:00+00:00,119.28,28.42
2025-05-23 01:00:00+00:00,11.35,28.14
2025-05-23 02:00:00+00:00,0.0,27.92
2025-05-23 03:00:00+00:00,0.0,27.82
2025-05-23 04:00:00+00:00,0.0,27.7
2025-05-23 05:00:00+00:00,0.0,27.56
2025-05-23 06:00:00+00:00,0.0,27.41
2025-05-23 07:00:00+00:00,0.0,27.27
2025-05-23 08:00:00+00:00,0.0,27.14
2025-05-23 09:00:00+00:00,0.0,27.04
2025-05-23 10:00:00+00:00,0.0,26.95
2025-05-23 11:00:00+00:00,0.0,26.9
2025-05-23 12:00:00+00:00,0.0,26.89
2025-05-23 13:00:00+00:00,0.0,26.89
2025-05-23 14:00:00+00:00,51.0,27.02
2025-05-23 15:00:00+00:00,227.15,27.49
2025-05-23 16:00:00+00:00,448.02,27.83
2025-05-23 17:00:00+00:00,629.25,28.2
2025-05-23 18:00:00+00:00,719.92,28.53
2025-05-23 19:00:00+00:00,775.4,28.81
2025-05-23 20:00:00+00:00,729.3,29.04
2025-05-23 21:00:00+00:00,660.22,29.18
2025-05-23 22:00:00+00:00,497.77,29.2
2025-05-23 23:00:00+00:00,325.65,29.14
2025-05-24 00:00:00+00:00,140.75,28.98
2025-05-24 01:00:00+00:00,12.07,28.54
2025-05-24 02:00:00+00:00,0.0,28.13
2025-05-24 03:00:00+00:00,0.0,27.91
2025-05-24 04:00:00+00:00,0.0,27.72
2025-05-24 05:00:00+00:00,0.0,27.62
2025-05-24 06:00:00+00:00,0.0,27.55
2025-05-24 07:00:00+00:00,0.0,27.45
2025-05-24 08:00:00+00:00,0.0,27.3
2025-05-24 09:00:00+00:00,0.0,27.13
2025-05-24 10:00:00+00:00,0.0,27.0
2025-05-24 11:00:00+00:00,0.0,26.89
2025-05-24 12:00:00+00:00,0.0,26.83
2025-05-24 13:00:00+00:00,0.0,26.85
2025-05-24 14:00:00+00:00,41.3,27.03
2025-05-24 15:00:00+00:00,175.02,27.61
2025-05-24 16:00:00+00:00,343.17,28.04
2025-05-24 17:00:00+00:00,506.67,28.47
2025-05-24 18:00:00+00:00,643.08,28.85
2025-05-24 19:00:00+00:00,700.2,29.13
2025-05-24 20:00:00+00:00,719.03,29.32
2025-05-24 21:00:00+00:00,643.9,29.52
2025-05-24 22:00:00+00:00,498.23,29.61
2025-05-24 23:00:00+00:00,301.42,29.59
2025-05-25 00:00:00+00:00,124.43,29.43
2025-05-25 01:00:00+00:00,9.9,29.05
2025-05-25 02:00:00+00:00,0.0,28.63
2025-05-25 03:00:00+00:00,0.0,28.34
2025-05-25 04:00:00+00:00,0.0,28.05
2025-05-25 05:00:00+00:00,0.0,27.75
2025-05-25 06:00:00+00:00,0.0,27.51
2025-05-25 07:00:00+00:00,0.0,27.33
2025-05-25 08:00:00+00:00,0.0,27.18
2025-05-25 09:00:00+00:00,0.0,27.04
2025-05-25 10:00:00+00:00,0.0,26.96
2025-05-25 11:00:00+00:00,0.0,26.91
2025-05-25 12:00:00+00:00,0.0,26.88
2025-05-25 13:00:00+00:00,0.0,26.89
2025-05-25 14:00:00+00:00,52.42,27.05
2025-05-25 15:00:00+00:00,250.68,27.61
2025-05-25 16:00:00+00:00,454.92,28.06
2025-05-25 17:00:00+00:00,638.08,28.46
2025-05-25 18:00:00+00:00,714.78,28.78
2025-05-25 19:00:00+00:00,761.35,28.97
2025-05-25 20:00:00+00:00,752.38,29.02
2025-05-25 21:00:00+00:00,686.45,29.02
2025-05-25 22:00:00+00:00,512.7,28.98
2025-05-25 23:00:00+00:00,323.85,28.92
2025-05-26 00:00:00+00:00,129.0,28.82
2025-05-26 01:00:00+00:00,10.62,28.57
2025-05-26 02:00:00+00:00,0.0,28.41
2025-05-26 03:00:00+00:00,0.0,28.34
2025-05-26 04:00:00+00:00,0.0,28.28
2025-05-26 05:00:00+00:00,0.0,28.21
2025-05-26 06:00:00+00:00,0.0,28.13
2025-05-26 07:00:00+00:00,0.0,28.04
2025-05-26 08:00:00+00:00,0.0,27.93
2025-05-26 09:00:00+00:00,0.0,27.85
2025-05-26 10:00:00+00:00,0.0,27.77
2025-05-26 11:00:00+00:00,0.0,27.73
2025-05-26 12:00:00+00:00,0.0,27.69
2025-05-26 13:00:00+00:00,0.0,27.69
2025-05-26 14:00:00+00:00,48.67,27.8
2025-05-26 15:00:00+00:00,215.98,28.35
2025-05-26 16:00:00+00:00,392.88,28.68
2025-05-26 17:00:00+00:00,519.95,28.94
2025-05-26 18:00:00+00:00,553.9,29.15
2025-05-26 19:00:00+00:00,594.03,29.29
2025-05-26 20:00:00+00:00,627.45,29.34
2025-05-26 21:00:00+00:00,487.42,29.3
2025-05-26 22:00:00+00:00,381.55,29.21
2025-05-26 23:00:00+00:00,227.05,29.07
2025-05-27 00:00:00+00:00,87.2,28.87
2025-05-27 01:00:00+00:00,8.35,28.55
2025-05-27 02:00:00+00:00,0.0,28.34
2025-05-27 03:00:00+00:00,0.0,28.23
2025-05-27 04:00:00+00:00,0.0,28.14
2025-05-27 05:00:00+00:00,0.0,28.02
2025-05-27 06:00:00+00:00,0.0,27.92
2025-05-27 07:00:00+00:00,0.0,27.82
2025-05-27 08:00:00+00:00,0.0,27.72
2025-05-27 09:00:00+00:00,0.0,27.62
2025-05-27 10:00:00+00:00,0.0,27.57
2025-05-27 11:00:00+00:00,0.0,27.53
2025-05-27 12:00:00+00:00,0.0,27.55
2025-05-27 13:00:00+00:00,0.0,27.58
2025-05-27 14:00:00+00:00,54.38,27.7
2025-05-27 15:00:00+00:00,243.3,28.12
2025-05-27 16:00:00+00:00,433.05,28.42
2025-05-27 17:00:00+00:00,592.2,28.63
2025-05-27 18:00:00+00:00,693.97,28.78
2025-05-27 19:00:00+00:00,701.0,28.8
2025-05-27 20:00:00+00:00,668.05,28.87
2025-05-27 21:00:00+00:00,595.97,28.86
2025-05-27 22:00:00+00:00,454.35,28.74
2025-05-27 23:00:00+00:00,281.73,28.61
2025-05-28 00:00:00+00:00,112.68,28.49
2025-05-28 01:00:00+00:00,10.02,28.3
2025-05-28 02:00:00+00:00,0.0,28.11
2025-05-28 03:00:00+00:00,0.0,27.97
2025-05-28 04:00:00+00:00,0.0,27.77
2025-05-28 05:00:00+00:00,0.0,27.61
2025-05-28 06:00:00+00:00,0.0,27.5
2025-05-28 07:00:00+00:00,0.0,27.4
2025-05-28 08:00:00+00:00,0.0,27.31
2025-05-28 09:00:00+00:00,0.0,27.24
2025-05-28 10:00:00+00:00,0.0,27.16
2025-05-28 11:00:00+00:00,0.0,27.1
2025-05-28 12:00:00+00:00,0.0,27.07
2025-05-28 13:00:00+00:00,0.0,27.03
2025-05-28 14:00:00+00:00,50.9,27.1
2025-05-28 15:00:00+00:00,245.23,27.51
2025-05-28 16:00:00+00:00,459.75,27.79
2025-05-28 17:00:00+00:00,627.35,28.12
2025-05-28 18:00:00+00:00,732.22,28.47
2025-05-28 19:00:00+00:00,797.33,28.74
2025-05-28 20:00:00+00:00,765.62,28.9
2025-05-28 21:00:00+00:00,684.83,28.99
2025-05-28 22:00:00+00:00,541.6,29.0
2025-05-28 23:00:00+00:00,351.58,28.95
2025-05-29 00:00:00+00:00,149.1,28.81
2025-05-29 01:00:00+00:00,11.95,28.55
2025-05-29 02:00:00+00:00,0.0,28.32
2025-05-29 03:00:00+00:00,0.0,28.23
2025-05-29 04:00:00+00:00,0.0,28.14
2025-05-29 05:00:00+00:00,0.0,28.04
2025-05-29 06:00:00+00:00,0.0,27.94
2025-05-29 07:00:00+00:00,0.0,27.81
2025-05-29 08:00:00+00:00,0.0,27.71
2025-05-29 09:00:00+00:00,0.0,27.62
2025-05-29 10:00:00+00:00,0.0,27.56
2025-05-29 11:00:00+00:00,0.0,27.48
2025-05-29 12:00:00+00:00,0.0,27.4
2025-05-29 13:00:00+00:00,0.0,27.36
2025-05-29 14:00:00+00:00,49.78,27.48
2025-05-29 15:00:00+00:00,237.38,27.96
2025-05-29 16:00:00+00:00,462.8,28.22
2025-05-29 17:00:00+00:00,635.5,28.43
2025-05-29 18:00:00+00:00,748.78,28.56
2025-05-29 19:00:00+00:00,792.55,28.66
2025-05-29 20:00:00+00:00,777.42,28.74
2025-05-29 21:00:00+00:00,685.95,28.8
2025-05-29 22:00:00+00:00,538.22,28.87
2025-05-29 23:00:00+00:00,327.42,28.89
2025-05-30 00:00:00+00:00,138.98,28.82
2025-05-30 01:00:00+00:00,10.88,28.56
2025-05-30 02:00:00+00:00,0.0,28.24
2025-05-30 03:00:00+00:00,0.0,28.05
2025-05-30 04:00:00+00:00,0.0,27.87
2025-05-30 05:00:00+00:00,0.0,27.72
2025-05-30 06:00:00+00:00,0.0,27.57
2025-05-30 07:00:00+00:00,0.0,27.43
2025-05-30 08:00:00+00:00,0.0,27.37
2025-05-30 09:00:00+00:00,0.0,27.37
2025-05-30 10:00:00+00:00,0.0,27.35
2025-05-30 11:00:00+00:00,0.0,27.37
2025-05-30 12:00:00+00:00,0.0,27.38
2025-05-30 13:00:00+00:00,0.0,27.38
2025-05-30 14:00:00+00:00,39.2,27.5
2025-05-30 15:00:00+00:00,198.7,27.9
2025-05-30 16:00:00+00:00,415.75,28.12
2025-05-30 17:00:00+00:00,533.75,28.24
2025-05-30 18:00:00+00:00,675.05,28.36
2025-05-30 19:00:00+00:00,719.8,28.43
2025-05-30 20:00:00+00:00,700.25,28.49
2025-05-30 21:00:00+00:00,542.38,28.54
2025-05-30 22:00:00+00:00,380.05,28.59
2025-05-30 23:00:00+00:00,237.8,28.6
2025-05-31 00:00:00+00:00,106.0,28.53
2025-05-31 01:00:00+00:00,9.0,28.29
2025-05-31 02:00:00+00:00,0.0,28.14
2025-05-31 03:00:00+00:00,0.0,28.08
2025-05-31 04:00:00+00:00,0.0,28.03
2025-05-31 05:00:00+00:00,0.0,27.98
2025-05-31 06:00:00+00:00,0.0,27.92
2025-05-31 07:00:00+00:00,0.0,27.81
2025-05-31 08:00:00+00:00,0.0,27.69
2025-05-31 09:00:00+00:00,0.0,27.6
2025-05-31 10:00:00+00:00,0.0,27.54
2025-05-31 11:00:00+00:00,0.0,27.48
2025-05-31 12:00:00+00:00,0.0,27.44
2025-05-31 13:00:00+00:00,0.0,27.36
2025-05-31 14:00:00+00:00,43.22,27.42
2025-05-31 15:00:00+00:00,210.65,27.78
2025-05-31 16:00:00+00:00,400.83,27.98
2025-05-31 17:00:00+00:00,556.25,28.15
2025-05-31 18:00:00+00:00,603.67,28.37
2025-05-31 19:00:00+00:00,622.9,28.55
2025-05-31 20:00:00+00:00,603.78,28.64
2025-05-31 21:00:00+00:00,578.5,28.64
2025-05-31 22:00:00+00:00,471.88,28.54
2025-05-31 23:00:00+00:00,302.33,28.47
2025-06-01 00:00:00+00:00,126.38,28.36
2025-06-01 01:00:00+00:00,11.1,28.1
2025-06-01 02:00:00+00:00,0.0,27.91
2025-06-01 03:00:00+00:00,0.0,27.81
2025-06-01 04:00:00+00:00,0.0,27.73
2025-06-01 05:00:00+00:00,0.0,27.67
2025-06-01 06:00:00+00:00,0.0,27.63
2025-06-01 07:00:00+00:00,0.0,27.58
2025-06-01 08:00:00+00:00,0.0,27.5
2025-06-01 09:00:00+00:00,0.0,27.41
2025-06-01 10:00:00+00:00,0.0,27.34
2025-06-01 11:00:00+00:00,0.0,27.27
2025-06-01 12:00:00+00:00,0.0,27.2
2025-06-01 13:00:00+00:00,0.0,27.12
2025-06-01 14:00:00+00:00,43.83,27.19
2025-06-01 15:00:00+00:00,199.1,27.67
2025-06-01 16:00:00+00:00,378.7,27.99
2025-06-01 17:00:00+00:00,513.03,28.23
2025-06-01 18:00:00+00:00,584.58,28.45
2025-06-01 19:00:00+00:00,607.58,28.61
2025-06-01 20:00:00+00:00,576.8,28.74
2025-06-01 21:00:00+00:00,519.92,28.85
2025-06-01 22:00:00+00:00,351.77,28.89
2025-06-01 23:00:00+00:00,223.68,28.85
2025-06-02 00:00:00+00:00,98.82,28.7
2025-06-02 01:00:00+00:00,8.73,28.37
2025-06-02 02:00:00+00:00,0.0,28.03
2025-06-02 03:00:00+00:00,0.0,27.88
2025-06-02 04:00:00+00:00,0.0,27.75
2025-06-02 05:00:00+00:00,0.0,27.67
2025-06-02 06:00:00+00:00,0.0,27.57
2025-06-02 07:00:00+00:00,0.0,27.41
2025-06-02 08:00:00+00:00,0.0,27.24
2025-06-02 09:00:00+00:00,0.0,27.12
2025-06-02 10:00:00+00:00,0.0,27.0
2025-06-02 11:00:00+00:00,0.0,26.92
2025-06-02 12:00:00+00:00,0.0,26.86
2025-06-02 13:00:00+00:00,0.0,26.79
2025-06-02 14:00:00+00:00,34.45,26.91
2025-06-02 15:00:00+00:00,149.98,27.34
2025-06-02 16:00:00+00:00,306.67,27.58
2025-06-02 17:00:00+00:00,408.7,27.75
2025-06-02 18:00:00+00:00,505.15,27.84
2025-06-02 19:00:00+00:00,594.25,27.92
2025-06-02 20:00:00+00:00,631.95,27.91
2025-06-02 21:00:00+00:00,582.88,27.72
2025-06-02 22:00:00+00:00,435.62,27.54
2025-06-02 23:00:00+00:00,272.85,27.5
2025-06-03 00:00:00+00:00,122.32,27.53
2025-06-03 01:00:00+00:00,9.62,27.49
2025-06-03 02:00:00+00:00,0.0,27.41
2025-06-03 03:00:00+00:00,0.0,27.34
2025-06-03 04:00:00+00:00,0.0,27.21
2025-06-03 05:00:00+00:00,0.0,27.19
2025-06-03 06:00:00+00:00,0.0,27.13
2025-06-03 07:00:00+00:00,0.0,27.07
2025-06-03 08:00:00+00:00,0.0,27.0
2025-06-03 09:00:00+00:00,0.0,26.9
2025-06-03 10:00:00+00:00,0.0,26.84
2025-06-03 11:00:00+00:00,0.0,26.75
2025-06-03 12:00:00+00:00,0.0,26.7
2025-06-03 13:00:00+00:00,0.0,26.64
2025-06-03 14:00:00+00:00,25.35,26.74
2025-06-03 15:00:00+00:00,123.78,27.21
2025-06-03 16:00:00+00:00,252.65,27.42
2025-06-03 17:00:00+00:00,344.23,27.56
2025-06-03 18:00:00+00:00,450.5,27.69
2025-06-03 19:00:00+00:00,441.6,27.9
2025-06-03 20:00:00+00:00,410.38,28.1
2025-06-03 21:00:00+00:00,342.95,28.13
2025-06-03 22:00:00+00:00,338.2,28.11
2025-06-03 23:00:00+00:00,208.85,28.08
2025-06-04 00:00:00+00:00,84.5,27.95
2025-06-04 01:00:00+00:00,8.68,27.69
2025-06-04 02:00:00+00:00,0.0,27.44
2025-06-04 03:00:00+00:00,0.0,27.35
2025-06-04 04:00:00+00:00,0.0,27.28
2025-06-04 05:00:00+00:00,0.0,27.21
2025-06-04 06:00:00+00:00,0.0,27.1
2025-06-04 07:00:00+00:00,0.0,26.95
2025-06-04 08:00:00+00:00,0.0,26.79
2025-06-04 09:00:00+00:00,0.0,26.7
2025-06-04 10:00:00+00:00,0.0,26.65
2025-06-04 11:00:00+00:00,0.0,26.64
2025-06-04 12:00:00+00:00,0.0,26.63
2025-06-04 13:00:00+00:00,0.0,26.69
2025-06-04 14:00:00+00:00,33.97,26.87
2025-06-04 15:00:00+00:00,156.9,27.4
2025-06-04 16:00:00+00:00,315.17,27.72
2025-06-04 17:00:00+00:00,506.23,28.01
2025-06-04 18:00:00+00:00,634.1,28.25
2025-06-04 19:00:00+00:00,677.75,28.39
2025-06-04 20:00:00+00:00,516.6,28.46
2025-06-04 21:00:00+00:00,503.58,28.52
2025-06-04 22:00:00+00:00,356.9,28.55
2025-06-04 23:00:00+00:00,226.8,28.53
2025-06-05 00:00:00+00:00,95.35,28.43
2025-06-05 01:00:00+00:00,9.27,28.08
2025-06-05 02:00:00+00:00,0.0,27.73
2025-06-05 03:00:00+00:00,0.0,27.53
2025-06-05 04:00:00+00:00,0.0,27.35
2025-06-05 05:00:00+00:00,0.0,27.21
2025-06-05 06:00:00+00:00,0.0,27.09
2025-06-05 07:00:00+00:00,0.0,26.98
2025-06-05 08:00:00+00:00,0.0,26.86
2025-06-05 09:00:00+00:00,0.0,26.75
2025-06-05 10:00:00+00:00,0.0,26.63
2025-06-05 11:00:00+00:00,0.0,26.51
2025-06-05 12:00:00+00:00,0.0,26.45
2025-06-05 13:00:00+00:00,0.0,26.42
2025-06-05 14:00:00+00:00,31.08,26.54
2025-06-05 15:00:00+00:00,144.43,26.99
2025-06-05 16:00:00+00:00,267.62,27.24
2025-06-05 17:00:00+00:00,414.85,27.45
2025-06-05 18:00:00+00:00,417.67,27.62
2025-06-05 19:00:00+00:00,448.17,27.72
2025-06-05 20:00:00+00:00,519.5,27.71
2025-06-05 21:00:00+00:00,469.92,27.66
2025-06-05 22:00:00+00:00,352.33,27.55
2025-06-05 23:00:00+00:00,227.9,27.44
2025-06-06 00:00:00+00:00,104.9,27.38
2025-06-06 01:00:00+00:00,9.12,27.24
2025-06-06 02:00:00+00:00,0.0,27.15
2025-06-06 03:00:00+00:00,0.0,27.14
2025-06-06 04:00:00+00:00,0.0,27.14
2025-06-06 05:00:00+00:00,0.0,27.11
2025-06-06 06:00:00+00:00,0.0,27.08
2025-06-06 07:00:00+00:00,0.0,27.02
2025-06-06 08:00:00+00:00,0.0,26.98
2025-06-06 09:00:00+00:00,0.0,26.93
2025-06-06 10:00:00+00:00,0.0,26.9
2025-06-06 11:00:00+00:00,0.0,26.87
2025-06-06 12:00:00+00:00,0.0,26.83
2025-06-06 13:00:00+00:00,0.0,26.78
2025-06-06 14:00:00+00:00,26.77,26.84
2025-06-06 15:00:00+00:00,138.35,27.18
2025-06-06 16:00:00+00:00,242.18,27.34
2025-06-06 17:00:00+00:00,382.55,27.52
2025-06-06 18:00:00+00:00,495.38,27.77
2025-06-06 19:00:00+00:00,465.15,28.06
2025-06-06 20:00:00+00:00,547.45,28.25
2025-06-06 21:00:00+00:00,435.85,28.36
2025-06-06 22:00:00+00:00,385.83,28.33
2025-06-06 23:00:00+00:00,249.2,28.26
2025-06-07 00:00:00+00:00,107.03,28.08
2025-06-07 01:00:00+00:00,11.57,27.73
2025-06-07 02:00:00+00:00,0.0,27.47
2025-06-07 03:00:00+00:00,0.0,27.38
2025-06-07 04:00:00+00:00,0.0,27.28
2025-06-07 05:00:00+00:00,0.0,27.16
2025-06-07 06:00:00+00:00,0.0,27.06
2025-06-07 07:00:00+00:00,0.0,26.97
2025-06-07 08:00:00+00:00,0.0,26.92
2025-06-07 09:00:00+00:00,0.0,26.93
2025-06-07 10:00:00+00:00,0.0,26.89
2025-06-07 11:00:00+00:00,0.0,26.8
2025-06-07 12:00:00+00:00,0.0,26.73
2025-06-07 13:00:00+00:00,0.0,26.65
2025-06-07 14:00:00+00:00,39.22,26.8
2025-06-07 15:00:00+00:00,210.8,27.45
2025-06-07 16:00:00+00:00,432.05,27.85
2025-06-07 17:00:00+00:00,614.3,28.21
2025-06-07 18:00:00+00:00,721.83,28.55
2025-06-07 19:00:00+00:00,752.97,28.83
2025-06-07 20:00:00+00:00,760.28,29.03
2025-06-07 21:00:00+00:00,690.58,29.13
2025-06-07 22:00:00+00:00,543.7,29.15
2025-06-07 23:00:00+00:00,336.27,29.08
2025-06-08 00:00:00+00:00,149.73,28.87
2025-06-08 01:00:00+00:00,13.15,28.4
2025-06-08 02:00:00+00:00,0.0,27.98
2025-06-08 03:00:00+00:00,0.0,27.76
2025-06-08 04:00:00+00:00,0.0,27.56
2025-06-08 05:00:00+00:00,0.0,27.37
2025-06-08 06:00:00+00:00,0.0,27.2
2025-06-08 07:00:00+00:00,0.0,27.08
2025-06-08 08:00:00+00:00,0.0,26.98
2025-06-08 09:00:00+00:00,0.0,26.87
2025-06-08 10:00:00+00:00,0.0,26.77
2025-06-08 11:00:00+00:00,0.0,26.71
2025-06-08 12:00:00+00:00,0.0,26.68
2025-06-08 13:00:00+00:00,0.0,26.65
2025-06-08 14:00:00+00:00,43.78,26.81
2025-06-08 15:00:00+00:00,212.23,27.45
2025-06-08 16:00:00+00:00,424.83,27.77
2025-06-08 17:00:00+00:00,504.0,28.02
2025-06-08 18:00:00+00:00,699.25,28.26
2025-06-08 19:00:00+00:00,684.95,28.44
2025-06-08 20:00:00+00:00,746.05,28.54
2025-06-08 21:00:00+00:00,647.6,28.57
2025-06-08 22:00:00+00:00,499.02,28.52
2025-06-08 23:00:00+00:00,336.42,28.38
2025-06-09 00:00:00+00:00,149.73,28.15
2025-06-09 01:00:00+00:00,13.8,27.68
2025-06-09 02:00:00+00:00,0.0,27.32
2025-06-09 03:00:00+00:00,0.0,27.23
2025-06-09 04:00:00+00:00,0.0,27.2
2025-06-09 05:00:00+00:00,0.0,27.19
2025-06-09 06:00:00+00:00,0.0,27.16
2025-06-09 07:00:00+00:00,0.0,27.06
2025-06-09 08:00:00+00:00,0.0,26.86
2025-06-09 09:00:00+00:00,0.0,26.61
2025-06-09 10:00:00+00:00,0.0,26.37
2025-06-09 11:00:00+00:00,0.0,26.22
2025-06-09 12:00:00+00:00,0.0,26.11
2025-06-09 13:00:00+00:00,0.0,26.06
2025-06-09 14:00:00+00:00,49.33,26.22
2025-06-09 15:00:00+00:00,241.07,26.85
2025-06-09 16:00:00+00:00,454.7,27.09
2025-06-09 17:00:00+00:00,631.7,27.19
2025-06-09 18:00:00+00:00,752.5,27.36
2025-06-09 19:00:00+00:00,817.28,27.55
2025-06-09 20:00:00+00:00,801.28,27.75
2025-06-09 21:00:00+00:00,715.72,27.94
2025-06-09 22:00:00+00:00,557.72,28.05
2025-06-09 23:00:00+00:00,373.02,28.03
2025-06-10 00:00:00+00:00,168.2,27.88
2025-06-10 01:00:00+00:00,15.15,27.5
2025-06-10 02:00:00+00:00,0.0,27.18
2025-06-10 03:00:00+00:00,0.0,27.05
2025-06-10 04:00:00+00:00,0.0,26.99
2025-06-10 05:00:00+00:00,0.0,26.93
2025-06-10 06:00:00+00:00,0.0,26.88
2025-06-10 07:00:00+00:00,0.0,26.8
2025-06-10 08:00:00+00:00,0.0,26.72
2025-06-10 09:00:00+00:00,0.0,26.68
2025-06-10 10:00:00+00:00,0.0,26.6
2025-06-10 11:00:00+00:00,0.0,26.54
2025-06-10 12:00:00+00:00,0.0,26.49
2025-06-10 13:00:00+00:00,0.0,26.42
2025-06-10 14:00:00+00:00,38.4,26.51
2025-06-10 15:00:00+00:00,195.55,27.0
2025-06-10 16:00:00+00:00,383.5,27.3
2025-06-10 17:00:00+00:00,566.6,27.54
2025-06-10 18:00:00+00:00,626.83,27.82
2025-06-10 19:00:00+00:00,717.62,28.1
2025-06-10 20:00:00+00:00,668.25,28.29
2025-06-10 21:00:00+00:00,631.58,28.44
2025-06-10 22:00:00+00:00,489.67,28.5
2025-06-10 23:00:00+00:00,312.95,28.43
2025-06-11 00:00:00+00:00,137.12,28.28
2025-06-11 01:00:00+00:00,12.82,27.88
2025-06-11 02:00:00+00:00,0.0,27.52
2025-06-11 03:00:00+00:00,0.0,27.37
2025-06-11 04:00:00+00:00,0.0,27.27
2025-06-11 05:00:00+00:00,0.0,27.18
2025-06-11 06:00:00+00:00,0.0,27.13
2025-06-11 07:00:00+00:00,0.0,27.07
2025-06-11 08:00:00+00:00,0.0,26.97
2025-06-11 09:00:00+00:00,0.0,26.85
2025-06-11 10:00:00+00:00,0.0,26.76
2025-06-11 11:00:00+00:00,0.0,26.68
2025-06-11 12:00:00+00:00,0.0,26.64
2025-06-11 13:00:00+00:00,0.0,26.57
2025-06-11 14:00:00+00:00,28.75,26.68
2025-06-11 15:00:00+00:00,145.02,27.28
2025-06-11 16:00:00+00:00,320.98,27.67
2025-06-11 17:00:00+00:00,445.95,28.04
2025-06-11 18:00:00+00:00,489.77,28.34
2025-06-11 19:00:00+00:00,723.03,28.55
2025-06-11 20:00:00+00:00,736.65,28.65
2025-06-11 21:00:00+00:00,670.22,28.63
2025-06-11 22:00:00+00:00,510.95,28.55
2025-06-11 23:00:00+00:00,325.1,28.4
2025-06-12 00:00:00+00:00,143.38,28.14
2025-06-12 01:00:00+00:00,12.62,27.75
2025-06-12 02:00:00+00:00,0.0,27.46
2025-06-12 03:00:00+00:00,0.0,27.34
2025-06-12 04:00:00+00:00,0.0,27.22
2025-06-12 05:00:00+00:00,0.0,27.09
2025-06-12 06:00:00+00:00,0.0,26.93
2025-06-12 07:00:00+00:00,0.0,26.83
2025-06-12 08:00:00+00:00,0.0,26.75
2025-06-12 09:00:00+00:00,0.0,26.74
2025-06-12 10:00:00+00:00,0.0,26.73
2025-06-12 11:00:00+00:00,0.0,26.71
2025-06-12 12:00:00+00:00,0.0,26.67
2025-06-12 13:00:00+00:00,0.0,26.63
2025-06-12 14:00:00+00:00,34.65,26.79
2025-06-12 15:00:00+00:00,156.77,27.4
2025-06-12 16:00:00+00:00,314.55,27.78
2025-06-12 17:00:00+00:00,452.95,28.14
2025-06-12 18:00:00+00:00,604.78,28.48
2025-06-12 19:00:00+00:00,678.03,28.73
2025-06-12 20:00:00+00:00,588.83,28.82
2025-06-12 21:00:00+00:00,544.65,28.79
2025-06-12 22:00:00+00:00,350.0,28.68
2025-06-12 23:00:00+00:00,222.4,28.52
2025-06-13 00:00:00+00:00,97.6,28.32
2025-06-13 01:00:00+00:00,9.3,28.01
2025-06-13 02:00:00+00:00,0.0,27.73
2025-06-13 03:00:00+00:00,0.0,27.62
2025-06-13 04:00:00+00:00,0.0,27.54
2025-06-13 05:00:00+00:00,0.0,27.47
2025-06-13 06:00:00+00:00,0.0,27.37
2025-06-13 07:00:00+00:00,0.0,27.24
2025-06-13 08:00:00+00:00,0.0,27.1
2025-06-13 09:00:00+00:00,0.0,26.95
2025-06-13 10:00:00+00:00,0.0,26.83
2025-06-13 11:00:00+00:00,0.0,26.74
2025-06-13 12:00:00+00:00,0.0,26.67
2025-06-13 13:00:00+00:00,0.0,26.64
2025-06-13 14:00:00+00:00,32.38,26.78
2025-06-13 15:00:00+00:00,164.1,27.27
2025-06-13 16:00:00+00:00,327.67,27.55
2025-06-13 17:00:00+00:00,448.8,27.81
2025-06-13 18:00:00+00:00,518.7,28.08
2025-06-13 19:00:00+00:00,543.83,28.38
2025-06-13 20:00:00+00:00,579.75,28.63
2025-06-13 21:00:00+00:00,529.95,28.81
2025-06-13 22:00:00+00:00,446.75,28.88
2025-06-13 23:00:00+00:00,258.73,28.84
2025-06-14 00:00:00+00:00,111.1,28.68
2025-06-14 01:00:00+00:00,11.4,28.25
2025-06-14 02:00:00+00:00,0.0,27.89
2025-06-14 03:00:00+00:00,0.0,27.73
2025-06-14 04:00:00+00:00,0.0,27.58
2025-06-14 05:00:00+00:00,0.0,27.43
2025-06-14 06:00:00+00:00,0.0,27.29
2025-06-14 07:00:00+00:00,0.0,27.17
2025-06-14 08:00:00+00:00,0.0,27.05
2025-06-14 09:00:00+00:00,0.0,26.95
2025-06-14 10:00:00+00:00,0.0,26.86
2025-06-14 11:00:00+00:00,0.0,26.75
2025-06-14 12:00:00+00:00,0.0,26.63
2025-06-14 13:00:00+00:00,0.0,26.5
2025-06-14 14:00:00+00:00,32.35,26.57
2025-06-14 15:00:00+00:00,176.77,27.05
2025-06-14 16:00:00+00:00,378.52,27.35
2025-06-14 17:00:00+00:00,405.73,27.61
2025-06-14 18:00:00+00:00,630.9,27.87
2025-06-14 19:00:00+00:00,657.0,28.09
2025-06-14 20:00:00+00:00,695.53,28.27
2025-06-14 21:00:00+00:00,617.85,28.39
2025-06-14 22:00:00+00:00,459.23,28.45
2025-06-14 23:00:00+00:00,298.12,28.44
2025-06-15 00:00:00+00:00,132.0,28.33
2025-06-15 01:00:00+00:00,11.9,27.92
2025-06-15 02:00:00+00:00,0.0,27.57
2025-06-15 03:00:00+00:00,0.0,27.45
2025-06-15 04:00:00+00:00,0.0,27.37
2025-06-15 05:00:00+00:00,0.0,27.32
2025-06-15 06:00:00+00:00,0.0,27.25
2025-06-15 07:00:00+00:00,0.0,27.2
2025-06-15 08:00:00+00:00,0.0,27.14
2025-06-15 09:00:00+00:00,0.0,27.06
2025-06-15 10:00:00+00:00,0.0,27.0
2025-06-15 11:00:00+00:00,0.0,26.97
2025-06-15 12:00:00+00:00,0.0,26.95
2025-06-15 13:00:00+00:00,0.0,26.91
2025-06-15 14:00:00+00:00,34.35,26.98
2025-06-15 15:00:00+00:00,186.0,27.52
2025-06-15 16:00:00+00:00,365.42,27.88
2025-06-15 17:00:00+00:00,504.83,28.18
2025-06-15 18:00:00+00:00,631.17,28.52
2025-06-15 19:00:00+00:00,721.95,28.8
2025-06-15 20:00:00+00:00,754.62,28.98
2025-06-15 21:00:00+00:00,667.08,29.01
2025-06-15 22:00:00+00:00,528.55,28.91
2025-06-15 23:00:00+00:00,308.77,28.7
2025-06-16 00:00:00+00:00,137.0,28.4
2025-06-16 01:00:00+00:00,12.0,27.86
2025-06-16 02:00:00+00:00,0.0,27.49
2025-06-16 03:00:00+00:00,0.0,27.3
2025-06-16 04:00:00+00:00,0.0,27.15
2025-06-16 05:00:00+00:00,0.0,27.05
2025-06-16 06:00:00+00:00,0.0,26.98
2025-06-16 07:00:00+00:00,0.0,26.91
2025-06-16 08:00:00+00:00,0.0,26.8
2025-06-16 09:00:00+00:00,0.0,26.66
2025-06-16 10:00:00+00:00,0.0,26.53
2025-06-16 11:00:00+00:00,0.0,26.39
2025-06-16 12:00:00+00:00,0.0,26.26
2025-06-16 13:00:00+00:00,0.0,26.11
2025-06-16 14:00:00+00:00,39.85,26.19
2025-06-16 15:00:00+00:00,219.5,26.94
2025-06-16 16:00:00+00:00,423.73,27.37
2025-06-16 17:00:00+00:00,601.17,27.68
2025-06-16 18:00:00+00:00,723.78,27.98
2025-06-16 19:00:00+00:00,793.6,28.24
2025-06-16 20:00:00+00:00,783.45,28.46
2025-06-16 21:00:00+00:00,706.28,28.61
2025-06-16 22:00:00+00:00,569.03,28.66
2025-06-16 23:00:00+00:00,377.9,28.59
2025-06-17 00:00:00+00:00,168.62,28.36
2025-06-17 01:00:00+00:00,15.2,27.8
2025-06-17 02:00:00+00:00,0.0,27.26
2025-06-17 03:00:00+00:00,0.0,26.97
2025-06-17 04:00:00+00:00,0.0,26.76
2025-06-17 05:00:00+00:00,0.0,26.63
2025-06-17 06:00:00+00:00,0.0,26.52
2025-06-17 07:00:00+00:00,0.0,26.44
2025-06-17 08:00:00+00:00,0.0,26.31
2025-06-17 09:00:00+00:00,0.0,26.16
2025-06-17 10:00:00+00:00,0.0,25.99
2025-06-17 11:00:00+00:00,0.0,25.81
2025-06-17 12:00:00+00:00,0.0,25.67
2025-06-17 13:00:00+00:00,0.0,25.54
2025-06-17 14:00:00+00:00,42.12,25.63
2025-06-17 15:00:00+00:00,224.8,26.15
2025-06-17 16:00:00+00:00,427.05,26.44
2025-06-17 17:00:00+00:00,608.88,26.78
2025-06-17 18:00:00+00:00,731.17,27.18
2025-06-17 19:00:00+00:00,799.97,27.53
2025-06-17 20:00:00+00:00,796.42,27.8
2025-06-17 21:00:00+00:00,727.03,27.98
2025-06-17 22:00:00+00:00,563.5,28.06
2025-06-17 23:00:00+00:00,375.45,28.0
2025-06-18 00:00:00+00:00,169.43,27.8
2025-06-18 01:00:00+00:00,15.98,27.33
2025-06-18 02:00:00+00:00,0.0,26.93
2025-06-18 03:00:00+00:00,0.0,26.74
2025-06-18 04:00:00+00:00,0.0,26.61
2025-06-18 05:00:00+00:00,0.0,26.49
2025-06-18 06:00:00+00:00,0.0,26.4
2025-06-18 07:00:00+00:00,0.0,26.32
2025-06-18 08:00:00+00:00,0.0,26.22
2025-06-18 09:00:00+00:00,0.0,26.13
2025-06-18 10:00:00+00:00,0.0,26.03
2025-06-18 11:00:00+00:00,0.0,25.98
2025-06-18 12:00:00+00:00,0.0,25.95
2025-06-18 13:00:00+00:00,0.0,25.9
2025-06-18 14:00:00+00:00,35.75,26.04
2025-06-18 15:00:00+00:00,184.48,26.85
2025-06-18 16:00:00+00:00,367.62,27.28
2025-06-18 17:00:00+00:00,559.95,27.63
2025-06-18 18:00:00+00:00,675.92,27.94
2025-06-18 19:00:00+00:00,664.92,28.2
2025-06-18 20:00:00+00:00,672.38,28.4
2025-06-18 21:00:00+00:00,647.35,28.53
2025-06-18 22:00:00+00:00,512.55,28.6
2025-06-18 23:00:00+00:00,295.42,28.57
2025-06-19 00:00:00+00:00,136.73,28.39
2025-06-19 01:00:00+00:00,12.77,27.96
2025-06-19 02:00:00+00:00,0.0,27.55
2025-06-19 03:00:00+00:00,0.0,27.36
2025-06-19 04:00:00+00:00,0.0,27.2
2025-06-19 05:00:00+00:00,0.0,27.07
2025-06-19 06:00:00+00:00,0.0,26.95
2025-06-19 07:00:00+00:00,0.0,26.86
2025-06-19 08:00:00+00:00,0.0,26.77
2025-06-19 09:00:00+00:00,0.0,26.68
2025-06-19 10:00:00+00:00,0.0,26.6
2025-06-19 11:00:00+00:00,0.0,26.5
2025-06-19 12:00:00+00:00,0.0,26.41
2025-06-19 13:00:00+00:00,0.0,26.32
2025-06-19 14:00:00+00:00,35.55,26.43
2025-06-19 15:00:00+00:00,195.4,27.09
2025-06-19 16:00:00+00:00,391.58,27.5
2025-06-19 17:00:00+00:00,577.85,27.85
2025-06-19 18:00:00+00:00,711.62,28.2
2025-06-19 19:00:00+00:00,748.5,28.55
2025-06-19 20:00:00+00:00,712.22,28.81
2025-06-19 21:00:00+00:00,655.03,28.92
2025-06-19 22:00:00+00:00,534.15,28.87
2025-06-19 23:00:00+00:00,339.0,28.7
2025-06-20 00:00:00+00:00,154.4,28.42
2025-06-20 01:00:00+00:00,14.07,28.01
2025-06-20 02:00:00+00:00,0.0,27.61
2025-06-20 03:00:00+00:00,0.0,27.38
2025-06-20 04:00:00+00:00,0.0,27.2
2025-06-20 05:00:00+00:00,0.0,27.05
2025-06-20 06:00:00+00:00,0.0,26.9
2025-06-20 07:00:00+00:00,0.0,26.74
2025-06-20 08:00:00+00:00,0.0,26.57
2025-06-20 09:00:00+00:00,0.0,26.43
2025-06-20 10:00:00+00:00,0.0,26.33
2025-06-20 11:00:00+00:00,0.0,26.27
2025-06-20 12:00:00+00:00,0.0,26.28
2025-06-20 13:00:00+00:00,0.0,26.29
2025-06-20 14:00:00+00:00,17.88,26.41
2025-06-20 15:00:00+00:00,106.1,26.66
2025-06-20 16:00:00+00:00,217.93,26.97
2025-06-20 17:00:00+00:00,322.02,27.28
2025-06-20 18:00:00+00:00,417.9,27.61
2025-06-20 19:00:00+00:00,441.83,27.93
2025-06-20 20:00:00+00:00,381.02,28.21
2025-06-20 21:00:00+00:00,380.85,28.38
2025-06-20 22:00:00+00:00,275.88,28.4
2025-06-20 23:00:00+00:00,163.68,28.29
2025-06-21 00:00:00+00:00,66.57,28.0
2025-06-21 01:00:00+00:00,8.62,27.5
2025-06-21 02:00:00+00:00,0.0,27.15
2025-06-21 03:00:00+00:00,0.0,26.92
2025-06-21 04:00:00+00:00,0.0,26.74
2025-06-21 05:00:00+00:00,0.0,26.6
2025-06-21 06:00:00+00:00,0.0,26.51
2025-06-21 07:00:00+00:00,0.0,26.44
2025-06-21 08:00:00+00:00,0.0,26.34
2025-06-21 09:00:00+00:00,0.0,26.21
2025-06-21 10:00:00+00:00,0.0,26.07
2025-06-21 11:00:00+00:00,0.0,25.95
2025-06-21 12:00:00+00:00,0.0,25.89
2025-06-21 13:00:00+00:00,0.0,25.82
2025-06-21 14:00:00+00:00,37.0,25.95
2025-06-21 15:00:00+00:00,200.27,26.68
2025-06-21 16:00:00+00:00,382.52,27.07
2025-06-21 17:00:00+00:00,584.4,27.43
2025-06-21 18:00:00+00:00,708.3,27.79
2025-06-21 19:00:00+00:00,723.95,28.09
2025-06-21 20:00:00+00:00,673.2,28.26
2025-06-21 21:00:00+00:00,547.95,28.31
2025-06-21 22:00:00+00:00,410.12,28.22
2025-06-21 23:00:00+00:00,257.33,28.0
2025-06-22 00:00:00+00:00,106.18,27.56
2025-06-22 01:00:00+00:00,12.02,26.94
2025-06-22 02:00:00+00:00,0.0,26.49
2025-06-22 03:00:00+00:00,0.0,26.29
2025-06-22 04:00:00+00:00,0.0,26.16
2025-06-22 05:00:00+00:00,0.0,26.08
2025-06-22 06:00:00+00:00,0.0,26.06
2025-06-22 07:00:00+00:00,0.0,26.06
2025-06-22 08:00:00+00:00,0.0,26.05
2025-06-22 09:00:00+00:00,0.0,25.99
2025-06-22 10:00:00+00:00,0.0,25.88
2025-06-22 11:00:00+00:00,0.0,25.73
2025-06-22 12:00:00+00:00,0.0,25.65
2025-06-22 13:00:00+00:00,0.0,25.65
2025-06-22 14:00:00+00:00,27.92,25.82
2025-06-22 15:00:00+00:00,164.85,26.59
2025-06-22 16:00:00+00:00,323.92,27.1
2025-06-22 17:00:00+00:00,532.28,27.46
2025-06-22 18:00:00+00:00,632.47,27.83
2025-06-22 19:00:00+00:00,689.0,28.13
2025-06-22 20:00:00+00:00,636.72,28.23
2025-06-22 21:00:00+00:00,463.65,28.23
2025-06-22 22:00:00+00:00,340.83,28.15
2025-06-22 23:00:00+00:00,221.68,27.95
2025-06-23 00:00:00+00:00,99.22,27.64
2025-06-23 01:00:00+00:00,13.3,27.19
2025-06-23 02:00:00+00:00,0.0,26.81
2025-06-23 03:00:00+00:00,0.0,26.69
2025-06-23 04:00:00+00:00,0.0,26.68
2025-06-23 05:00:00+00:00,0.0,26.65
2025-06-23 06:00:00+00:00,0.0,26.56
2025-06-23 07:00:00+00:00,0.0,26.43
2025-06-23 08:00:00+00:00,0.0,26.33
2025-06-23 09:00:00+00:00,0.0,26.21
2025-06-23 10:00:00+00:00,0.0,26.12
2025-06-23 11:00:00+00:00,0.0,26.07
2025-06-23 12:00:00+00:00,0.0,26.01
2025-06-23 13:00:00+00:00,0.0,25.94
2025-06-23 14:00:00+00:00,30.08,26.0
2025-06-23 15:00:00+00:00,171.85,26.42
2025-06-23 16:00:00+00:00,339.33,26.62
2025-06-23 17:00:00+00:00,540.62,26.79
2025-06-23 18:00:00+00:00,652.35,26.99
2025-06-23 19:00:00+00:00,600.17,27.17
2025-06-23 20:00:00+00:00,657.72,27.24
2025-06-23 21:00:00+00:00,575.58,27.27
2025-06-23 22:00:00+00:00,366.9,27.27
2025-06-23 23:00:00+00:00,236.05,27.28
2025-06-24 00:00:00+00:00,104.78,27.22
2025-06-24 01:00:00+00:00,10.95,26.97
2025-06-24 02:00:00+00:00,0.0,26.75
2025-06-24 03:00:00+00:00,0.0,26.68
2025-06-24 04:00:00+00:00,0.0,26.59
2025-06-24 05:00:00+00:00,0.0,26.49
2025-06-24 06:00:00+00:00,0.0,26.37
2025-06-24 07:00:00+00:00,0.0,26.26
2025-06-24 08:00:00+00:00,0.0,26.18
2025-06-24 09:00:00+00:00,0.0,26.11
2025-06-24 10:00:00+00:00,0.0,26.09
2025-06-24 11:00:00+00:00,0.0,26.02
2025-06-24 12:00:00+00:00,0.0,25.97
2025-06-24 13:00:00+00:00,0.0,25.92
2025-06-24 14:00:00+00:00,16.98,26.01
2025-06-24 15:00:00+00:00,104.68,26.59
2025-06-24 16:00:00+00:00,204.05,26.99
2025-06-24 17:00:00+00:00,352.55,27.35
2025-06-24 18:00:00+00:00,387.25,27.68
2025-06-24 19:00:00+00:00,383.02,27.9
2025-06-24 20:00:00+00:00,421.42,28.06
2025-06-24 21:00:00+00:00,367.95,28.14
2025-06-24 22:00:00+00:00,376.85,28.08
2025-06-24 23:00:00+00:00,235.23,27.92
2025-06-25 00:00:00+00:00,91.2,27.64
2025-06-25 01:00:00+00:00,10.98,27.17
2025-06-25 02:00:00+00:00,0.0,26.74
2025-06-25 03:00:00+00:00,0.0,26.52
2025-06-25 04:00:00+00:00,0.0,26.4
2025-06-25 05:00:00+00:00,0.0,26.34
2025-06-25 06:00:00+00:00,0.0,26.3
2025-06-25 07:00:00+00:00,0.0,26.25
2025-06-25 08:00:00+00:00,0.0,26.2
2025-06-25 09:00:00+00:00,0.0,26.14
2025-06-25 10:00:00+00:00,0.0,26.11
2025-06-25 11:00:00+00:00,0.0,26.12
2025-06-25 12:00:00+00:00,0.0,26.12
2025-06-25 13:00:00+00:00,0.0,26.13
2025-06-25 14:00:00+00:00,29.05,26.32
2025-06-25 15:00:00+00:00,155.88,26.97
2025-06-25 16:00:00+00:00,326.0,27.43
2025-06-25 17:00:00+00:00,493.02,27.79
2025-06-25 18:00:00+00:00,648.75,28.13
2025-06-25 19:00:00+00:00,691.03,28.35
2025-06-25 20:00:00+00:00,606.3,28.51
2025-06-25 21:00:00+00:00,462.25,28.58
2025-06-25 22:00:00+00:00,315.58,28.54
2025-06-25 23:00:00+00:00,198.1,28.45
2025-06-26 00:00:00+00:00,65.57,28.3
2025-06-26 01:00:00+00:00,11.85,27.93
2025-06-26 02:00:00+00:00,0.0,27.63
2025-06-26 03:00:00+00:00,0.0,27.51
2025-06-26 04:00:00+00:00,0.0,27.44
2025-06-26 05:00:00+00:00,0.0,27.37
2025-06-26 06:00:00+00:00,0.0,27.26
2025-06-26 07:00:00+00:00,0.0,27.14
2025-06-26 08:00:00+00:00,0.0,27.0
2025-06-26 09:00:00+00:00,0.0,26.87
2025-06-26 10:00:00+00:00,0.0,26.73
2025-06-26 11:00:00+00:00,0.0,26.58
2025-06-26 12:00:00+00:00,0.0,26.48
2025-06-26 13:00:00+00:00,0.0,26.41
2025-06-26 14:00:00+00:00,36.3,26.58
2025-06-26 15:00:00+00:00,213.5,27.22
2025-06-26 16:00:00+00:00,425.73,27.62
2025-06-26 17:00:00+00:00,603.9,27.99
2025-06-26 18:00:00+00:00,722.28,28.35
2025-06-26 19:00:00+00:00,764.5,28.61
2025-06-26 20:00:00+00:00,727.28,28.78
2025-06-26 21:00:00+00:00,651.65,28.84
2025-06-26 22:00:00+00:00,475.95,28.83
2025-06-26 23:00:00+00:00,310.17,28.78
2025-06-27 00:00:00+00:00,142.23,28.66
2025-06-27 01:00:00+00:00,15.18,28.28
2025-06-27 02:00:00+00:00,0.0,27.91
2025-06-27 03:00:00+00:00,0.0,27.73
2025-06-27 04:00:00+00:00,0.0,27.55
2025-06-27 05:00:00+00:00,0.0,27.38
2025-06-27 06:00:00+00:00,0.0,27.18
2025-06-27 07:00:00+00:00,0.0,26.87
2025-06-27 08:00:00+00:00,0.0,26.51
2025-06-27 09:00:00+00:00,0.0,26.21
2025-06-27 10:00:00+00:00,0.0,26.0
2025-06-27 11:00:00+00:00,0.0,25.89
2025-06-27 12:00:00+00:00,0.0,25.87
2025-06-27 13:00:00+00:00,0.0,25.88
2025-06-27 14:00:00+00:00,29.7,26.09
2025-06-27 15:00:00+00:00,167.15,26.73
2025-06-27 16:00:00+00:00,344.73,27.14
2025-06-27 17:00:00+00:00,482.92,27.53
2025-06-27 18:00:00+00:00,591.88,27.94
2025-06-27 19:00:00+00:00,631.35,28.26
2025-06-27 20:00:00+00:00,620.03,28.47
2025-06-27 21:00:00+00:00,621.7,28.62
2025-06-27 22:00:00+00:00,498.73,28.7
2025-06-27 23:00:00+00:00,320.12,28.68
2025-06-28 00:00:00+00:00,140.38,28.51
2025-06-28 01:00:00+00:00,15.0,28.06
2025-06-28 02:00:00+00:00,0.0,27.62
2025-06-28 03:00:00+00:00,0.0,27.38
2025-06-28 04:00:00+00:00,0.0,27.19
2025-06-28 05:00:00+00:00,0.0,27.04
2025-06-28 06:00:00+00:00,0.0,26.89
2025-06-28 07:00:00+00:00,0.0,26.7
2025-06-28 08:00:00+00:00,0.0,26.44
2025-06-28 09:00:00+00:00,0.0,26.17
2025-06-28 10:00:00+00:00,0.0,25.92
2025-06-28 11:00:00+00:00,0.0,25.75
2025-06-28 12:00:00+00:00,0.0,25.66
2025-06-28 13:00:00+00:00,0.0,25.62
2025-06-28 14:00:00+00:00,33.28,25.82
2025-06-28 15:00:00+00:00,193.27,26.49
2025-06-28 16:00:00+00:00,387.3,26.9
2025-06-28 17:00:00+00:00,558.75,27.27
2025-06-28 18:00:00+00:00,667.42,27.63
2025-06-28 19:00:00+00:00,691.72,27.94
2025-06-28 20:00:00+00:00,687.62,28.2
2025-06-28 21:00:00+00:00,613.58,28.41
2025-06-28 22:00:00+00:00,497.45,28.56
2025-06-28 23:00:00+00:00,334.0,28.61
2025-06-29 00:00:00+00:00,153.27,28.47
2025-06-29 01:00:00+00:00,16.62,28.01
2025-06-29 02:00:00+00:00,0.0,27.52
2025-06-29 03:00:00+00:00,0.0,27.27
2025-06-29 04:00:00+00:00,0.0,27.1
2025-06-29 05:00:00+00:00,0.0,26.93
2025-06-29 06:00:00+00:00,0.0,26.79
2025-06-29 07:00:00+00:00,0.0,26.63
2025-06-29 08:00:00+00:00,0.0,26.43
2025-06-29 09:00:00+00:00,0.0,26.17
2025-06-29 10:00:00+00:00,0.0,25.9
2025-06-29 11:00:00+00:00,0.0,25.7
2025-06-29 12:00:00+00:00,0.0,25.59
2025-06-29 13:00:00+00:00,0.0,25.51
2025-06-29 14:00:00+00:00,27.27,25.63
2025-06-29 15:00:00+00:00,164.55,26.32
2025-06-29 16:00:00+00:00,332.98,26.79
2025-06-29 17:00:00+00:00,467.02,27.2
2025-06-29 18:00:00+00:00,532.2,27.57
2025-06-29 19:00:00+00:00,650.47,27.86
2025-06-29 20:00:00+00:00,725.45,28.06
2025-06-29 21:00:00+00:00,675.53,28.19
2025-06-29 22:00:00+00:00,551.08,28.26
2025-06-29 23:00:00+00:00,342.0,28.23
2025-06-30 00:00:00+00:00,157.5,28.04
2025-06-30 01:00:00+00:00,16.23,27.58
2025-06-30 02:00:00+00:00,0.0,27.13
2025-06-30 03:00:00+00:00,0.0,26.91
2025-06-30 04:00:00+00:00,0.0,26.77
2025-06-30 05:00:00+00:00,0.0,26.64
2025-06-30 06:00:00+00:00,0.0,26.51
2025-06-30 07:00:00+00:00,0.0,26.39
2025-06-30 08:00:00+00:00,0.0,26.27
2025-06-30 09:00:00+00:00,0.0,26.09
2025-06-30 10:00:00+00:00,0.0,25.87
2025-06-30 11:00:00+00:00,0.0,25.65
2025-06-30 12:00:00+00:00,0.0,25.49
2025-06-30 13:00:00+00:00,0.0,25.41
2025-06-30 14:00:00+00:00,31.5,25.6
2025-06-30 15:00:00+00:00,187.45,26.32
2025-06-30 16:00:00+00:00,377.85,26.81
2025-06-30 17:00:00+00:00,512.03,27.23
2025-06-30 18:00:00+00:00,620.85,27.62
2025-06-30 19:00:00+00:00,666.1,27.97
2025-06-30 20:00:00+00:00,690.17,28.24
2025-06-30 21:00:00+00:00,617.85,28.43
2025-06-30 22:00:00+00:00,424.77,28.5
2025-06-30 23:00:00+00:00,279.92,28.48
2025-07-01 00:00:00+00:00,129.25,28.31
2025-07-01 01:00:00+00:00,14.85,27.89
2025-07-01 02:00:00+00:00,0.0,27.44
2025-07-01 03:00:00+00:00,0.0,27.19
2025-07-01 04:00:00+00:00,0.0,26.96
2025-07-01 05:00:00+00:00,0.0,26.76
2025-07-01 06:00:00+00:00,0.0,26.59
2025-07-01 07:00:00+00:00,0.0,26.45
